generated_at,window_start,window_end,watchlist_category,game_date,game_id,game_pk,away_abbr,home_abbr,subject_team,market_type,market_type_bucket,threshold,side,market_ticker,price_bucket,last_price_cents,avg_spread_cents,last_snap_minutes_before,n_pregame_snapshots,graded,outcome,pl_cents,brain_score,calibrated_probability,candidate_status,score_bin,final_team_runs,context_favorite_underdog,opponent_starter_kbb_bucket,opponent_starter_xfip_bucket,offense_form_bucket
2026-07-29T04:53:11Z,2026-07-19,2026-07-26,expensive_yes,2026-07-19,SF@SEA,823113,SF,SEA,SEA,moneyline,moneyline,,YES,KXMLBGAME-26JUL191610SFSEA-SEA,56-65c,65.0,1.0,0.3,96,True,WIN,35.0,0.0837,0.472,,,,favorite,weak_lt_8,very_bad_5_25_plus,40_45
2026-07-29T04:53:11Z,2026-07-19,2026-07-26,expensive_yes,2026-07-19,SF@SEA,823113,SF,SEA,,full_game_total,full game totals,4.0,YES,KXMLBTOTAL-26JUL191610SFSEA-4,81-99c,87.0,1.0,0.3,96,True,WIN,13.0,,,,,,,,,
2026-07-29T04:53:11Z,2026-07-19,2026-07-26,expensive_yes,2026-07-19,SF@SEA,823113,SF,SEA,,full_game_total,full game totals,6.0,YES,KXMLBTOTAL-26JUL191610SFSEA-6,66-80c,67.0,1.0,0.3,96,True,WIN,33.0,,,,,,,,,
2026-07-29T04:53:11Z,2026-07-19,2026-07-26,expensive_yes,2026-07-19,SF@SEA,823113,SF,SEA,,full_game_total,full game totals,7.0,YES,KXMLBTOTAL-26JUL191610SFSEA-7,56-65c,58.0,1.0,0.3,96,True,WIN,42.0,,,,,,,,,
2026-07-29T04:53:11Z,2026-07-19,2026-07-26,expensive_yes,2026-07-19,SF@SEA,823113,SF,SEA,,full_game_total,full game totals,2.0,YES,KXMLBTOTAL-26JUL191610SFSEA-2,81-99c,98.0,2.0,0.3,96,True,WIN,2.0,,,,,,,,,
2026-07-29T04:53:11Z,2026-07-19,2026-07-26,expensive_yes,2026-07-19,SF@SEA,823113,SF,SEA,,full_game_total,full game totals,3.0,YES,KXMLBTOTAL-26JUL191610SFSEA-3,81-99c,95.0,1.0,0.3,96,True,WIN,5.0,,,,,,,,,
2026-07-29T04:53:11Z,2026-07-19,2026-07-26,expensive_yes,2026-07-19,SF@SEA,823113,SF,SEA,,full_game_total,full game totals,5.0,YES,KXMLBTOTAL-26JUL191610SFSEA-5,66-80c,80.0,1.0,0.3,96,True,WIN,20.0,,,,,,,,,
2026-07-29T04:53:11Z,2026-07-19,2026-07-26,expensive_yes,2026-07-19,SF@SEA,823113,SF,SEA,SEA,team_total,team totals,3.0,YES,KXMLBTEAMTOTAL-26JUL191610SFSEA-SEA3,66-80c,74.0,1.4,0.3,96,True,WIN,26.0,,,,,,favorite,weak_lt_8,very_bad_5_25_plus,40_45
2026-07-29T04:53:11Z,2026-07-19,2026-07-26,expensive_yes,2026-07-19,SF@SEA,823113,SF,SEA,SEA,team_total,team totals,2.0,YES,KXMLBTEAMTOTAL-26JUL191610SFSEA-SEA2,81-99c,88.0,1.86,0.3,96,True,WIN,12.0,,,,,,favorite,weak_lt_8,very_bad_5_25_plus,40_45
2026-07-29T04:53:11Z,2026-07-19,2026-07-26,expensive_yes,2026-07-19,SF@SEA,823113,SF,SEA,SF,team_total,team totals,2.0,YES,KXMLBTEAMTOTAL-26JUL191610SFSEA-SF2,66-80c,76.0,1.04,0.3,96,True,WIN,24.0,,,,,,underdog,solid_13_18,avg_4_25_4_75,50_55
2026-07-29T04:53:11Z,2026-07-19,2026-07-26,expensive_yes,2026-07-19,SF@SEA,823113,SF,SEA,SF,team_total,team totals,3.0,YES,KXMLBTEAMTOTAL-26JUL191610SFSEA-SF3,56-65c,57.0,1.51,0.3,96,True,WIN,43.0,,,,,,underdog,solid_13_18,avg_4_25_4_75,50_55
2026-07-29T04:53:11Z,2026-07-19,2026-07-26,expensive_yes,2026-07-19,SF@SEA,823113,SF,SEA,SEA,team_total,team totals,4.0,YES,KXMLBTEAMTOTAL-26JUL191610SFSEA-SEA4,56-65c,58.0,1.02,0.3,96,True,WIN,42.0,0.0894,0.531,,,,favorite,weak_lt_8,very_bad_5_25_plus,40_45
2026-07-29T04:53:11Z,2026-07-19,2026-07-26,expensive_yes,2026-07-19,SF@SEA,823113,SF,SEA,,f5_total,F5 totals,2.0,YES,KXMLBF5TOTAL-26JUL191610SFSEA-2,81-99c,83.0,3.42,0.3,96,True,WIN,17.0,,,,,,,,,
2026-07-29T04:53:11Z,2026-07-19,2026-07-26,expensive_yes,2026-07-19,SF@SEA,823113,SF,SEA,,f5_total,F5 totals,3.0,YES,KXMLBF5TOTAL-26JUL191610SFSEA-3,66-80c,67.0,1.39,0.3,96,True,WIN,33.0,,,,,,,,,
2026-07-29T04:53:11Z,2026-07-19,2026-07-26,expensive_yes,2026-07-19,SF@SEA,823113,SF,SEA,,f5_total,F5 totals,1.0,YES,KXMLBF5TOTAL-26JUL191610SFSEA-1,81-99c,95.0,5.72,0.3,96,True,WIN,5.0,,,,,,,,,
2026-07-29T04:53:11Z,2026-07-19,2026-07-26,expensive_yes,2026-07-19,MIA@MIL,823764,MIA,MIL,,full_game_total,full game totals,3.0,YES,KXMLBTOTAL-26JUL191410MIAMIL-3,81-99c,97.0,1.38,1.1,24,True,WIN,3.0,,,,,,,,,
2026-07-29T04:53:11Z,2026-07-19,2026-07-26,expensive_yes,2026-07-19,MIA@MIL,823764,MIA,MIL,,full_game_total,full game totals,6.0,YES,KXMLBTOTAL-26JUL191410MIAMIL-6,66-80c,74.0,1.0,1.1,24,True,LOSE,-74.0,,,,,,,,,
2026-07-29T04:53:11Z,2026-07-19,2026-07-26,expensive_yes,2026-07-19,MIA@MIL,823764,MIA,MIL,,full_game_total,full game totals,4.0,YES,KXMLBTOTAL-26JUL191410MIAMIL-4,81-99c,91.0,2.0,1.1,24,True,WIN,9.0,,,,,,,,,
2026-07-29T04:53:11Z,2026-07-19,2026-07-26,expensive_yes,2026-07-19,MIA@MIL,823764,MIA,MIL,,full_game_total,full game totals,5.0,YES,KXMLBTOTAL-26JUL191410MIAMIL-5,81-99c,85.0,1.17,1.1,24,True,LOSE,-85.0,,,,,,,,,
2026-07-29T04:53:11Z,2026-07-19,2026-07-26,expensive_yes,2026-07-19,MIA@MIL,823764,MIA,MIL,,full_game_total,full game totals,7.0,YES,KXMLBTOTAL-26JUL191410MIAMIL-7,66-80c,66.0,1.0,1.1,24,True,LOSE,-66.0,,,,,,,,,
2026-07-29T04:53:11Z,2026-07-19,2026-07-26,expensive_yes,2026-07-19,MIA@MIL,823764,MIA,MIL,MIA,team_total,team totals,3.0,YES,KXMLBTEAMTOTAL-26JUL191410MIAMIL-MIA3,66-80c,67.0,1.0,1.1,24,True,LOSE,-67.0,,,,,,underdog,below_avg_8_13,bad_4_75_5_25,50_55
2026-07-29T04:53:11Z,2026-07-19,2026-07-26,expensive_yes,2026-07-19,MIA@MIL,823764,MIA,MIL,MIA,team_total,team totals,2.0,YES,KXMLBTEAMTOTAL-26JUL191410MIAMIL-MIA2,81-99c,81.0,1.0,1.1,24,True,LOSE,-81.0,,,,,,underdog,below_avg_8_13,bad_4_75_5_25,50_55
2026-07-29T04:53:11Z,2026-07-19,2026-07-26,expensive_yes,2026-07-19,MIA@MIL,823764,MIA,MIL,MIL,team_total,team totals,2.0,YES,KXMLBTEAMTOTAL-26JUL191410MIAMIL-MIL2,81-99c,85.0,1.0,1.1,24,True,WIN,15.0,,,,,,favorite,strong_18_23,good_3_75_4_25,50_55
2026-07-29T04:53:11Z,2026-07-19,2026-07-26,expensive_yes,2026-07-19,MIA@MIL,823764,MIA,MIL,MIL,team_total,team totals,4.0,YES,KXMLBTEAMTOTAL-26JUL191410MIAMIL-MIL4,56-65c,56.0,1.0,1.1,24,True,LOSE,-56.0,0.0,0.531,,,,favorite,strong_18_23,good_3_75_4_25,50_55
2026-07-29T04:53:11Z,2026-07-19,2026-07-26,expensive_yes,2026-07-19,MIA@MIL,823764,MIA,MIL,MIL,team_total,team totals,3.0,YES,KXMLBTEAMTOTAL-26JUL191410MIAMIL-MIL3,66-80c,72.0,2.0,1.1,24,True,WIN,28.0,,,,,,favorite,strong_18_23,good_3_75_4_25,50_55
2026-07-29T04:53:11Z,2026-07-19,2026-07-26,expensive_yes,2026-07-19,MIA@MIL,823764,MIA,MIL,,f5_total,F5 totals,1.0,YES,KXMLBF5TOTAL-26JUL191410MIAMIL-1,81-99c,97.0,4.12,1.1,24,True,WIN,3.0,,,,,,,,,
2026-07-29T04:53:11Z,2026-07-19,2026-07-26,expensive_yes,2026-07-19,MIA@MIL,823764,MIA,MIL,,f5_total,F5 totals,2.0,YES,KXMLBF5TOTAL-26JUL191410MIAMIL-2,81-99c,87.0,4.0,1.1,24,True,LOSE,-87.0,,,,,,,,,
2026-07-29T04:53:11Z,2026-07-19,2026-07-26,expensive_yes,2026-07-19,MIA@MIL,823764,MIA,MIL,,f5_total,F5 totals,4.0,YES,KXMLBF5TOTAL-26JUL191410MIAMIL-4,56-65c,60.0,1.0,1.1,24,True,LOSE,-60.0,,,,,,,,,
2026-07-29T04:53:11Z,2026-07-19,2026-07-26,expensive_yes,2026-07-19,MIA@MIL,823764,MIA,MIL,,f5_total,F5 totals,3.0,YES,KXMLBF5TOTAL-26JUL191410MIAMIL-3,66-80c,75.0,2.0,1.1,24,True,LOSE,-75.0,,,,,,,,,
2026-07-29T04:53:11Z,2026-07-19,2026-07-26,expensive_yes,2026-07-19,DET@LAA,824007,DET,LAA,DET,moneyline,moneyline,,YES,KXMLBGAME-26JUL191607DETLAA-DET,56-65c,58.0,1.0,1.2,94,True,LOSE,-58.0,0.3803,0.5489,,,,favorite,weak_lt_8,very_bad_5_25_plus,45_50
2026-07-29T04:53:11Z,2026-07-19,2026-07-26,expensive_yes,2026-07-19,DET@LAA,824007,DET,LAA,,full_game_total,full game totals,6.0,YES,KXMLBTOTAL-26JUL191607DETLAA-6,81-99c,83.0,1.0,1.2,94,True,LOSE,-83.0,,,,,,,,,
2026-07-29T04:53:11Z,2026-07-19,2026-07-26,expensive_yes,2026-07-19,DET@LAA,824007,DET,LAA,,full_game_total,full game totals,5.0,YES,KXMLBTOTAL-26JUL191607DETLAA-5,81-99c,91.0,1.15,1.2,94,True,WIN,9.0,,,,,,,,,
2026-07-29T04:53:11Z,2026-07-19,2026-07-26,expensive_yes,2026-07-19,DET@LAA,824007,DET,LAA,,full_game_total,full game totals,4.0,YES,KXMLBTOTAL-26JUL191607DETLAA-4,81-99c,95.0,1.77,1.2,94,True,WIN,5.0,,,,,,,,,
2026-07-29T04:53:11Z,2026-07-19,2026-07-26,expensive_yes,2026-07-19,DET@LAA,824007,DET,LAA,,full_game_total,full game totals,8.0,YES,KXMLBTOTAL-26JUL191607DETLAA-8,66-80c,66.0,1.04,1.2,94,True,LOSE,-66.0,,,,,,,,,
2026-07-29T04:53:11Z,2026-07-19,2026-07-26,expensive_yes,2026-07-19,DET@LAA,824007,DET,LAA,,full_game_total,full game totals,3.0,YES,KXMLBTOTAL-26JUL191607DETLAA-3,81-99c,99.0,2.03,1.2,94,True,WIN,1.0,,,,,,,,,
2026-07-29T04:53:11Z,2026-07-19,2026-07-26,expensive_yes,2026-07-19,DET@LAA,824007,DET,LAA,,full_game_total,full game totals,9.0,YES,KXMLBTOTAL-26JUL191607DETLAA-9,56-65c,59.0,1.0,1.2,94,True,LOSE,-59.0,,,,,,,,,
2026-07-29T04:53:11Z,2026-07-19,2026-07-26,expensive_yes,2026-07-19,DET@LAA,824007,DET,LAA,,full_game_total,full game totals,7.0,YES,KXMLBTOTAL-26JUL191607DETLAA-7,66-80c,76.0,1.02,1.2,94,True,LOSE,-76.0,,,,,,,,,
2026-07-29T04:53:11Z,2026-07-19,2026-07-26,expensive_yes,2026-07-19,DET@LAA,824007,DET,LAA,DET,team_total,team totals,3.0,YES,KXMLBTEAMTOTAL-26JUL191607DETLAA-DET3,81-99c,81.0,1.03,1.2,94,True,LOSE,-81.0,,,,,,favorite,weak_lt_8,very_bad_5_25_plus,45_50
2026-07-29T04:53:11Z,2026-07-19,2026-07-26,expensive_yes,2026-07-19,DET@LAA,824007,DET,LAA,LAA,team_total,team totals,4.0,YES,KXMLBTEAMTOTAL-26JUL191607DETLAA-LAA4,56-65c,58.0,1.03,1.2,94,True,LOSE,-58.0,0.0,0.531,,,,underdog,solid_13_18,avg_4_25_4_75,45_50
2026-07-29T04:53:11Z,2026-07-19,2026-07-26,expensive_yes,2026-07-19,DET@LAA,824007,DET,LAA,DET,team_total,team totals,2.0,YES,KXMLBTEAMTOTAL-26JUL191607DETLAA-DET2,81-99c,91.0,1.13,1.2,94,True,WIN,9.0,,,,,,favorite,weak_lt_8,very_bad_5_25_plus,45_50
2026-07-29T04:53:11Z,2026-07-19,2026-07-26,expensive_yes,2026-07-19,DET@LAA,824007,DET,LAA,LAA,team_total,team totals,2.0,YES,KXMLBTEAMTOTAL-26JUL191607DETLAA-LAA2,81-99c,87.0,1.43,1.2,94,True,WIN,13.0,,,,,,underdog,solid_13_18,avg_4_25_4_75,45_50
2026-07-29T04:53:11Z,2026-07-19,2026-07-26,expensive_yes,2026-07-19,DET@LAA,824007,DET,LAA,DET,team_total,team totals,4.0,YES,KXMLBTEAMTOTAL-26JUL191607DETLAA-DET4,66-80c,69.0,1.27,1.2,94,True,LOSE,-69.0,0.4198,0.6395,,,,favorite,weak_lt_8,very_bad_5_25_plus,45_50
2026-07-29T04:53:11Z,2026-07-19,2026-07-26,expensive_yes,2026-07-19,DET@LAA,824007,DET,LAA,DET,team_total,team totals,5.0,YES,KXMLBTEAMTOTAL-26JUL191607DETLAA-DET5,56-65c,57.0,1.31,1.2,94,True,LOSE,-57.0,,,,,,favorite,weak_lt_8,very_bad_5_25_plus,45_50
2026-07-29T04:53:11Z,2026-07-19,2026-07-26,expensive_yes,2026-07-19,DET@LAA,824007,DET,LAA,LAA,team_total,team totals,3.0,YES,KXMLBTEAMTOTAL-26JUL191607DETLAA-LAA3,66-80c,72.0,1.05,1.2,94,True,WIN,28.0,,,,,,underdog,solid_13_18,avg_4_25_4_75,45_50
2026-07-29T04:53:11Z,2026-07-19,2026-07-26,expensive_yes,2026-07-19,DET@LAA,824007,DET,LAA,,f5_total,F5 totals,1.0,YES,KXMLBF5TOTAL-26JUL191607DETLAA-1,81-99c,97.0,3.78,1.2,94,True,WIN,3.0,,,,,,,,,
2026-07-29T04:53:11Z,2026-07-19,2026-07-26,expensive_yes,2026-07-19,DET@LAA,824007,DET,LAA,,f5_total,F5 totals,5.0,YES,KXMLBF5TOTAL-26JUL191607DETLAA-5,56-65c,58.0,1.01,1.2,94,True,LOSE,-58.0,,,,,,,,,
2026-07-29T04:53:11Z,2026-07-19,2026-07-26,expensive_yes,2026-07-19,DET@LAA,824007,DET,LAA,,f5_total,F5 totals,4.0,YES,KXMLBF5TOTAL-26JUL191607DETLAA-4,66-80c,71.0,1.01,1.2,94,True,LOSE,-71.0,,,,,,,,,
2026-07-29T04:53:11Z,2026-07-19,2026-07-26,expensive_yes,2026-07-19,DET@LAA,824007,DET,LAA,,f5_total,F5 totals,2.0,YES,KXMLBF5TOTAL-26JUL191607DETLAA-2,81-99c,93.0,5.61,1.2,94,True,WIN,7.0,,,,,,,,,
2026-07-29T04:53:11Z,2026-07-19,2026-07-26,expensive_yes,2026-07-19,DET@LAA,824007,DET,LAA,,f5_total,F5 totals,3.0,YES,KXMLBF5TOTAL-26JUL191607DETLAA-3,81-99c,83.0,1.02,1.2,94,True,WIN,17.0,,,,,,,,,
2026-07-29T04:53:11Z,2026-07-19,2026-07-26,expensive_yes,2026-07-19,SD@KC,824086,SD,KC,,full_game_total,full game totals,5.0,YES,KXMLBTOTAL-26JUL191410SDKC-5,81-99c,93.0,2.0,1.1,24,True,WIN,7.0,,,,,,,,,
2026-07-29T04:53:11Z,2026-07-19,2026-07-26,expensive_yes,2026-07-19,SD@KC,824086,SD,KC,,full_game_total,full game totals,8.0,YES,KXMLBTOTAL-26JUL191410SDKC-8,66-80c,69.0,1.0,1.1,24,True,WIN,31.0,,,,,,,,,
2026-07-29T04:53:11Z,2026-07-19,2026-07-26,expensive_yes,2026-07-19,SD@KC,824086,SD,KC,,full_game_total,full game totals,9.0,YES,KXMLBTOTAL-26JUL191410SDKC-9,56-65c,62.0,1.0,1.1,24,True,WIN,38.0,,,,,,,,,
2026-07-29T04:53:11Z,2026-07-19,2026-07-26,expensive_yes,2026-07-19,SD@KC,824086,SD,KC,,full_game_total,full game totals,6.0,YES,KXMLBTOTAL-26JUL191410SDKC-6,81-99c,85.0,1.38,1.1,24,True,WIN,15.0,,,,,,,,,
2026-07-29T04:53:11Z,2026-07-19,2026-07-26,expensive_yes,2026-07-19,SD@KC,824086,SD,KC,,full_game_total,full game totals,7.0,YES,KXMLBTOTAL-26JUL191410SDKC-7,66-80c,79.0,1.0,1.1,24,True,WIN,21.0,,,,,,,,,
2026-07-29T04:53:11Z,2026-07-19,2026-07-26,expensive_yes,2026-07-19,SD@KC,824086,SD,KC,KC,team_total,team totals,2.0,YES,KXMLBTEAMTOTAL-26JUL191410SDKC-KC2,81-99c,90.0,1.0,1.1,24,True,WIN,10.0,,,,,,underdog,weak_lt_8,very_bad_5_25_plus,55_60
2026-07-29T04:53:11Z,2026-07-19,2026-07-26,expensive_yes,2026-07-19,SD@KC,824086,SD,KC,KC,team_total,team totals,4.0,YES,KXMLBTEAMTOTAL-26JUL191410SDKC-KC4,66-80c,66.0,1.0,1.1,24,True,LOSE,-66.0,0.1077,0.5883,,,,underdog,weak_lt_8,very_bad_5_25_plus,55_60
2026-07-29T04:53:11Z,2026-07-19,2026-07-26,expensive_yes,2026-07-19,SD@KC,824086,SD,KC,SD,team_total,team totals,2.0,YES,KXMLBTEAMTOTAL-26JUL191410SDKC-SD2,81-99c,88.0,1.0,1.1,24,True,WIN,12.0,,,,,,favorite,below_avg_8_13,avg_4_25_4_75,45_50
2026-07-29T04:53:11Z,2026-07-19,2026-07-26,expensive_yes,2026-07-19,SD@KC,824086,SD,KC,SD,team_total,team totals,4.0,YES,KXMLBTEAMTOTAL-26JUL191410SDKC-SD4,56-65c,65.0,2.96,1.1,24,True,WIN,35.0,0.2613,0.5667,,,,favorite,below_avg_8_13,avg_4_25_4_75,45_50
2026-07-29T04:53:11Z,2026-07-19,2026-07-26,expensive_yes,2026-07-19,SD@KC,824086,SD,KC,SD,team_total,team totals,3.0,YES,KXMLBTEAMTOTAL-26JUL191410SDKC-SD3,66-80c,77.0,1.0,1.1,24,True,WIN,23.0,,,,,,favorite,below_avg_8_13,avg_4_25_4_75,45_50
2026-07-29T04:53:11Z,2026-07-19,2026-07-26,expensive_yes,2026-07-19,SD@KC,824086,SD,KC,KC,team_total,team totals,3.0,YES,KXMLBTEAMTOTAL-26JUL191410SDKC-KC3,66-80c,78.0,1.0,1.1,24,True,LOSE,-78.0,,,,,,underdog,weak_lt_8,very_bad_5_25_plus,55_60
2026-07-29T04:53:11Z,2026-07-19,2026-07-26,expensive_yes,2026-07-19,SD@KC,824086,SD,KC,,f5_total,F5 totals,4.0,YES,KXMLBF5TOTAL-26JUL191410SDKC-4,66-80c,75.0,2.04,1.1,24,True,WIN,25.0,,,,,,,,,
2026-07-29T04:53:11Z,2026-07-19,2026-07-26,expensive_yes,2026-07-19,SD@KC,824086,SD,KC,,f5_total,F5 totals,3.0,YES,KXMLBF5TOTAL-26JUL191410SDKC-3,81-99c,82.0,1.08,1.1,24,True,WIN,18.0,,,,,,,,,
2026-07-29T04:53:11Z,2026-07-19,2026-07-26,expensive_yes,2026-07-19,SD@KC,824086,SD,KC,,f5_total,F5 totals,2.0,YES,KXMLBF5TOTAL-26JUL191410SDKC-2,81-99c,95.0,3.25,1.1,24,True,WIN,5.0,,,,,,,,,
2026-07-29T04:53:11Z,2026-07-19,2026-07-26,expensive_yes,2026-07-19,SD@KC,824086,SD,KC,,f5_total,F5 totals,1.0,YES,KXMLBF5TOTAL-26JUL191410SDKC-1,81-99c,97.0,3.0,1.1,24,True,WIN,3.0,,,,,,,,,
2026-07-29T04:53:11Z,2026-07-19,2026-07-26,expensive_yes,2026-07-19,SD@KC,824086,SD,KC,,f5_total,F5 totals,5.0,YES,KXMLBF5TOTAL-26JUL191410SDKC-5,56-65c,60.0,1.0,1.1,24,True,WIN,40.0,,,,,,,,,
2026-07-29T04:53:11Z,2026-07-19,2026-07-26,expensive_yes,2026-07-19,BAL@HOU,824168,BAL,HOU,,full_game_total,full game totals,6.0,YES,KXMLBTOTAL-26JUL191410BALHOU-6,66-80c,76.0,1.0,1.1,24,True,WIN,24.0,,,,,,,,,
2026-07-29T04:53:11Z,2026-07-19,2026-07-26,expensive_yes,2026-07-19,BAL@HOU,824168,BAL,HOU,,full_game_total,full game totals,4.0,YES,KXMLBTOTAL-26JUL191410BALHOU-4,81-99c,92.0,2.0,1.1,24,True,WIN,8.0,,,,,,,,,
2026-07-29T04:53:11Z,2026-07-19,2026-07-26,expensive_yes,2026-07-19,BAL@HOU,824168,BAL,HOU,,full_game_total,full game totals,3.0,YES,KXMLBTOTAL-26JUL191410BALHOU-3,81-99c,97.0,2.08,1.1,24,True,WIN,3.0,,,,,,,,,
2026-07-29T04:53:11Z,2026-07-19,2026-07-26,expensive_yes,2026-07-19,BAL@HOU,824168,BAL,HOU,,full_game_total,full game totals,5.0,YES,KXMLBTOTAL-26JUL191410BALHOU-5,81-99c,86.0,1.0,1.1,24,True,WIN,14.0,,,,,,,,,
2026-07-29T04:53:11Z,2026-07-19,2026-07-26,expensive_yes,2026-07-19,BAL@HOU,824168,BAL,HOU,,full_game_total,full game totals,7.0,YES,KXMLBTOTAL-26JUL191410BALHOU-7,66-80c,68.0,1.0,1.1,24,True,WIN,32.0,,,,,,,,,
2026-07-29T04:53:11Z,2026-07-19,2026-07-26,expensive_yes,2026-07-19,BAL@HOU,824168,BAL,HOU,,full_game_total,full game totals,8.0,YES,KXMLBTOTAL-26JUL191410BALHOU-8,56-65c,56.0,1.0,1.1,24,True,LOSE,-56.0,,,,,,,,,
2026-07-29T04:53:11Z,2026-07-19,2026-07-26,expensive_yes,2026-07-19,BAL@HOU,824168,BAL,HOU,HOU,team_total,team totals,3.0,YES,KXMLBTEAMTOTAL-26JUL191410BALHOU-HOU3,66-80c,72.0,1.17,1.1,24,True,LOSE,-72.0,,,,,,underdog,below_avg_8_13,avg_4_25_4_75,50_55
2026-07-29T04:53:11Z,2026-07-19,2026-07-26,expensive_yes,2026-07-19,BAL@HOU,824168,BAL,HOU,BAL,team_total,team totals,2.0,YES,KXMLBTEAMTOTAL-26JUL191410BALHOU-BAL2,81-99c,83.0,1.0,1.1,24,True,WIN,17.0,,,,,,favorite,weak_lt_8,very_bad_5_25_plus,50_55
2026-07-29T04:53:11Z,2026-07-19,2026-07-26,expensive_yes,2026-07-19,BAL@HOU,824168,BAL,HOU,BAL,team_total,team totals,3.0,YES,KXMLBTEAMTOTAL-26JUL191410BALHOU-BAL3,66-80c,70.0,2.0,1.1,24,True,WIN,30.0,,,,,,favorite,weak_lt_8,very_bad_5_25_plus,50_55
2026-07-29T04:53:11Z,2026-07-19,2026-07-26,expensive_yes,2026-07-19,BAL@HOU,824168,BAL,HOU,HOU,team_total,team totals,2.0,YES,KXMLBTEAMTOTAL-26JUL191410BALHOU-HOU2,81-99c,86.0,1.0,1.1,24,True,WIN,14.0,,,,,,underdog,below_avg_8_13,avg_4_25_4_75,50_55
2026-07-29T04:53:11Z,2026-07-19,2026-07-26,expensive_yes,2026-07-19,BAL@HOU,824168,BAL,HOU,HOU,team_total,team totals,4.0,YES,KXMLBTEAMTOTAL-26JUL191410BALHOU-HOU4,56-65c,58.0,1.0,1.1,24,True,LOSE,-58.0,0.0,0.531,,,,underdog,below_avg_8_13,avg_4_25_4_75,50_55
2026-07-29T04:53:11Z,2026-07-19,2026-07-26,expensive_yes,2026-07-19,BAL@HOU,824168,BAL,HOU,,f5_total,F5 totals,2.0,YES,KXMLBF5TOTAL-26JUL191410BALHOU-2,81-99c,91.0,5.25,1.1,24,True,WIN,9.0,,,,,,,,,
2026-07-29T04:53:11Z,2026-07-19,2026-07-26,expensive_yes,2026-07-19,BAL@HOU,824168,BAL,HOU,,f5_total,F5 totals,3.0,YES,KXMLBF5TOTAL-26JUL191410BALHOU-3,66-80c,78.0,1.12,1.1,24,True,WIN,22.0,,,,,,,,,
2026-07-29T04:53:11Z,2026-07-19,2026-07-26,expensive_yes,2026-07-19,BAL@HOU,824168,BAL,HOU,,f5_total,F5 totals,1.0,YES,KXMLBF5TOTAL-26JUL191410BALHOU-1,81-99c,98.0,2.67,1.1,24,True,WIN,2.0,,,,,,,,,
2026-07-29T04:53:11Z,2026-07-19,2026-07-26,expensive_yes,2026-07-19,BAL@HOU,824168,BAL,HOU,,f5_total,F5 totals,4.0,YES,KXMLBF5TOTAL-26JUL191410BALHOU-4,56-65c,63.0,1.08,1.1,24,True,WIN,37.0,,,,,,,,,
2026-07-29T04:53:11Z,2026-07-19,2026-07-26,expensive_yes,2026-07-19,CIN@COL,824330,CIN,COL,CIN,moneyline,moneyline,,YES,KXMLBGAME-26JUL191510CINCOL-CIN,56-65c,61.0,1.0,0.2,67,True,WIN,39.0,0.0711,0.472,,,,favorite,weak_lt_8,very_bad_5_25_plus,45_50
2026-07-29T04:53:11Z,2026-07-19,2026-07-26,expensive_yes,2026-07-19,CIN@COL,824330,CIN,COL,,full_game_total,full game totals,11.0,YES,KXMLBTOTAL-26JUL191510CINCOL-11,56-65c,56.0,1.0,0.2,67,True,WIN,44.0,,,,,,,,,
2026-07-29T04:53:11Z,2026-07-19,2026-07-26,expensive_yes,2026-07-19,CIN@COL,824330,CIN,COL,,full_game_total,full game totals,7.0,YES,KXMLBTOTAL-26JUL191510CINCOL-7,81-99c,86.0,1.0,0.2,67,True,WIN,14.0,,,,,,,,,
2026-07-29T04:53:11Z,2026-07-19,2026-07-26,expensive_yes,2026-07-19,CIN@COL,824330,CIN,COL,,full_game_total,full game totals,8.0,YES,KXMLBTOTAL-26JUL191510CINCOL-8,66-80c,78.0,1.0,0.2,67,True,WIN,22.0,,,,,,,,,
2026-07-29T04:53:11Z,2026-07-19,2026-07-26,expensive_yes,2026-07-19,CIN@COL,824330,CIN,COL,,full_game_total,full game totals,9.0,YES,KXMLBTOTAL-26JUL191510CINCOL-9,66-80c,72.0,1.0,0.2,67,True,WIN,28.0,,,,,,,,,
2026-07-29T04:53:11Z,2026-07-19,2026-07-26,expensive_yes,2026-07-19,CIN@COL,824330,CIN,COL,,full_game_total,full game totals,6.0,YES,KXMLBTOTAL-26JUL191510CINCOL-6,81-99c,90.0,1.13,0.2,67,True,WIN,10.0,,,,,,,,,
2026-07-29T04:53:11Z,2026-07-19,2026-07-26,expensive_yes,2026-07-19,CIN@COL,824330,CIN,COL,,full_game_total,full game totals,10.0,YES,KXMLBTOTAL-26JUL191510CINCOL-10,56-65c,63.0,1.01,0.2,67,True,WIN,37.0,,,,,,,,,
2026-07-29T04:53:11Z,2026-07-19,2026-07-26,expensive_yes,2026-07-19,CIN@COL,824330,CIN,COL,COL,team_total,team totals,2.0,YES,KXMLBTEAMTOTAL-26JUL191510CINCOL-COL2,81-99c,91.0,1.16,0.2,67,True,WIN,9.0,,,,,,underdog,elite_23_plus,excellent_lt_3_75,40_45
2026-07-29T04:53:11Z,2026-07-19,2026-07-26,expensive_yes,2026-07-19,CIN@COL,824330,CIN,COL,CIN,team_total,team totals,4.0,YES,KXMLBTEAMTOTAL-26JUL191510CINCOL-CIN4,66-80c,78.0,1.15,0.2,67,True,WIN,22.0,0.0946,0.531,,,,favorite,weak_lt_8,very_bad_5_25_plus,45_50
2026-07-29T04:53:11Z,2026-07-19,2026-07-26,expensive_yes,2026-07-19,CIN@COL,824330,CIN,COL,CIN,team_total,team totals,2.0,YES,KXMLBTEAMTOTAL-26JUL191510CINCOL-CIN2,81-99c,94.0,1.06,0.2,67,True,WIN,6.0,,,,,,favorite,weak_lt_8,very_bad_5_25_plus,45_50
2026-07-29T04:53:11Z,2026-07-19,2026-07-26,expensive_yes,2026-07-19,CIN@COL,824330,CIN,COL,CIN,team_total,team totals,5.0,YES,KXMLBTEAMTOTAL-26JUL191510CINCOL-CIN5,66-80c,68.0,1.04,0.2,67,True,WIN,32.0,,,,,,favorite,weak_lt_8,very_bad_5_25_plus,45_50
2026-07-29T04:53:11Z,2026-07-19,2026-07-26,expensive_yes,2026-07-19,CIN@COL,824330,CIN,COL,COL,team_total,team totals,4.0,YES,KXMLBTEAMTOTAL-26JUL191510CINCOL-COL4,66-80c,66.0,1.03,0.2,67,True,WIN,34.0,0.0,0.531,,,,underdog,elite_23_plus,excellent_lt_3_75,40_45
2026-07-29T04:53:11Z,2026-07-19,2026-07-26,expensive_yes,2026-07-19,CIN@COL,824330,CIN,COL,CIN,team_total,team totals,3.0,YES,KXMLBTEAMTOTAL-26JUL191510CINCOL-CIN3,81-99c,87.0,1.03,0.2,67,True,WIN,13.0,,,,,,favorite,weak_lt_8,very_bad_5_25_plus,45_50
2026-07-29T04:53:11Z,2026-07-19,2026-07-26,expensive_yes,2026-07-19,CIN@COL,824330,CIN,COL,COL,team_total,team totals,3.0,YES,KXMLBTEAMTOTAL-26JUL191510CINCOL-COL3,66-80c,79.0,1.34,0.2,67,True,WIN,21.0,,,,,,underdog,elite_23_plus,excellent_lt_3_75,40_45
2026-07-29T04:53:11Z,2026-07-19,2026-07-26,expensive_yes,2026-07-19,CIN@COL,824330,CIN,COL,,f5_total,F5 totals,3.0,YES,KXMLBF5TOTAL-26JUL191510CINCOL-3,81-99c,92.0,2.61,0.2,67,True,WIN,8.0,,,,,,,,,
2026-07-29T04:53:11Z,2026-07-19,2026-07-26,expensive_yes,2026-07-19,CIN@COL,824330,CIN,COL,,f5_total,F5 totals,4.0,YES,KXMLBF5TOTAL-26JUL191510CINCOL-4,81-99c,82.0,2.73,0.2,67,True,WIN,18.0,,,,,,,,,
2026-07-29T04:53:11Z,2026-07-19,2026-07-26,expensive_yes,2026-07-19,CIN@COL,824330,CIN,COL,,f5_total,F5 totals,1.0,YES,KXMLBF5TOTAL-26JUL191510CINCOL-1,81-99c,98.0,4.25,0.2,67,True,WIN,2.0,,,,,,,,,
2026-07-29T04:53:11Z,2026-07-19,2026-07-26,expensive_yes,2026-07-19,CIN@COL,824330,CIN,COL,,f5_total,F5 totals,5.0,YES,KXMLBF5TOTAL-26JUL191510CINCOL-5,66-80c,68.0,1.06,0.2,67,True,WIN,32.0,,,,,,,,,
2026-07-29T04:53:11Z,2026-07-19,2026-07-26,expensive_yes,2026-07-19,CIN@COL,824330,CIN,COL,,f5_total,F5 totals,6.0,YES,KXMLBF5TOTAL-26JUL191510CINCOL-6,56-65c,56.0,1.31,0.2,67,True,WIN,44.0,,,,,,,,,
2026-07-29T04:53:11Z,2026-07-19,2026-07-26,expensive_yes,2026-07-19,CIN@COL,824330,CIN,COL,,f5_total,F5 totals,2.0,YES,KXMLBF5TOTAL-26JUL191510CINCOL-2,81-99c,96.0,4.4,0.2,67,True,WIN,4.0,,,,,,,,,
2026-07-29T04:53:11Z,2026-07-19,2026-07-26,expensive_yes,2026-07-19,PIT@CLE,824411,PIT,CLE,,full_game_total,full game totals,3.0,YES,KXMLBTOTAL-26JUL191340PITCLE-3,81-99c,94.0,1.0,0.0,3,True,WIN,6.0,,,,,,,,,
2026-07-29T04:53:11Z,2026-07-19,2026-07-26,expensive_yes,2026-07-19,PIT@CLE,824411,PIT,CLE,,full_game_total,full game totals,5.0,YES,KXMLBTOTAL-26JUL191340PITCLE-5,66-80c,77.0,1.33,0.0,3,True,WIN,23.0,,,,,,,,,
2026-07-29T04:53:11Z,2026-07-19,2026-07-26,expensive_yes,2026-07-19,PIT@CLE,824411,PIT,CLE,,full_game_total,full game totals,6.0,YES,KXMLBTOTAL-26JUL191340PITCLE-6,56-65c,64.0,1.0,0.0,3,True,WIN,36.0,,,,,,,,,
2026-07-29T04:53:11Z,2026-07-19,2026-07-26,expensive_yes,2026-07-19,PIT@CLE,824411,PIT,CLE,,full_game_total,full game totals,2.0,YES,KXMLBTOTAL-26JUL191340PITCLE-2,81-99c,97.0,2.0,0.0,3,True,WIN,3.0,,,,,,,,,
2026-07-29T04:53:11Z,2026-07-19,2026-07-26,expensive_yes,2026-07-19,PIT@CLE,824411,PIT,CLE,,full_game_total,full game totals,4.0,YES,KXMLBTOTAL-26JUL191340PITCLE-4,81-99c,84.0,1.0,0.0,3,True,WIN,16.0,,,,,,,,,
2026-07-29T04:53:11Z,2026-07-19,2026-07-26,expensive_yes,2026-07-19,PIT@CLE,824411,PIT,CLE,PIT,team_total,team totals,2.0,YES,KXMLBTEAMTOTAL-26JUL191340PITCLE-PIT2,66-80c,78.0,3.0,0.0,3,True,WIN,22.0,,,,,,favorite,below_avg_8_13,bad_4_75_5_25,60_plus
2026-07-29T04:53:11Z,2026-07-19,2026-07-26,expensive_yes,2026-07-19,PIT@CLE,824411,PIT,CLE,CLE,team_total,team totals,3.0,YES,KXMLBTEAMTOTAL-26JUL191340PITCLE-CLE3,56-65c,62.0,1.67,0.0,3,True,LOSE,-62.0,,,,,,underdog,strong_18_23,good_3_75_4_25,45_50
2026-07-29T04:53:11Z,2026-07-19,2026-07-26,expensive_yes,2026-07-19,PIT@CLE,824411,PIT,CLE,CLE,team_total,team totals,2.0,YES,KXMLBTEAMTOTAL-26JUL191340PITCLE-CLE2,66-80c,79.0,2.67,0.0,3,True,LOSE,-79.0,,,,,,underdog,strong_18_23,good_3_75_4_25,45_50
2026-07-29T04:53:11Z,2026-07-19,2026-07-26,expensive_yes,2026-07-19,PIT@CLE,824411,PIT,CLE,PIT,team_total,team totals,3.0,YES,KXMLBTEAMTOTAL-26JUL191340PITCLE-PIT3,56-65c,62.0,2.0,0.0,3,True,WIN,38.0,,,,,,favorite,below_avg_8_13,bad_4_75_5_25,60_plus
2026-07-29T04:53:11Z,2026-07-19,2026-07-26,expensive_yes,2026-07-19,PIT@CLE,824411,PIT,CLE,,f5_total,F5 totals,2.0,YES,KXMLBF5TOTAL-26JUL191340PITCLE-2,81-99c,82.0,2.33,0.0,3,True,WIN,18.0,,,,,,,,,
2026-07-29T04:53:11Z,2026-07-19,2026-07-26,expensive_yes,2026-07-19,PIT@CLE,824411,PIT,CLE,,f5_total,F5 totals,3.0,YES,KXMLBF5TOTAL-26JUL191340PITCLE-3,66-80c,68.0,2.33,0.0,3,True,WIN,32.0,,,,,,,,,
2026-07-29T04:53:11Z,2026-07-19,2026-07-26,expensive_yes,2026-07-19,PIT@CLE,824411,PIT,CLE,,f5_total,F5 totals,1.0,YES,KXMLBF5TOTAL-26JUL191340PITCLE-1,81-99c,94.0,4.0,0.0,3,True,WIN,6.0,,,,,,,,,
2026-07-29T04:53:11Z,2026-07-19,2026-07-26,expensive_yes,2026-07-19,MIN@CHC,824653,MIN,CHC,CHC,moneyline,moneyline,,YES,KXMLBGAME-26JUL191420MINCHC-CHC,56-65c,62.0,1.0,0.2,32,True,WIN,38.0,0.0837,0.472,,,,favorite,weak_lt_8,very_bad_5_25_plus,45_50
2026-07-29T04:53:11Z,2026-07-19,2026-07-26,expensive_yes,2026-07-19,MIN@CHC,824653,MIN,CHC,,full_game_total,full game totals,7.0,YES,KXMLBTOTAL-26JUL191420MINCHC-7,56-65c,62.0,1.0,0.2,32,True,WIN,38.0,,,,,,,,,
2026-07-29T04:53:11Z,2026-07-19,2026-07-26,expensive_yes,2026-07-19,MIN@CHC,824653,MIN,CHC,,full_game_total,full game totals,5.0,YES,KXMLBTOTAL-26JUL191420MINCHC-5,81-99c,82.0,1.0,0.2,32,True,WIN,18.0,,,,,,,,,
2026-07-29T04:53:11Z,2026-07-19,2026-07-26,expensive_yes,2026-07-19,MIN@CHC,824653,MIN,CHC,,full_game_total,full game totals,4.0,YES,KXMLBTOTAL-26JUL191420MINCHC-4,81-99c,89.0,2.0,0.2,32,True,WIN,11.0,,,,,,,,,
2026-07-29T04:53:11Z,2026-07-19,2026-07-26,expensive_yes,2026-07-19,MIN@CHC,824653,MIN,CHC,,full_game_total,full game totals,6.0,YES,KXMLBTOTAL-26JUL191420MINCHC-6,66-80c,71.0,1.0,0.2,32,True,WIN,29.0,,,,,,,,,
2026-07-29T04:53:11Z,2026-07-19,2026-07-26,expensive_yes,2026-07-19,MIN@CHC,824653,MIN,CHC,,full_game_total,full game totals,2.0,YES,KXMLBTOTAL-26JUL191420MINCHC-2,81-99c,98.0,2.0,0.2,32,True,WIN,2.0,,,,,,,,,
2026-07-29T04:53:11Z,2026-07-19,2026-07-26,expensive_yes,2026-07-19,MIN@CHC,824653,MIN,CHC,,full_game_total,full game totals,3.0,YES,KXMLBTOTAL-26JUL191420MINCHC-3,81-99c,96.0,1.75,0.2,32,True,WIN,4.0,,,,,,,,,
2026-07-29T04:53:11Z,2026-07-19,2026-07-26,expensive_yes,2026-07-19,MIN@CHC,824653,MIN,CHC,MIN,team_total,team totals,3.0,YES,KXMLBTEAMTOTAL-26JUL191420MINCHC-MIN3,56-65c,62.0,1.31,0.2,32,True,LOSE,-62.0,,,,,,underdog,below_avg_8_13,good_3_75_4_25,50_55
2026-07-29T04:53:11Z,2026-07-19,2026-07-26,expensive_yes,2026-07-19,MIN@CHC,824653,MIN,CHC,MIN,team_total,team totals,2.0,YES,KXMLBTEAMTOTAL-26JUL191420MINCHC-MIN2,66-80c,79.0,1.16,0.2,32,True,LOSE,-79.0,,,,,,underdog,below_avg_8_13,good_3_75_4_25,50_55
2026-07-29T04:53:11Z,2026-07-19,2026-07-26,expensive_yes,2026-07-19,MIN@CHC,824653,MIN,CHC,CHC,team_total,team totals,2.0,YES,KXMLBTEAMTOTAL-26JUL191420MINCHC-CHC2,81-99c,87.0,1.19,0.2,32,True,WIN,13.0,,,,,,favorite,weak_lt_8,very_bad_5_25_plus,45_50
2026-07-29T04:53:11Z,2026-07-19,2026-07-26,expensive_yes,2026-07-19,MIN@CHC,824653,MIN,CHC,CHC,team_total,team totals,4.0,YES,KXMLBTEAMTOTAL-26JUL191420MINCHC-CHC4,56-65c,59.0,1.09,0.2,32,True,WIN,41.0,0.1337,0.5883,,,,favorite,weak_lt_8,very_bad_5_25_plus,45_50
2026-07-29T04:53:11Z,2026-07-19,2026-07-26,expensive_yes,2026-07-19,MIN@CHC,824653,MIN,CHC,CHC,team_total,team totals,3.0,YES,KXMLBTEAMTOTAL-26JUL191420MINCHC-CHC3,66-80c,76.0,2.16,0.2,32,True,WIN,24.0,,,,,,favorite,weak_lt_8,very_bad_5_25_plus,45_50
2026-07-29T04:53:11Z,2026-07-19,2026-07-26,expensive_yes,2026-07-19,MIN@CHC,824653,MIN,CHC,,f5_total,F5 totals,3.0,YES,KXMLBF5TOTAL-26JUL191420MINCHC-3,66-80c,71.0,2.03,0.2,32,True,WIN,29.0,,,,,,,,,
2026-07-29T04:53:11Z,2026-07-19,2026-07-26,expensive_yes,2026-07-19,MIN@CHC,824653,MIN,CHC,,f5_total,F5 totals,4.0,YES,KXMLBF5TOTAL-26JUL191420MINCHC-4,56-65c,57.0,1.06,0.2,32,True,WIN,43.0,,,,,,,,,
2026-07-29T04:53:11Z,2026-07-19,2026-07-26,expensive_yes,2026-07-19,MIN@CHC,824653,MIN,CHC,,f5_total,F5 totals,2.0,YES,KXMLBF5TOTAL-26JUL191420MINCHC-2,81-99c,87.0,1.59,0.2,32,True,WIN,13.0,,,,,,,,,
2026-07-29T04:53:11Z,2026-07-19,2026-07-26,expensive_yes,2026-07-19,MIN@CHC,824653,MIN,CHC,,f5_total,F5 totals,1.0,YES,KXMLBF5TOTAL-26JUL191420MINCHC-1,81-99c,96.0,4.66,0.2,32,True,WIN,4.0,,,,,,,,,
2026-07-29T04:53:11Z,2026-07-19,2026-07-26,expensive_yes,2026-07-19,STL@AZ,825057,STL,AZ,,full_game_total,full game totals,4.0,YES,KXMLBTOTAL-26JUL191610STLAZ-4,81-99c,94.0,1.24,0.3,96,True,WIN,6.0,,,,,,,,,
2026-07-29T04:53:11Z,2026-07-19,2026-07-26,expensive_yes,2026-07-19,STL@AZ,825057,STL,AZ,,full_game_total,full game totals,5.0,YES,KXMLBTOTAL-26JUL191610STLAZ-5,81-99c,89.0,1.0,0.3,96,True,WIN,11.0,,,,,,,,,
2026-07-29T04:53:11Z,2026-07-19,2026-07-26,expensive_yes,2026-07-19,STL@AZ,825057,STL,AZ,,full_game_total,full game totals,3.0,YES,KXMLBTOTAL-26JUL191610STLAZ-3,81-99c,98.0,1.01,0.3,96,True,WIN,2.0,,,,,,,,,
2026-07-29T04:53:11Z,2026-07-19,2026-07-26,expensive_yes,2026-07-19,STL@AZ,825057,STL,AZ,,full_game_total,full game totals,6.0,YES,KXMLBTOTAL-26JUL191610STLAZ-6,81-99c,81.0,1.42,0.3,96,True,WIN,19.0,,,,,,,,,
2026-07-29T04:53:11Z,2026-07-19,2026-07-26,expensive_yes,2026-07-19,STL@AZ,825057,STL,AZ,,full_game_total,full game totals,7.0,YES,KXMLBTOTAL-26JUL191610STLAZ-7,66-80c,74.0,1.11,0.3,96,True,WIN,26.0,,,,,,,,,
2026-07-29T04:53:11Z,2026-07-19,2026-07-26,expensive_yes,2026-07-19,STL@AZ,825057,STL,AZ,,full_game_total,full game totals,8.0,YES,KXMLBTOTAL-26JUL191610STLAZ-8,56-65c,64.0,1.01,0.3,96,True,WIN,36.0,,,,,,,,,
2026-07-29T04:53:11Z,2026-07-19,2026-07-26,expensive_yes,2026-07-19,STL@AZ,825057,STL,AZ,,full_game_total,full game totals,9.0,YES,KXMLBTOTAL-26JUL191610STLAZ-9,56-65c,56.0,1.0,0.3,96,True,WIN,44.0,,,,,,,,,
2026-07-29T04:53:11Z,2026-07-19,2026-07-26,expensive_yes,2026-07-19,STL@AZ,825057,STL,AZ,AZ,team_total,team totals,3.0,YES,KXMLBTEAMTOTAL-26JUL191610STLAZ-AZ3,66-80c,77.0,1.84,0.3,96,True,WIN,23.0,,,,,,underdog,weak_lt_8,avg_4_25_4_75,50_55
2026-07-29T04:53:11Z,2026-07-19,2026-07-26,expensive_yes,2026-07-19,STL@AZ,825057,STL,AZ,STL,team_total,team totals,3.0,YES,KXMLBTEAMTOTAL-26JUL191610STLAZ-STL3,66-80c,74.0,1.27,0.3,96,True,WIN,26.0,,,,,,favorite,weak_lt_8,very_bad_5_25_plus,40_45
2026-07-29T04:53:11Z,2026-07-19,2026-07-26,expensive_yes,2026-07-19,STL@AZ,825057,STL,AZ,STL,team_total,team totals,2.0,YES,KXMLBTEAMTOTAL-26JUL191610STLAZ-STL2,81-99c,87.0,1.02,0.3,96,True,WIN,13.0,,,,,,favorite,weak_lt_8,very_bad_5_25_plus,40_45
2026-07-29T04:53:11Z,2026-07-19,2026-07-26,expensive_yes,2026-07-19,STL@AZ,825057,STL,AZ,AZ,team_total,team totals,2.0,YES,KXMLBTEAMTOTAL-26JUL191610STLAZ-AZ2,81-99c,88.0,1.17,0.3,96,True,WIN,12.0,,,,,,underdog,weak_lt_8,avg_4_25_4_75,50_55
2026-07-29T04:53:11Z,2026-07-19,2026-07-26,expensive_yes,2026-07-19,STL@AZ,825057,STL,AZ,STL,team_total,team totals,4.0,YES,KXMLBTEAMTOTAL-26JUL191610STLAZ-STL4,56-65c,60.0,1.11,0.3,96,True,WIN,40.0,0.0067,0.531,,,,favorite,weak_lt_8,very_bad_5_25_plus,40_45
2026-07-29T04:53:11Z,2026-07-19,2026-07-26,expensive_yes,2026-07-19,STL@AZ,825057,STL,AZ,AZ,team_total,team totals,4.0,YES,KXMLBTEAMTOTAL-26JUL191610STLAZ-AZ4,56-65c,63.0,1.59,0.3,96,True,WIN,37.0,0.0481,0.531,,,,underdog,weak_lt_8,avg_4_25_4_75,50_55
2026-07-29T04:53:11Z,2026-07-19,2026-07-26,expensive_yes,2026-07-19,STL@AZ,825057,STL,AZ,,f5_total,F5 totals,2.0,YES,KXMLBF5TOTAL-26JUL191610STLAZ-2,81-99c,89.0,1.35,0.3,96,True,WIN,11.0,,,,,,,,,
2026-07-29T04:53:11Z,2026-07-19,2026-07-26,expensive_yes,2026-07-19,STL@AZ,825057,STL,AZ,,f5_total,F5 totals,3.0,YES,KXMLBF5TOTAL-26JUL191610STLAZ-3,66-80c,79.0,1.6,0.3,96,True,WIN,21.0,,,,,,,,,
2026-07-29T04:53:11Z,2026-07-19,2026-07-26,expensive_yes,2026-07-19,STL@AZ,825057,STL,AZ,,f5_total,F5 totals,1.0,YES,KXMLBF5TOTAL-26JUL191610STLAZ-1,81-99c,97.0,2.03,0.3,96,True,WIN,3.0,,,,,,,,,
2026-07-29T04:53:11Z,2026-07-19,2026-07-26,expensive_yes,2026-07-19,STL@AZ,825057,STL,AZ,,f5_total,F5 totals,4.0,YES,KXMLBF5TOTAL-26JUL191610STLAZ-4,66-80c,67.0,1.7,0.3,96,True,WIN,33.0,,,,,,,,,
2026-07-29T04:53:11Z,2026-07-19,2026-07-26,expensive_yes,2026-07-20,TB@TOR,822788,TB,TOR,TOR,moneyline,moneyline,,YES,KXMLBGAME-26JUL201907TBTOR-TOR,56-65c,62.0,1.05,0.4,1268,True,LOSE,-62.0,0.0,0.472,,,,underdog,weak_lt_8,very_bad_5_25_plus,45_50
2026-07-29T04:53:11Z,2026-07-19,2026-07-26,expensive_yes,2026-07-20,TB@TOR,822788,TB,TOR,,full_game_total,full game totals,2.0,YES,KXMLBTOTAL-26JUL201907TBTOR-2,81-99c,98.0,2.18,0.4,1208,True,WIN,2.0,,,,,,,,,
2026-07-29T04:53:11Z,2026-07-19,2026-07-26,expensive_yes,2026-07-20,TB@TOR,822788,TB,TOR,,full_game_total,full game totals,3.0,YES,KXMLBTOTAL-26JUL201907TBTOR-3,81-99c,97.0,2.74,0.4,1208,True,WIN,3.0,,,,,,,,,
2026-07-29T04:53:11Z,2026-07-19,2026-07-26,expensive_yes,2026-07-20,TB@TOR,822788,TB,TOR,,full_game_total,full game totals,4.0,YES,KXMLBTOTAL-26JUL201907TBTOR-4,81-99c,89.0,2.19,0.4,1208,True,WIN,11.0,,,,,,,,,
2026-07-29T04:53:11Z,2026-07-19,2026-07-26,expensive_yes,2026-07-20,TB@TOR,822788,TB,TOR,,full_game_total,full game totals,5.0,YES,KXMLBTOTAL-26JUL201907TBTOR-5,81-99c,82.0,1.57,0.4,1208,True,WIN,18.0,,,,,,,,,
2026-07-29T04:53:11Z,2026-07-19,2026-07-26,expensive_yes,2026-07-20,TB@TOR,822788,TB,TOR,,full_game_total,full game totals,7.0,YES,KXMLBTOTAL-26JUL201907TBTOR-7,56-65c,60.0,1.27,0.4,1208,True,WIN,40.0,,,,,,,,,
2026-07-29T04:53:11Z,2026-07-19,2026-07-26,expensive_yes,2026-07-20,TB@TOR,822788,TB,TOR,,full_game_total,full game totals,6.0,YES,KXMLBTOTAL-26JUL201907TBTOR-6,66-80c,70.0,1.37,0.4,1208,True,WIN,30.0,,,,,,,,,
2026-07-29T04:53:11Z,2026-07-19,2026-07-26,expensive_yes,2026-07-20,TB@TOR,822788,TB,TOR,TOR,team_total,team totals,4.0,YES,KXMLBTEAMTOTAL-26JUL201907TBTOR-TOR4,56-65c,58.0,7.47,0.4,1208,True,LOSE,-58.0,0.1367,0.5883,,,,underdog,weak_lt_8,very_bad_5_25_plus,45_50
2026-07-29T04:53:11Z,2026-07-19,2026-07-26,expensive_yes,2026-07-20,TB@TOR,822788,TB,TOR,TOR,team_total,team totals,2.0,YES,KXMLBTEAMTOTAL-26JUL201907TBTOR-TOR2,81-99c,87.0,11.54,0.4,1208,True,LOSE,-87.0,,,,,,underdog,weak_lt_8,very_bad_5_25_plus,45_50
2026-07-29T04:53:11Z,2026-07-19,2026-07-26,expensive_yes,2026-07-20,TB@TOR,822788,TB,TOR,TB,team_total,team totals,3.0,YES,KXMLBTEAMTOTAL-26JUL201907TBTOR-TB3,56-65c,60.0,13.55,0.4,1208,True,WIN,40.0,,,,,,favorite,elite_23_plus,excellent_lt_3_75,45_50
2026-07-29T04:53:11Z,2026-07-19,2026-07-26,expensive_yes,2026-07-20,TB@TOR,822788,TB,TOR,TB,team_total,team totals,2.0,YES,KXMLBTEAMTOTAL-26JUL201907TBTOR-TB2,66-80c,78.0,12.55,0.4,1208,True,WIN,22.0,,,,,,favorite,elite_23_plus,excellent_lt_3_75,45_50
2026-07-29T04:53:11Z,2026-07-19,2026-07-26,expensive_yes,2026-07-20,TB@TOR,822788,TB,TOR,TOR,team_total,team totals,3.0,YES,KXMLBTEAMTOTAL-26JUL201907TBTOR-TOR3,66-80c,74.0,12.03,0.4,1208,True,LOSE,-74.0,,,,,,underdog,weak_lt_8,very_bad_5_25_plus,45_50
2026-07-29T04:53:11Z,2026-07-19,2026-07-26,expensive_yes,2026-07-20,TB@TOR,822788,TB,TOR,,f5_total,F5 totals,3.0,YES,KXMLBF5TOTAL-26JUL201907TBTOR-3,66-80c,70.0,14.1,0.4,1208,True,WIN,30.0,,,,,,,,,
2026-07-29T04:53:11Z,2026-07-19,2026-07-26,expensive_yes,2026-07-20,TB@TOR,822788,TB,TOR,,f5_total,F5 totals,2.0,YES,KXMLBF5TOTAL-26JUL201907TBTOR-2,81-99c,84.0,15.08,0.4,1208,True,WIN,16.0,,,,,,,,,
2026-07-29T04:53:11Z,2026-07-19,2026-07-26,expensive_yes,2026-07-20,TB@TOR,822788,TB,TOR,,f5_total,F5 totals,1.0,YES,KXMLBF5TOTAL-26JUL201907TBTOR-1,81-99c,96.0,20.02,0.4,1208,True,WIN,4.0,,,,,,,,,
2026-07-29T04:53:11Z,2026-07-19,2026-07-26,expensive_yes,2026-07-20,CWS@TEX,822874,CWS,TEX,TEX,moneyline,moneyline,,YES,KXMLBGAME-26JUL202005CWSTEX-TEX,56-65c,62.0,1.06,1.3,1295,True,LOSE,-62.0,0.0535,0.472,,,,underdog,weak_lt_8,very_bad_5_25_plus,45_50
2026-07-29T04:53:11Z,2026-07-19,2026-07-26,expensive_yes,2026-07-20,CWS@TEX,822874,CWS,TEX,,full_game_total,full game totals,2.0,YES,KXMLBTOTAL-26JUL202005CWSTEX-2,81-99c,99.0,2.6,1.3,1225,True,WIN,1.0,,,,,,,,,
2026-07-29T04:53:11Z,2026-07-19,2026-07-26,expensive_yes,2026-07-20,CWS@TEX,822874,CWS,TEX,,full_game_total,full game totals,3.0,YES,KXMLBTOTAL-26JUL202005CWSTEX-3,81-99c,96.0,3.0,1.3,1225,True,WIN,4.0,,,,,,,,,
2026-07-29T04:53:11Z,2026-07-19,2026-07-26,expensive_yes,2026-07-20,CWS@TEX,822874,CWS,TEX,,full_game_total,full game totals,4.0,YES,KXMLBTOTAL-26JUL202005CWSTEX-4,81-99c,89.0,3.04,1.3,1225,True,WIN,11.0,,,,,,,,,
2026-07-29T04:53:11Z,2026-07-19,2026-07-26,expensive_yes,2026-07-20,CWS@TEX,822874,CWS,TEX,,full_game_total,full game totals,6.0,YES,KXMLBTOTAL-26JUL202005CWSTEX-6,66-80c,72.0,1.58,1.3,1225,True,WIN,28.0,,,,,,,,,
2026-07-29T04:53:11Z,2026-07-19,2026-07-26,expensive_yes,2026-07-20,CWS@TEX,822874,CWS,TEX,,full_game_total,full game totals,5.0,YES,KXMLBTOTAL-26JUL202005CWSTEX-5,81-99c,84.0,1.76,1.3,1225,True,WIN,16.0,,,,,,,,,
2026-07-29T04:53:11Z,2026-07-19,2026-07-26,expensive_yes,2026-07-20,CWS@TEX,822874,CWS,TEX,,full_game_total,full game totals,7.0,YES,KXMLBTOTAL-26JUL202005CWSTEX-7,56-65c,64.0,1.39,1.3,1225,True,WIN,36.0,,,,,,,,,
2026-07-29T04:53:11Z,2026-07-19,2026-07-26,expensive_yes,2026-07-20,CWS@TEX,822874,CWS,TEX,TEX,team_total,team totals,4.0,YES,KXMLBTEAMTOTAL-26JUL202005CWSTEX-TEX4,56-65c,59.0,12.66,1.3,1225,True,LOSE,-59.0,0.1046,0.5883,,,,underdog,weak_lt_8,very_bad_5_25_plus,45_50
2026-07-29T04:53:11Z,2026-07-19,2026-07-26,expensive_yes,2026-07-20,CWS@TEX,822874,CWS,TEX,TEX,team_total,team totals,3.0,YES,KXMLBTEAMTOTAL-26JUL202005CWSTEX-TEX3,66-80c,76.0,11.69,1.3,1225,True,WIN,24.0,,,,,,underdog,weak_lt_8,very_bad_5_25_plus,45_50
2026-07-29T04:53:11Z,2026-07-19,2026-07-26,expensive_yes,2026-07-20,CWS@TEX,822874,CWS,TEX,TEX,team_total,team totals,2.0,YES,KXMLBTEAMTOTAL-26JUL202005CWSTEX-TEX2,81-99c,88.0,11.46,1.3,1225,True,WIN,12.0,,,,,,underdog,weak_lt_8,very_bad_5_25_plus,45_50
2026-07-29T04:53:11Z,2026-07-19,2026-07-26,expensive_yes,2026-07-20,CWS@TEX,822874,CWS,TEX,CWS,team_total,team totals,3.0,YES,KXMLBTEAMTOTAL-26JUL202005CWSTEX-CWS3,56-65c,61.0,12.82,1.3,1225,True,WIN,39.0,,,,,,favorite,solid_13_18,excellent_lt_3_75,50_55
2026-07-29T04:53:11Z,2026-07-19,2026-07-26,expensive_yes,2026-07-20,CWS@TEX,822874,CWS,TEX,CWS,team_total,team totals,2.0,YES,KXMLBTEAMTOTAL-26JUL202005CWSTEX-CWS2,66-80c,78.0,10.9,1.3,1225,True,WIN,22.0,,,,,,favorite,solid_13_18,excellent_lt_3_75,50_55
2026-07-29T04:53:11Z,2026-07-19,2026-07-26,expensive_yes,2026-07-20,CWS@TEX,822874,CWS,TEX,,f5_total,F5 totals,2.0,YES,KXMLBF5TOTAL-26JUL202005CWSTEX-2,81-99c,88.0,20.75,1.3,1225,True,WIN,12.0,,,,,,,,,
2026-07-29T04:53:11Z,2026-07-19,2026-07-26,expensive_yes,2026-07-20,CWS@TEX,822874,CWS,TEX,,f5_total,F5 totals,3.0,YES,KXMLBF5TOTAL-26JUL202005CWSTEX-3,66-80c,74.0,23.51,1.3,1225,True,WIN,26.0,,,,,,,,,
2026-07-29T04:53:11Z,2026-07-19,2026-07-26,expensive_yes,2026-07-20,CWS@TEX,822874,CWS,TEX,,f5_total,F5 totals,4.0,YES,KXMLBF5TOTAL-26JUL202005CWSTEX-4,56-65c,59.0,15.8,1.3,1225,True,WIN,41.0,,,,,,,,,
2026-07-29T04:53:11Z,2026-07-19,2026-07-26,expensive_yes,2026-07-20,CWS@TEX,822874,CWS,TEX,,f5_total,F5 totals,1.0,YES,KXMLBF5TOTAL-26JUL202005CWSTEX-1,81-99c,96.0,26.6,1.3,1225,True,WIN,4.0,,,,,,,,,
2026-07-29T04:53:11Z,2026-07-19,2026-07-26,expensive_yes,2026-07-20,CIN@SEA,823112,CIN,SEA,SEA,moneyline,moneyline,,YES,KXMLBGAME-26JUL202140CINSEA-SEA,56-65c,59.0,1.05,1.5,1341,True,WIN,41.0,0.0837,0.472,,,,favorite,below_avg_8_13,very_bad_5_25_plus,45_50
2026-07-29T04:53:11Z,2026-07-19,2026-07-26,expensive_yes,2026-07-20,CIN@SEA,823112,CIN,SEA,,full_game_total,full game totals,2.0,YES,KXMLBTOTAL-26JUL202140CINSEA-2,81-99c,98.0,2.29,1.5,1271,True,WIN,2.0,,,,,,,,,
2026-07-29T04:53:11Z,2026-07-19,2026-07-26,expensive_yes,2026-07-20,CIN@SEA,823112,CIN,SEA,,full_game_total,full game totals,3.0,YES,KXMLBTOTAL-26JUL202140CINSEA-3,81-99c,96.0,2.86,1.5,1271,True,WIN,4.0,,,,,,,,,
2026-07-29T04:53:11Z,2026-07-19,2026-07-26,expensive_yes,2026-07-20,CIN@SEA,823112,CIN,SEA,,full_game_total,full game totals,4.0,YES,KXMLBTOTAL-26JUL202140CINSEA-4,81-99c,90.0,2.76,1.5,1271,True,WIN,10.0,,,,,,,,,
2026-07-29T04:53:11Z,2026-07-19,2026-07-26,expensive_yes,2026-07-20,CIN@SEA,823112,CIN,SEA,,full_game_total,full game totals,7.0,YES,KXMLBTOTAL-26JUL202140CINSEA-7,56-65c,63.0,1.2,1.5,1271,True,WIN,37.0,,,,,,,,,
2026-07-29T04:53:11Z,2026-07-19,2026-07-26,expensive_yes,2026-07-20,CIN@SEA,823112,CIN,SEA,,full_game_total,full game totals,5.0,YES,KXMLBTOTAL-26JUL202140CINSEA-5,81-99c,83.0,2.33,1.5,1271,True,WIN,17.0,,,,,,,,,
2026-07-29T04:53:11Z,2026-07-19,2026-07-26,expensive_yes,2026-07-20,CIN@SEA,823112,CIN,SEA,,full_game_total,full game totals,6.0,YES,KXMLBTOTAL-26JUL202140CINSEA-6,66-80c,71.0,1.57,1.5,1271,True,WIN,29.0,,,,,,,,,
2026-07-29T04:53:11Z,2026-07-19,2026-07-26,expensive_yes,2026-07-20,CIN@SEA,823112,CIN,SEA,CIN,team_total,team totals,3.0,YES,KXMLBTEAMTOTAL-26JUL202140CINSEA-CIN3,56-65c,64.0,13.94,1.5,1271,True,LOSE,-64.0,,,,,,underdog,solid_13_18,good_3_75_4_25,45_50
2026-07-29T04:53:11Z,2026-07-19,2026-07-26,expensive_yes,2026-07-20,CIN@SEA,823112,CIN,SEA,SEA,team_total,team totals,2.0,YES,KXMLBTEAMTOTAL-26JUL202140CINSEA-SEA2,81-99c,85.0,12.67,1.5,1271,True,WIN,15.0,,,,,,favorite,below_avg_8_13,very_bad_5_25_plus,45_50
2026-07-29T04:53:11Z,2026-07-19,2026-07-26,expensive_yes,2026-07-20,CIN@SEA,823112,CIN,SEA,CIN,team_total,team totals,2.0,YES,KXMLBTEAMTOTAL-26JUL202140CINSEA-CIN2,66-80c,80.0,12.36,1.5,1271,True,LOSE,-80.0,,,,,,underdog,solid_13_18,good_3_75_4_25,45_50
2026-07-29T04:53:11Z,2026-07-19,2026-07-26,expensive_yes,2026-07-20,CIN@SEA,823112,CIN,SEA,SEA,team_total,team totals,3.0,YES,KXMLBTEAMTOTAL-26JUL202140CINSEA-SEA3,66-80c,71.0,11.63,1.5,1271,True,WIN,29.0,,,,,,favorite,below_avg_8_13,very_bad_5_25_plus,45_50
2026-07-29T04:53:11Z,2026-07-19,2026-07-26,expensive_yes,2026-07-20,CIN@SEA,823112,CIN,SEA,SEA,team_total,team totals,4.0,YES,KXMLBTEAMTOTAL-26JUL202140CINSEA-SEA4,56-65c,57.0,13.46,1.5,1271,True,WIN,43.0,0.0856,0.531,,,,favorite,below_avg_8_13,very_bad_5_25_plus,45_50
2026-07-29T04:53:11Z,2026-07-19,2026-07-26,expensive_yes,2026-07-20,CIN@SEA,823112,CIN,SEA,,f5_total,F5 totals,2.0,YES,KXMLBF5TOTAL-26JUL202140CINSEA-2,81-99c,87.0,19.05,1.5,1271,True,LOSE,-87.0,,,,,,,,,
2026-07-29T04:53:11Z,2026-07-19,2026-07-26,expensive_yes,2026-07-20,CIN@SEA,823112,CIN,SEA,,f5_total,F5 totals,1.0,YES,KXMLBF5TOTAL-26JUL202140CINSEA-1,81-99c,98.0,29.08,1.5,1271,True,WIN,2.0,,,,,,,,,
2026-07-29T04:53:11Z,2026-07-19,2026-07-26,expensive_yes,2026-07-20,CIN@SEA,823112,CIN,SEA,,f5_total,F5 totals,4.0,YES,KXMLBF5TOTAL-26JUL202140CINSEA-4,56-65c,57.0,15.62,1.5,1271,True,LOSE,-57.0,,,,,,,,,
2026-07-29T04:53:11Z,2026-07-19,2026-07-26,expensive_yes,2026-07-20,CIN@SEA,823112,CIN,SEA,,f5_total,F5 totals,3.0,YES,KXMLBF5TOTAL-26JUL202140CINSEA-3,66-80c,72.0,19.34,1.5,1271,True,LOSE,-72.0,,,,,,,,,
2026-07-29T04:53:11Z,2026-07-19,2026-07-26,expensive_yes,2026-07-20,LAD@PHI,823436,LAD,PHI,PHI,moneyline,moneyline,,YES,KXMLBGAME-26JUL201910LADPHI-PHI,56-65c,58.0,1.0,1.4,1269,True,WIN,42.0,0.0,0.472,,,,underdog,below_avg_8_13,bad_4_75_5_25,40_45
2026-07-29T04:53:11Z,2026-07-19,2026-07-26,expensive_yes,2026-07-20,LAD@PHI,823436,LAD,PHI,,full_game_total,full game totals,7.0,YES,KXMLBTOTAL-26JUL201910LADPHI-7,66-80c,70.0,1.29,1.4,1209,True,WIN,30.0,,,,,,,,,
2026-07-29T04:53:11Z,2026-07-19,2026-07-26,expensive_yes,2026-07-20,LAD@PHI,823436,LAD,PHI,,full_game_total,full game totals,6.0,YES,KXMLBTOTAL-26JUL201910LADPHI-6,66-80c,77.0,1.92,1.4,1209,True,WIN,23.0,,,,,,,,,
2026-07-29T04:53:11Z,2026-07-19,2026-07-26,expensive_yes,2026-07-20,LAD@PHI,823436,LAD,PHI,,full_game_total,full game totals,3.0,YES,KXMLBTOTAL-26JUL201910LADPHI-3,81-99c,97.0,2.29,1.4,1209,True,WIN,3.0,,,,,,,,,
2026-07-29T04:53:11Z,2026-07-19,2026-07-26,expensive_yes,2026-07-20,LAD@PHI,823436,LAD,PHI,,full_game_total,full game totals,4.0,YES,KXMLBTOTAL-26JUL201910LADPHI-4,81-99c,91.0,3.14,1.4,1209,True,WIN,9.0,,,,,,,,,
2026-07-29T04:53:11Z,2026-07-19,2026-07-26,expensive_yes,2026-07-20,LAD@PHI,823436,LAD,PHI,,full_game_total,full game totals,5.0,YES,KXMLBTOTAL-26JUL201910LADPHI-5,81-99c,87.0,1.74,1.4,1209,True,WIN,13.0,,,,,,,,,
2026-07-29T04:53:11Z,2026-07-19,2026-07-26,expensive_yes,2026-07-20,LAD@PHI,823436,LAD,PHI,,full_game_total,full game totals,8.0,YES,KXMLBTOTAL-26JUL201910LADPHI-8,56-65c,59.0,1.06,1.4,1209,True,WIN,41.0,,,,,,,,,
2026-07-29T04:53:11Z,2026-07-19,2026-07-26,expensive_yes,2026-07-20,LAD@PHI,823436,LAD,PHI,PHI,team_total,team totals,3.0,YES,KXMLBTEAMTOTAL-26JUL201910LADPHI-PHI3,66-80c,75.0,11.55,1.4,1209,True,WIN,25.0,,,,,,underdog,below_avg_8_13,bad_4_75_5_25,40_45
2026-07-29T04:53:11Z,2026-07-19,2026-07-26,expensive_yes,2026-07-20,LAD@PHI,823436,LAD,PHI,PHI,team_total,team totals,2.0,YES,KXMLBTEAMTOTAL-26JUL201910LADPHI-PHI2,81-99c,86.0,10.39,1.4,1209,True,WIN,14.0,,,,,,underdog,below_avg_8_13,bad_4_75_5_25,40_45
2026-07-29T04:53:11Z,2026-07-19,2026-07-26,expensive_yes,2026-07-20,LAD@PHI,823436,LAD,PHI,PHI,team_total,team totals,4.0,YES,KXMLBTEAMTOTAL-26JUL201910LADPHI-PHI4,56-65c,62.0,12.73,1.4,1209,True,WIN,38.0,0.0,0.531,,,,underdog,below_avg_8_13,bad_4_75_5_25,40_45
2026-07-29T04:53:11Z,2026-07-19,2026-07-26,expensive_yes,2026-07-20,LAD@PHI,823436,LAD,PHI,LAD,team_total,team totals,3.0,YES,KXMLBTEAMTOTAL-26JUL201910LADPHI-LAD3,66-80c,69.0,12.86,1.4,1209,True,WIN,31.0,,,,,,favorite,strong_18_23,excellent_lt_3_75,40_45
2026-07-29T04:53:11Z,2026-07-19,2026-07-26,expensive_yes,2026-07-20,LAD@PHI,823436,LAD,PHI,LAD,team_total,team totals,2.0,YES,KXMLBTEAMTOTAL-26JUL201910LADPHI-LAD2,81-99c,82.0,10.84,1.4,1209,True,WIN,18.0,,,,,,favorite,strong_18_23,excellent_lt_3_75,40_45
2026-07-29T04:53:11Z,2026-07-19,2026-07-26,expensive_yes,2026-07-20,LAD@PHI,823436,LAD,PHI,,f5_total,F5 totals,4.0,YES,KXMLBF5TOTAL-26JUL201910LADPHI-4,56-65c,64.0,14.33,1.4,1209,True,WIN,36.0,,,,,,,,,
2026-07-29T04:53:11Z,2026-07-19,2026-07-26,expensive_yes,2026-07-20,LAD@PHI,823436,LAD,PHI,,f5_total,F5 totals,2.0,YES,KXMLBF5TOTAL-26JUL201910LADPHI-2,81-99c,90.0,24.29,1.4,1209,True,WIN,10.0,,,,,,,,,
2026-07-29T04:53:11Z,2026-07-19,2026-07-26,expensive_yes,2026-07-20,LAD@PHI,823436,LAD,PHI,,f5_total,F5 totals,3.0,YES,KXMLBF5TOTAL-26JUL201910LADPHI-3,66-80c,76.0,19.03,1.4,1209,True,WIN,24.0,,,,,,,,,
2026-07-29T04:53:11Z,2026-07-19,2026-07-26,expensive_yes,2026-07-20,LAD@PHI,823436,LAD,PHI,,f5_total,F5 totals,1.0,YES,KXMLBF5TOTAL-26JUL201910LADPHI-1,81-99c,97.0,27.47,1.4,1209,True,WIN,3.0,,,,,,,,,
2026-07-29T04:53:11Z,2026-07-19,2026-07-26,expensive_yes,2026-07-20,PIT@NYY,823522,PIT,NYY,,full_game_total,full game totals,3.0,YES,KXMLBTOTAL-26JUL201905PITNYY-3,81-99c,97.0,1.54,0.4,1197,True,WIN,3.0,,,,,,,,,
2026-07-29T04:53:11Z,2026-07-19,2026-07-26,expensive_yes,2026-07-20,PIT@NYY,823522,PIT,NYY,,full_game_total,full game totals,2.0,YES,KXMLBTOTAL-26JUL201905PITNYY-2,81-99c,99.0,1.6,0.4,1197,True,WIN,1.0,,,,,,,,,
2026-07-29T04:53:11Z,2026-07-19,2026-07-26,expensive_yes,2026-07-20,PIT@NYY,823522,PIT,NYY,,full_game_total,full game totals,4.0,YES,KXMLBTOTAL-26JUL201905PITNYY-4,81-99c,90.0,2.28,0.4,1197,True,WIN,10.0,,,,,,,,,
2026-07-29T04:53:11Z,2026-07-19,2026-07-26,expensive_yes,2026-07-20,PIT@NYY,823522,PIT,NYY,,full_game_total,full game totals,5.0,YES,KXMLBTOTAL-26JUL201905PITNYY-5,81-99c,84.0,1.97,0.4,1197,True,WIN,16.0,,,,,,,,,
2026-07-29T04:53:11Z,2026-07-19,2026-07-26,expensive_yes,2026-07-20,PIT@NYY,823522,PIT,NYY,,full_game_total,full game totals,7.0,YES,KXMLBTOTAL-26JUL201905PITNYY-7,56-65c,65.0,1.15,0.4,1197,True,WIN,35.0,,,,,,,,,
2026-07-29T04:53:11Z,2026-07-19,2026-07-26,expensive_yes,2026-07-20,PIT@NYY,823522,PIT,NYY,,full_game_total,full game totals,6.0,YES,KXMLBTOTAL-26JUL201905PITNYY-6,66-80c,72.0,1.63,0.4,1197,True,WIN,28.0,,,,,,,,,
2026-07-29T04:53:11Z,2026-07-19,2026-07-26,expensive_yes,2026-07-20,PIT@NYY,823522,PIT,NYY,NYY,team_total,team totals,2.0,YES,KXMLBTEAMTOTAL-26JUL201905PITNYY-NYY2,81-99c,83.0,8.44,0.4,1197,True,WIN,17.0,,,,,,favorite,strong_18_23,good_3_75_4_25,45_50
2026-07-29T04:53:11Z,2026-07-19,2026-07-26,expensive_yes,2026-07-20,PIT@NYY,823522,PIT,NYY,NYY,team_total,team totals,3.0,YES,KXMLBTEAMTOTAL-26JUL201905PITNYY-NYY3,66-80c,69.0,9.27,0.4,1197,True,WIN,31.0,,,,,,favorite,strong_18_23,good_3_75_4_25,45_50
2026-07-29T04:53:11Z,2026-07-19,2026-07-26,expensive_yes,2026-07-20,PIT@NYY,823522,PIT,NYY,PIT,team_total,team totals,2.0,YES,KXMLBTEAMTOTAL-26JUL201905PITNYY-PIT2,81-99c,83.0,12.54,0.4,1197,True,WIN,17.0,,,,,,underdog,below_avg_8_13,avg_4_25_4_75,60_plus
2026-07-29T04:53:11Z,2026-07-19,2026-07-26,expensive_yes,2026-07-20,PIT@NYY,823522,PIT,NYY,PIT,team_total,team totals,3.0,YES,KXMLBTEAMTOTAL-26JUL201905PITNYY-PIT3,66-80c,71.0,13.26,0.4,1197,True,WIN,29.0,,,,,,underdog,below_avg_8_13,avg_4_25_4_75,60_plus
2026-07-29T04:53:11Z,2026-07-19,2026-07-26,expensive_yes,2026-07-20,PIT@NYY,823522,PIT,NYY,,f5_total,F5 totals,2.0,YES,KXMLBF5TOTAL-26JUL201905PITNYY-2,81-99c,88.0,18.77,0.4,1197,True,WIN,12.0,,,,,,,,,
2026-07-29T04:53:11Z,2026-07-19,2026-07-26,expensive_yes,2026-07-20,PIT@NYY,823522,PIT,NYY,,f5_total,F5 totals,3.0,YES,KXMLBF5TOTAL-26JUL201905PITNYY-3,66-80c,73.0,15.04,0.4,1197,True,WIN,27.0,,,,,,,,,
2026-07-29T04:53:11Z,2026-07-19,2026-07-26,expensive_yes,2026-07-20,PIT@NYY,823522,PIT,NYY,,f5_total,F5 totals,1.0,YES,KXMLBF5TOTAL-26JUL201905PITNYY-1,81-99c,96.0,24.51,0.4,1197,True,WIN,4.0,,,,,,,,,
2026-07-29T04:53:11Z,2026-07-19,2026-07-26,expensive_yes,2026-07-20,PIT@NYY,823522,PIT,NYY,,f5_total,F5 totals,4.0,YES,KXMLBF5TOTAL-26JUL201905PITNYY-4,56-65c,59.0,12.25,0.4,1197,True,WIN,41.0,,,,,,,,,
2026-07-29T04:53:11Z,2026-07-19,2026-07-26,expensive_yes,2026-07-20,NYM@MIL,823762,NYM,MIL,MIL,moneyline,moneyline,,YES,KXMLBGAME-26JUL201940NYMMIL-MIL,66-80c,67.0,1.03,2.2,1283,True,WIN,33.0,0.5649,0.6039,,,,favorite,below_avg_8_13,bad_4_75_5_25,50_55
2026-07-29T04:53:11Z,2026-07-19,2026-07-26,expensive_yes,2026-07-20,NYM@MIL,823762,NYM,MIL,,full_game_total,full game totals,7.0,YES,KXMLBTOTAL-26JUL201940NYMMIL-7,56-65c,63.0,1.25,2.2,1223,True,WIN,37.0,,,,,,,,,
2026-07-29T04:53:11Z,2026-07-19,2026-07-26,expensive_yes,2026-07-20,NYM@MIL,823762,NYM,MIL,,full_game_total,full game totals,4.0,YES,KXMLBTOTAL-26JUL201940NYMMIL-4,81-99c,88.0,2.17,2.2,1223,True,WIN,12.0,,,,,,,,,
2026-07-29T04:53:11Z,2026-07-19,2026-07-26,expensive_yes,2026-07-20,NYM@MIL,823762,NYM,MIL,,full_game_total,full game totals,5.0,YES,KXMLBTOTAL-26JUL201940NYMMIL-5,81-99c,83.0,2.06,2.2,1223,True,WIN,17.0,,,,,,,,,
2026-07-29T04:53:11Z,2026-07-19,2026-07-26,expensive_yes,2026-07-20,NYM@MIL,823762,NYM,MIL,,full_game_total,full game totals,2.0,YES,KXMLBTOTAL-26JUL201940NYMMIL-2,81-99c,98.0,2.22,2.2,1223,True,WIN,2.0,,,,,,,,,
2026-07-29T04:53:11Z,2026-07-19,2026-07-26,expensive_yes,2026-07-20,NYM@MIL,823762,NYM,MIL,,full_game_total,full game totals,3.0,YES,KXMLBTOTAL-26JUL201940NYMMIL-3,81-99c,97.0,3.51,2.2,1223,True,WIN,3.0,,,,,,,,,
2026-07-29T04:53:11Z,2026-07-19,2026-07-26,expensive_yes,2026-07-20,NYM@MIL,823762,NYM,MIL,,full_game_total,full game totals,6.0,YES,KXMLBTOTAL-26JUL201940NYMMIL-6,66-80c,72.0,1.57,2.2,1223,True,WIN,28.0,,,,,,,,,
2026-07-29T04:53:11Z,2026-07-19,2026-07-26,expensive_yes,2026-07-20,NYM@MIL,823762,NYM,MIL,NYM,team_total,team totals,3.0,YES,KXMLBTEAMTOTAL-26JUL201940NYMMIL-NYM3,56-65c,56.0,13.71,2.2,1223,True,WIN,44.0,,,,,,underdog,elite_23_plus,excellent_lt_3_75,50_55
2026-07-29T04:53:11Z,2026-07-19,2026-07-26,expensive_yes,2026-07-20,NYM@MIL,823762,NYM,MIL,MIL,team_total,team totals,4.0,YES,KXMLBTEAMTOTAL-26JUL201940NYMMIL-MIL4,56-65c,63.0,11.67,2.2,1223,True,WIN,37.0,0.5094,0.6395,,,,favorite,below_avg_8_13,bad_4_75_5_25,50_55
2026-07-29T04:53:11Z,2026-07-19,2026-07-26,expensive_yes,2026-07-20,NYM@MIL,823762,NYM,MIL,NYM,team_total,team totals,2.0,YES,KXMLBTEAMTOTAL-26JUL201940NYMMIL-NYM2,66-80c,74.0,13.36,2.2,1223,True,WIN,26.0,,,,,,underdog,elite_23_plus,excellent_lt_3_75,50_55
2026-07-29T04:53:11Z,2026-07-19,2026-07-26,expensive_yes,2026-07-20,NYM@MIL,823762,NYM,MIL,MIL,team_total,team totals,3.0,YES,KXMLBTEAMTOTAL-26JUL201940NYMMIL-MIL3,66-80c,79.0,10.41,2.2,1223,True,WIN,21.0,,,,,,favorite,below_avg_8_13,bad_4_75_5_25,50_55
2026-07-29T04:53:11Z,2026-07-19,2026-07-26,expensive_yes,2026-07-20,NYM@MIL,823762,NYM,MIL,MIL,team_total,team totals,2.0,YES,KXMLBTEAMTOTAL-26JUL201940NYMMIL-MIL2,81-99c,89.0,9.6,2.2,1223,True,WIN,11.0,,,,,,favorite,below_avg_8_13,bad_4_75_5_25,50_55
2026-07-29T04:53:11Z,2026-07-19,2026-07-26,expensive_yes,2026-07-20,NYM@MIL,823762,NYM,MIL,MIL,f5_winner,F5 winner,,YES,KXMLBF5-26JUL201940NYMMIL-MIL,56-65c,61.0,4.13,2.2,1223,True,WIN,39.0,,,,,,favorite,below_avg_8_13,bad_4_75_5_25,50_55
2026-07-29T04:53:11Z,2026-07-19,2026-07-26,expensive_yes,2026-07-20,NYM@MIL,823762,NYM,MIL,,f5_total,F5 totals,3.0,YES,KXMLBF5TOTAL-26JUL201940NYMMIL-3,66-80c,71.0,15.03,2.2,1223,True,WIN,29.0,,,,,,,,,
2026-07-29T04:53:11Z,2026-07-19,2026-07-26,expensive_yes,2026-07-20,NYM@MIL,823762,NYM,MIL,,f5_total,F5 totals,2.0,YES,KXMLBF5TOTAL-26JUL201940NYMMIL-2,81-99c,85.0,14.59,2.2,1223,True,WIN,15.0,,,,,,,,,
2026-07-29T04:53:11Z,2026-07-19,2026-07-26,expensive_yes,2026-07-20,NYM@MIL,823762,NYM,MIL,,f5_total,F5 totals,1.0,YES,KXMLBF5TOTAL-26JUL201940NYMMIL-1,81-99c,95.0,23.49,2.2,1223,True,WIN,5.0,,,,,,,,,
2026-07-29T04:53:11Z,2026-07-19,2026-07-26,expensive_yes,2026-07-20,STL@LAA,824006,STL,LAA,,full_game_total,full game totals,3.0,YES,KXMLBTOTAL-26JUL202210STLLAA-3,81-99c,98.0,2.93,1.0,1288,True,WIN,2.0,,,,,,,,,
2026-07-29T04:53:11Z,2026-07-19,2026-07-26,expensive_yes,2026-07-20,STL@LAA,824006,STL,LAA,,full_game_total,full game totals,4.0,YES,KXMLBTOTAL-26JUL202210STLLAA-4,81-99c,93.0,3.08,1.0,1288,True,WIN,7.0,,,,,,,,,
2026-07-29T04:53:11Z,2026-07-19,2026-07-26,expensive_yes,2026-07-20,STL@LAA,824006,STL,LAA,,full_game_total,full game totals,5.0,YES,KXMLBTOTAL-26JUL202210STLLAA-5,81-99c,89.0,1.45,1.0,1288,True,WIN,11.0,,,,,,,,,
2026-07-29T04:53:11Z,2026-07-19,2026-07-26,expensive_yes,2026-07-20,STL@LAA,824006,STL,LAA,,full_game_total,full game totals,6.0,YES,KXMLBTOTAL-26JUL202210STLLAA-6,66-80c,80.0,2.0,1.0,1288,True,LOSE,-80.0,,,,,,,,,
2026-07-29T04:53:11Z,2026-07-19,2026-07-26,expensive_yes,2026-07-20,STL@LAA,824006,STL,LAA,,full_game_total,full game totals,7.0,YES,KXMLBTOTAL-26JUL202210STLLAA-7,66-80c,74.0,1.77,1.0,1288,True,LOSE,-74.0,,,,,,,,,
2026-07-29T04:53:11Z,2026-07-19,2026-07-26,expensive_yes,2026-07-20,STL@LAA,824006,STL,LAA,,full_game_total,full game totals,8.0,YES,KXMLBTOTAL-26JUL202210STLLAA-8,56-65c,63.0,1.31,1.0,1288,True,LOSE,-63.0,,,,,,,,,
2026-07-29T04:53:11Z,2026-07-19,2026-07-26,expensive_yes,2026-07-20,STL@LAA,824006,STL,LAA,STL,team_total,team totals,2.0,YES,KXMLBTEAMTOTAL-26JUL202210STLLAA-STL2,81-99c,87.0,11.19,1.0,1288,True,WIN,13.0,,,,,,favorite,weak_lt_8,bad_4_75_5_25,40_45
2026-07-29T04:53:11Z,2026-07-19,2026-07-26,expensive_yes,2026-07-20,STL@LAA,824006,STL,LAA,STL,team_total,team totals,3.0,YES,KXMLBTEAMTOTAL-26JUL202210STLLAA-STL3,66-80c,74.0,11.26,1.0,1288,True,LOSE,-74.0,,,,,,favorite,weak_lt_8,bad_4_75_5_25,40_45
2026-07-29T04:53:11Z,2026-07-19,2026-07-26,expensive_yes,2026-07-20,STL@LAA,824006,STL,LAA,STL,team_total,team totals,4.0,YES,KXMLBTEAMTOTAL-26JUL202210STLLAA-STL4,56-65c,61.0,12.7,1.0,1288,True,LOSE,-61.0,0.1436,0.5883,,,,favorite,weak_lt_8,bad_4_75_5_25,40_45
2026-07-29T04:53:11Z,2026-07-19,2026-07-26,expensive_yes,2026-07-20,STL@LAA,824006,STL,LAA,LAA,team_total,team totals,4.0,YES,KXMLBTEAMTOTAL-26JUL202210STLLAA-LAA4,56-65c,60.0,9.71,1.0,1288,True,LOSE,-60.0,0.0,0.531,,,,underdog,below_avg_8_13,very_bad_5_25_plus,45_50
2026-07-29T04:53:11Z,2026-07-19,2026-07-26,expensive_yes,2026-07-20,STL@LAA,824006,STL,LAA,LAA,team_total,team totals,3.0,YES,KXMLBTEAMTOTAL-26JUL202210STLLAA-LAA3,66-80c,74.0,10.89,1.0,1288,True,WIN,26.0,,,,,,underdog,below_avg_8_13,very_bad_5_25_plus,45_50
2026-07-29T04:53:11Z,2026-07-19,2026-07-26,expensive_yes,2026-07-20,STL@LAA,824006,STL,LAA,LAA,team_total,team totals,2.0,YES,KXMLBTEAMTOTAL-26JUL202210STLLAA-LAA2,81-99c,87.0,12.29,1.0,1288,True,WIN,13.0,,,,,,underdog,below_avg_8_13,very_bad_5_25_plus,45_50
2026-07-29T04:53:11Z,2026-07-19,2026-07-26,expensive_yes,2026-07-20,STL@LAA,824006,STL,LAA,,f5_total,F5 totals,3.0,YES,KXMLBF5TOTAL-26JUL202210STLLAA-3,81-99c,82.0,18.48,1.0,1288,True,WIN,18.0,,,,,,,,,
2026-07-29T04:53:11Z,2026-07-19,2026-07-26,expensive_yes,2026-07-20,STL@LAA,824006,STL,LAA,,f5_total,F5 totals,2.0,YES,KXMLBF5TOTAL-26JUL202210STLLAA-2,81-99c,92.0,30.69,1.0,1288,True,WIN,8.0,,,,,,,,,
2026-07-29T04:53:11Z,2026-07-19,2026-07-26,expensive_yes,2026-07-20,STL@LAA,824006,STL,LAA,,f5_total,F5 totals,1.0,YES,KXMLBF5TOTAL-26JUL202210STLLAA-1,81-99c,98.0,26.57,1.0,1288,True,WIN,2.0,,,,,,,,,
2026-07-29T04:53:11Z,2026-07-19,2026-07-26,expensive_yes,2026-07-20,STL@LAA,824006,STL,LAA,,f5_total,F5 totals,5.0,YES,KXMLBF5TOTAL-26JUL202210STLLAA-5,56-65c,56.0,12.26,1.0,1288,True,LOSE,-56.0,,,,,,,,,
2026-07-29T04:53:11Z,2026-07-19,2026-07-26,expensive_yes,2026-07-20,STL@LAA,824006,STL,LAA,,f5_total,F5 totals,4.0,YES,KXMLBF5TOTAL-26JUL202210STLLAA-4,66-80c,69.0,15.38,1.0,1288,True,LOSE,-69.0,,,,,,,,,
2026-07-29T04:53:11Z,2026-07-19,2026-07-26,expensive_yes,2026-07-20,SF@KC,824087,SF,KC,,full_game_total,full game totals,9.0,YES,KXMLBTOTAL-26JUL201940SFKC-9,66-80c,66.0,1.27,2.2,1023,True,LOSE,-66.0,,,,,,,,,
2026-07-29T04:53:11Z,2026-07-19,2026-07-26,expensive_yes,2026-07-20,SF@KC,824087,SF,KC,,full_game_total,full game totals,10.0,YES,KXMLBTOTAL-26JUL201940SFKC-10,56-65c,56.0,1.14,2.2,1023,True,LOSE,-56.0,,,,,,,,,
2026-07-29T04:53:11Z,2026-07-19,2026-07-26,expensive_yes,2026-07-20,SF@KC,824087,SF,KC,,full_game_total,full game totals,5.0,YES,KXMLBTOTAL-26JUL201940SFKC-5,81-99c,94.0,1.96,2.2,1023,True,WIN,6.0,,,,,,,,,
2026-07-29T04:53:11Z,2026-07-19,2026-07-26,expensive_yes,2026-07-20,SF@KC,824087,SF,KC,,full_game_total,full game totals,6.0,YES,KXMLBTOTAL-26JUL201940SFKC-6,81-99c,88.0,1.68,2.2,1023,True,WIN,12.0,,,,,,,,,
2026-07-29T04:53:11Z,2026-07-19,2026-07-26,expensive_yes,2026-07-20,SF@KC,824087,SF,KC,,full_game_total,full game totals,7.0,YES,KXMLBTOTAL-26JUL201940SFKC-7,81-99c,82.0,1.59,2.2,1023,True,WIN,18.0,,,,,,,,,
2026-07-29T04:53:11Z,2026-07-19,2026-07-26,expensive_yes,2026-07-20,SF@KC,824087,SF,KC,,full_game_total,full game totals,8.0,YES,KXMLBTOTAL-26JUL201940SFKC-8,66-80c,72.0,1.27,2.2,1023,True,LOSE,-72.0,,,,,,,,,
2026-07-29T04:53:11Z,2026-07-19,2026-07-26,expensive_yes,2026-07-20,SF@KC,824087,SF,KC,KC,team_total,team totals,2.0,YES,KXMLBTEAMTOTAL-26JUL201940SFKC-KC2,81-99c,92.0,2.64,2.2,1023,True,WIN,8.0,,,,,,underdog,below_avg_8_13,bad_4_75_5_25,55_60
2026-07-29T04:53:11Z,2026-07-19,2026-07-26,expensive_yes,2026-07-20,SF@KC,824087,SF,KC,KC,team_total,team totals,4.0,YES,KXMLBTEAMTOTAL-26JUL201940SFKC-KC4,66-80c,69.0,3.35,2.2,1023,True,WIN,31.0,0.0009,0.531,,,,underdog,below_avg_8_13,bad_4_75_5_25,55_60
2026-07-29T04:53:11Z,2026-07-19,2026-07-26,expensive_yes,2026-07-20,SF@KC,824087,SF,KC,SF,team_total,team totals,2.0,YES,KXMLBTEAMTOTAL-26JUL201940SFKC-SF2,81-99c,90.0,2.89,2.2,1023,True,WIN,10.0,,,,,,favorite,below_avg_8_13,bad_4_75_5_25,50_55
2026-07-29T04:53:11Z,2026-07-19,2026-07-26,expensive_yes,2026-07-20,SF@KC,824087,SF,KC,SF,team_total,team totals,3.0,YES,KXMLBTEAMTOTAL-26JUL201940SFKC-SF3,66-80c,80.0,2.18,2.2,1023,True,WIN,20.0,,,,,,favorite,below_avg_8_13,bad_4_75_5_25,50_55
2026-07-29T04:53:11Z,2026-07-19,2026-07-26,expensive_yes,2026-07-20,SF@KC,824087,SF,KC,KC,team_total,team totals,3.0,YES,KXMLBTEAMTOTAL-26JUL201940SFKC-KC3,81-99c,82.0,2.36,2.2,1023,True,WIN,18.0,,,,,,underdog,below_avg_8_13,bad_4_75_5_25,55_60
2026-07-29T04:53:11Z,2026-07-19,2026-07-26,expensive_yes,2026-07-20,SF@KC,824087,SF,KC,KC,team_total,team totals,5.0,YES,KXMLBTEAMTOTAL-26JUL201940SFKC-KC5,56-65c,57.0,2.63,2.2,1023,True,LOSE,-57.0,,,,,,underdog,below_avg_8_13,bad_4_75_5_25,55_60
2026-07-29T04:53:11Z,2026-07-19,2026-07-26,expensive_yes,2026-07-20,SF@KC,824087,SF,KC,SF,team_total,team totals,4.0,YES,KXMLBTEAMTOTAL-26JUL201940SFKC-SF4,66-80c,69.0,2.81,2.2,1023,True,LOSE,-69.0,0.4166,0.6395,,,,favorite,below_avg_8_13,bad_4_75_5_25,50_55
2026-07-29T04:53:11Z,2026-07-19,2026-07-26,expensive_yes,2026-07-20,SF@KC,824087,SF,KC,,f5_total,F5 totals,4.0,YES,KXMLBF5TOTAL-26JUL201940SFKC-4,66-80c,77.0,5.06,2.2,1023,True,WIN,23.0,,,,,,,,,
2026-07-29T04:53:11Z,2026-07-19,2026-07-26,expensive_yes,2026-07-20,SF@KC,824087,SF,KC,,f5_total,F5 totals,5.0,YES,KXMLBF5TOTAL-26JUL201940SFKC-5,56-65c,63.0,2.26,2.2,1023,True,LOSE,-63.0,,,,,,,,,
2026-07-29T04:53:11Z,2026-07-19,2026-07-26,expensive_yes,2026-07-20,SF@KC,824087,SF,KC,,f5_total,F5 totals,3.0,YES,KXMLBF5TOTAL-26JUL201940SFKC-3,81-99c,87.0,5.41,2.2,1023,True,WIN,13.0,,,,,,,,,
2026-07-29T04:53:11Z,2026-07-19,2026-07-26,expensive_yes,2026-07-20,SF@KC,824087,SF,KC,,f5_total,F5 totals,2.0,YES,KXMLBF5TOTAL-26JUL201940SFKC-2,81-99c,95.0,18.59,2.2,1023,True,WIN,5.0,,,,,,,,,
2026-07-29T04:53:11Z,2026-07-19,2026-07-26,expensive_yes,2026-07-20,SF@KC,824087,SF,KC,,f5_total,F5 totals,1.0,YES,KXMLBF5TOTAL-26JUL201940SFKC-1,81-99c,98.0,17.06,2.2,1023,True,WIN,2.0,,,,,,,,,
2026-07-29T04:53:11Z,2026-07-19,2026-07-26,expensive_yes,2026-07-20,MIA@HOU,824167,MIA,HOU,,full_game_total,full game totals,4.0,YES,KXMLBTOTAL-26JUL202010MIAHOU-4,81-99c,93.0,3.08,2.1,1227,True,WIN,7.0,,,,,,,,,
2026-07-29T04:53:11Z,2026-07-19,2026-07-26,expensive_yes,2026-07-20,MIA@HOU,824167,MIA,HOU,,full_game_total,full game totals,5.0,YES,KXMLBTOTAL-26JUL202010MIAHOU-5,81-99c,88.0,1.22,2.1,1227,True,WIN,12.0,,,,,,,,,
2026-07-29T04:53:11Z,2026-07-19,2026-07-26,expensive_yes,2026-07-20,MIA@HOU,824167,MIA,HOU,,full_game_total,full game totals,6.0,YES,KXMLBTOTAL-26JUL202010MIAHOU-6,66-80c,79.0,2.1,2.1,1227,True,WIN,21.0,,,,,,,,,
2026-07-29T04:53:11Z,2026-07-19,2026-07-26,expensive_yes,2026-07-20,MIA@HOU,824167,MIA,HOU,,full_game_total,full game totals,7.0,YES,KXMLBTOTAL-26JUL202010MIAHOU-7,66-80c,72.0,1.49,2.1,1227,True,WIN,28.0,,,,,,,,,
2026-07-29T04:53:11Z,2026-07-19,2026-07-26,expensive_yes,2026-07-20,MIA@HOU,824167,MIA,HOU,,full_game_total,full game totals,8.0,YES,KXMLBTOTAL-26JUL202010MIAHOU-8,56-65c,61.0,1.33,2.1,1227,True,WIN,39.0,,,,,,,,,
2026-07-29T04:53:11Z,2026-07-19,2026-07-26,expensive_yes,2026-07-20,MIA@HOU,824167,MIA,HOU,MIA,team_total,team totals,4.0,YES,KXMLBTEAMTOTAL-26JUL202010MIAHOU-MIA4,56-65c,59.0,6.77,2.1,1227,True,WIN,41.0,0.0,0.531,,,,favorite,solid_13_18,bad_4_75_5_25,45_50
2026-07-29T04:53:11Z,2026-07-19,2026-07-26,expensive_yes,2026-07-20,MIA@HOU,824167,MIA,HOU,MIA,team_total,team totals,3.0,YES,KXMLBTEAMTOTAL-26JUL202010MIAHOU-MIA3,66-80c,73.0,11.77,2.1,1227,True,WIN,27.0,,,,,,favorite,solid_13_18,bad_4_75_5_25,45_50
2026-07-29T04:53:11Z,2026-07-19,2026-07-26,expensive_yes,2026-07-20,MIA@HOU,824167,MIA,HOU,MIA,team_total,team totals,2.0,YES,KXMLBTEAMTOTAL-26JUL202010MIAHOU-MIA2,81-99c,85.0,8.62,2.1,1227,True,WIN,15.0,,,,,,favorite,solid_13_18,bad_4_75_5_25,45_50
2026-07-29T04:53:11Z,2026-07-19,2026-07-26,expensive_yes,2026-07-20,MIA@HOU,824167,MIA,HOU,HOU,team_total,team totals,4.0,YES,KXMLBTEAMTOTAL-26JUL202010MIAHOU-HOU4,56-65c,61.0,14.65,2.1,1227,True,WIN,39.0,0.0,0.531,,,,underdog,below_avg_8_13,bad_4_75_5_25,50_55
2026-07-29T04:53:11Z,2026-07-19,2026-07-26,expensive_yes,2026-07-20,MIA@HOU,824167,MIA,HOU,HOU,team_total,team totals,3.0,YES,KXMLBTEAMTOTAL-26JUL202010MIAHOU-HOU3,66-80c,75.0,14.02,2.1,1227,True,WIN,25.0,,,,,,underdog,below_avg_8_13,bad_4_75_5_25,50_55
2026-07-29T04:53:11Z,2026-07-19,2026-07-26,expensive_yes,2026-07-20,MIA@HOU,824167,MIA,HOU,HOU,team_total,team totals,2.0,YES,KXMLBTEAMTOTAL-26JUL202010MIAHOU-HOU2,81-99c,88.0,13.82,2.1,1227,True,WIN,12.0,,,,,,underdog,below_avg_8_13,bad_4_75_5_25,50_55
2026-07-29T04:53:11Z,2026-07-19,2026-07-26,expensive_yes,2026-07-20,MIA@HOU,824167,MIA,HOU,,f5_total,F5 totals,3.0,YES,KXMLBF5TOTAL-26JUL202010MIAHOU-3,66-80c,79.0,21.93,2.1,1227,True,WIN,21.0,,,,,,,,,
2026-07-29T04:53:11Z,2026-07-19,2026-07-26,expensive_yes,2026-07-20,MIA@HOU,824167,MIA,HOU,,f5_total,F5 totals,2.0,YES,KXMLBF5TOTAL-26JUL202010MIAHOU-2,81-99c,92.0,26.64,2.1,1227,True,WIN,8.0,,,,,,,,,
2026-07-29T04:53:11Z,2026-07-19,2026-07-26,expensive_yes,2026-07-20,MIA@HOU,824167,MIA,HOU,,f5_total,F5 totals,1.0,YES,KXMLBF5TOTAL-26JUL202010MIAHOU-1,81-99c,98.0,24.18,2.1,1227,True,WIN,2.0,,,,,,,,,
2026-07-29T04:53:11Z,2026-07-19,2026-07-26,expensive_yes,2026-07-20,MIA@HOU,824167,MIA,HOU,,f5_total,F5 totals,4.0,YES,KXMLBF5TOTAL-26JUL202010MIAHOU-4,66-80c,66.0,22.13,2.1,1227,True,WIN,34.0,,,,,,,,,
2026-07-29T04:53:11Z,2026-07-19,2026-07-26,expensive_yes,2026-07-20,MIN@CLE,824410,MIN,CLE,,full_game_total,full game totals,7.0,YES,KXMLBTOTAL-26JUL201840MINCLE-7,56-65c,63.0,1.2,1.8,1194,True,WIN,37.0,,,,,,,,,
2026-07-29T04:53:11Z,2026-07-19,2026-07-26,expensive_yes,2026-07-20,MIN@CLE,824410,MIN,CLE,,full_game_total,full game totals,3.0,YES,KXMLBTOTAL-26JUL201840MINCLE-3,81-99c,96.0,2.34,1.8,1194,True,WIN,4.0,,,,,,,,,
2026-07-29T04:53:11Z,2026-07-19,2026-07-26,expensive_yes,2026-07-20,MIN@CLE,824410,MIN,CLE,,full_game_total,full game totals,2.0,YES,KXMLBTOTAL-26JUL201840MINCLE-2,81-99c,98.0,2.14,1.8,1194,True,WIN,2.0,,,,,,,,,
2026-07-29T04:53:11Z,2026-07-19,2026-07-26,expensive_yes,2026-07-20,MIN@CLE,824410,MIN,CLE,,full_game_total,full game totals,4.0,YES,KXMLBTOTAL-26JUL201840MINCLE-4,81-99c,89.0,1.53,1.8,1194,True,WIN,11.0,,,,,,,,,
2026-07-29T04:53:11Z,2026-07-19,2026-07-26,expensive_yes,2026-07-20,MIN@CLE,824410,MIN,CLE,,full_game_total,full game totals,5.0,YES,KXMLBTOTAL-26JUL201840MINCLE-5,81-99c,83.0,1.57,1.8,1194,True,WIN,17.0,,,,,,,,,
2026-07-29T04:53:11Z,2026-07-19,2026-07-26,expensive_yes,2026-07-20,MIN@CLE,824410,MIN,CLE,,full_game_total,full game totals,6.0,YES,KXMLBTOTAL-26JUL201840MINCLE-6,66-80c,71.0,1.56,1.8,1194,True,WIN,29.0,,,,,,,,,
2026-07-29T04:53:11Z,2026-07-19,2026-07-26,expensive_yes,2026-07-20,MIN@CLE,824410,MIN,CLE,MIN,team_total,team totals,4.0,YES,KXMLBTEAMTOTAL-26JUL201840MINCLE-MIN4,56-65c,58.0,4.04,1.8,1194,True,WIN,42.0,0.0,0.531,,,,underdog,below_avg_8_13,very_bad_5_25_plus,50_55
2026-07-29T04:53:11Z,2026-07-19,2026-07-26,expensive_yes,2026-07-20,MIN@CLE,824410,MIN,CLE,MIN,team_total,team totals,2.0,YES,KXMLBTEAMTOTAL-26JUL201840MINCLE-MIN2,81-99c,85.0,10.07,1.8,1194,True,WIN,15.0,,,,,,underdog,below_avg_8_13,very_bad_5_25_plus,50_55
2026-07-29T04:53:11Z,2026-07-19,2026-07-26,expensive_yes,2026-07-20,MIN@CLE,824410,MIN,CLE,CLE,team_total,team totals,2.0,YES,KXMLBTEAMTOTAL-26JUL201840MINCLE-CLE2,66-80c,80.0,12.96,1.8,1194,True,WIN,20.0,,,,,,favorite,strong_18_23,excellent_lt_3_75,40_45
2026-07-29T04:53:11Z,2026-07-19,2026-07-26,expensive_yes,2026-07-20,MIN@CLE,824410,MIN,CLE,CLE,team_total,team totals,3.0,YES,KXMLBTEAMTOTAL-26JUL201840MINCLE-CLE3,56-65c,65.0,13.72,1.8,1194,True,WIN,35.0,,,,,,favorite,strong_18_23,excellent_lt_3_75,40_45
2026-07-29T04:53:11Z,2026-07-19,2026-07-26,expensive_yes,2026-07-20,MIN@CLE,824410,MIN,CLE,MIN,team_total,team totals,3.0,YES,KXMLBTEAMTOTAL-26JUL201840MINCLE-MIN3,66-80c,71.0,9.92,1.8,1194,True,WIN,29.0,,,,,,underdog,below_avg_8_13,very_bad_5_25_plus,50_55
2026-07-29T04:53:11Z,2026-07-19,2026-07-26,expensive_yes,2026-07-20,MIN@CLE,824410,MIN,CLE,,f5_total,F5 totals,4.0,YES,KXMLBF5TOTAL-26JUL201840MINCLE-4,56-65c,57.0,13.69,1.8,1194,True,WIN,43.0,,,,,,,,,
2026-07-29T04:53:11Z,2026-07-19,2026-07-26,expensive_yes,2026-07-20,MIN@CLE,824410,MIN,CLE,,f5_total,F5 totals,3.0,YES,KXMLBF5TOTAL-26JUL201840MINCLE-3,66-80c,72.0,14.72,1.8,1194,True,WIN,28.0,,,,,,,,,
2026-07-29T04:53:11Z,2026-07-19,2026-07-26,expensive_yes,2026-07-20,MIN@CLE,824410,MIN,CLE,,f5_total,F5 totals,2.0,YES,KXMLBF5TOTAL-26JUL201840MINCLE-2,81-99c,88.0,14.72,1.8,1194,True,WIN,12.0,,,,,,,,,
2026-07-29T04:53:11Z,2026-07-19,2026-07-26,expensive_yes,2026-07-20,MIN@CLE,824410,MIN,CLE,,f5_total,F5 totals,1.0,YES,KXMLBF5TOTAL-26JUL201840MINCLE-1,81-99c,95.0,23.65,1.8,1194,True,WIN,5.0,,,,,,,,,
2026-07-29T04:53:11Z,2026-07-19,2026-07-26,expensive_yes,2026-07-20,DET@CHC,824654,DET,CHC,,full_game_total,full game totals,11.0,YES,KXMLBTOTAL-26JUL202005DETCHC-11,56-65c,58.0,1.11,1.3,935,True,WIN,42.0,,,,,,,,,
2026-07-29T04:53:11Z,2026-07-19,2026-07-26,expensive_yes,2026-07-20,DET@CHC,824654,DET,CHC,,full_game_total,full game totals,9.0,YES,KXMLBTOTAL-26JUL202005DETCHC-9,66-80c,73.0,1.54,1.3,935,True,WIN,27.0,,,,,,,,,
2026-07-29T04:53:11Z,2026-07-19,2026-07-26,expensive_yes,2026-07-20,DET@CHC,824654,DET,CHC,,full_game_total,full game totals,10.0,YES,KXMLBTOTAL-26JUL202005DETCHC-10,56-65c,65.0,1.05,1.3,935,True,WIN,35.0,,,,,,,,,
2026-07-29T04:53:11Z,2026-07-19,2026-07-26,expensive_yes,2026-07-20,DET@CHC,824654,DET,CHC,,full_game_total,full game totals,8.0,YES,KXMLBTOTAL-26JUL202005DETCHC-8,66-80c,79.0,1.58,1.3,935,True,WIN,21.0,,,,,,,,,
2026-07-29T04:53:11Z,2026-07-19,2026-07-26,expensive_yes,2026-07-20,DET@CHC,824654,DET,CHC,,full_game_total,full game totals,6.0,YES,KXMLBTOTAL-26JUL202005DETCHC-6,81-99c,92.0,1.25,1.3,935,True,WIN,8.0,,,,,,,,,
2026-07-29T04:53:11Z,2026-07-19,2026-07-26,expensive_yes,2026-07-20,DET@CHC,824654,DET,CHC,,full_game_total,full game totals,7.0,YES,KXMLBTOTAL-26JUL202005DETCHC-7,81-99c,87.0,1.58,1.3,935,True,WIN,13.0,,,,,,,,,
2026-07-29T04:53:11Z,2026-07-19,2026-07-26,expensive_yes,2026-07-20,DET@CHC,824654,DET,CHC,CHC,team_total,team totals,2.0,YES,KXMLBTEAMTOTAL-26JUL202005DETCHC-CHC2,81-99c,94.0,11.71,1.3,935,True,WIN,6.0,,,,,,favorite,strong_18_23,good_3_75_4_25,45_50
2026-07-29T04:53:11Z,2026-07-19,2026-07-26,expensive_yes,2026-07-20,DET@CHC,824654,DET,CHC,DET,team_total,team totals,2.0,YES,KXMLBTEAMTOTAL-26JUL202005DETCHC-DET2,81-99c,94.0,13.09,1.3,935,True,WIN,6.0,,,,,,underdog,below_avg_8_13,very_bad_5_25_plus,50_55
2026-07-29T04:53:11Z,2026-07-19,2026-07-26,expensive_yes,2026-07-20,DET@CHC,824654,DET,CHC,CHC,team_total,team totals,4.0,YES,KXMLBTEAMTOTAL-26JUL202005DETCHC-CHC4,66-80c,74.0,4.1,1.3,935,True,WIN,26.0,0.0,0.531,,,,favorite,strong_18_23,good_3_75_4_25,45_50
2026-07-29T04:53:11Z,2026-07-19,2026-07-26,expensive_yes,2026-07-20,DET@CHC,824654,DET,CHC,CHC,team_total,team totals,3.0,YES,KXMLBTEAMTOTAL-26JUL202005DETCHC-CHC3,81-99c,85.0,4.55,1.3,935,True,WIN,15.0,,,,,,favorite,strong_18_23,good_3_75_4_25,45_50
2026-07-29T04:53:11Z,2026-07-19,2026-07-26,expensive_yes,2026-07-20,DET@CHC,824654,DET,CHC,DET,team_total,team totals,3.0,YES,KXMLBTEAMTOTAL-26JUL202005DETCHC-DET3,81-99c,85.0,3.94,1.3,935,True,WIN,15.0,,,,,,underdog,below_avg_8_13,very_bad_5_25_plus,50_55
2026-07-29T04:53:11Z,2026-07-19,2026-07-26,expensive_yes,2026-07-20,DET@CHC,824654,DET,CHC,DET,team_total,team totals,4.0,YES,KXMLBTEAMTOTAL-26JUL202005DETCHC-DET4,66-80c,74.0,3.76,1.3,935,True,WIN,26.0,0.1505,0.5883,,,,underdog,below_avg_8_13,very_bad_5_25_plus,50_55
2026-07-29T04:53:11Z,2026-07-19,2026-07-26,expensive_yes,2026-07-20,DET@CHC,824654,DET,CHC,CHC,team_total,team totals,5.0,YES,KXMLBTEAMTOTAL-26JUL202005DETCHC-CHC5,56-65c,62.0,7.22,1.3,935,True,WIN,38.0,,,,,,favorite,strong_18_23,good_3_75_4_25,45_50
2026-07-29T04:53:11Z,2026-07-19,2026-07-26,expensive_yes,2026-07-20,DET@CHC,824654,DET,CHC,DET,team_total,team totals,5.0,YES,KXMLBTEAMTOTAL-26JUL202005DETCHC-DET5,56-65c,62.0,8.25,1.3,935,True,WIN,38.0,,,,,,underdog,below_avg_8_13,very_bad_5_25_plus,50_55
2026-07-29T04:53:11Z,2026-07-19,2026-07-26,expensive_yes,2026-07-20,DET@CHC,824654,DET,CHC,,f5_total,F5 totals,6.0,YES,KXMLBF5TOTAL-26JUL202005DETCHC-6,56-65c,58.0,2.04,1.3,935,True,WIN,42.0,,,,,,,,,
2026-07-29T04:53:11Z,2026-07-19,2026-07-26,expensive_yes,2026-07-20,DET@CHC,824654,DET,CHC,,f5_total,F5 totals,4.0,YES,KXMLBF5TOTAL-26JUL202005DETCHC-4,81-99c,81.0,3.28,1.3,935,True,WIN,19.0,,,,,,,,,
2026-07-29T04:53:11Z,2026-07-19,2026-07-26,expensive_yes,2026-07-20,DET@CHC,824654,DET,CHC,,f5_total,F5 totals,5.0,YES,KXMLBF5TOTAL-26JUL202005DETCHC-5,66-80c,70.0,3.11,1.3,935,True,WIN,30.0,,,,,,,,,
2026-07-29T04:53:11Z,2026-07-19,2026-07-26,expensive_yes,2026-07-20,DET@CHC,824654,DET,CHC,,f5_total,F5 totals,3.0,YES,KXMLBF5TOTAL-26JUL202005DETCHC-3,81-99c,90.0,12.82,1.3,935,True,WIN,10.0,,,,,,,,,
2026-07-29T04:53:11Z,2026-07-19,2026-07-26,expensive_yes,2026-07-20,DET@CHC,824654,DET,CHC,,f5_total,F5 totals,2.0,YES,KXMLBF5TOTAL-26JUL202005DETCHC-2,81-99c,97.0,15.59,1.3,935,True,WIN,3.0,,,,,,,,,
2026-07-29T04:53:11Z,2026-07-19,2026-07-26,expensive_yes,2026-07-20,DET@CHC,824654,DET,CHC,,f5_total,F5 totals,1.0,YES,KXMLBF5TOTAL-26JUL202005DETCHC-1,81-99c,99.0,11.19,1.3,935,True,WIN,1.0,,,,,,,,,
2026-07-29T04:53:11Z,2026-07-19,2026-07-26,expensive_yes,2026-07-20,BAL@BOS,824736,BAL,BOS,BOS,moneyline,moneyline,,YES,KXMLBGAME-26JUL201910BALBOS-BOS,56-65c,61.0,1.1,1.4,1269,True,WIN,39.0,0.255,0.5286,,,,favorite,below_avg_8_13,bad_4_75_5_25,55_60
2026-07-29T04:53:11Z,2026-07-19,2026-07-26,expensive_yes,2026-07-20,BAL@BOS,824736,BAL,BOS,,full_game_total,full game totals,7.0,YES,KXMLBTOTAL-26JUL201910BALBOS-7,66-80c,72.0,1.17,1.4,1209,True,WIN,28.0,,,,,,,,,
2026-07-29T04:53:11Z,2026-07-19,2026-07-26,expensive_yes,2026-07-20,BAL@BOS,824736,BAL,BOS,,full_game_total,full game totals,8.0,YES,KXMLBTOTAL-26JUL201910BALBOS-8,56-65c,62.0,1.09,1.4,1209,True,WIN,38.0,,,,,,,,,
2026-07-29T04:53:11Z,2026-07-19,2026-07-26,expensive_yes,2026-07-20,BAL@BOS,824736,BAL,BOS,,full_game_total,full game totals,3.0,YES,KXMLBTOTAL-26JUL201910BALBOS-3,81-99c,98.0,3.51,1.4,1209,True,WIN,2.0,,,,,,,,,
2026-07-29T04:53:11Z,2026-07-19,2026-07-26,expensive_yes,2026-07-20,BAL@BOS,824736,BAL,BOS,,full_game_total,full game totals,4.0,YES,KXMLBTOTAL-26JUL201910BALBOS-4,81-99c,93.0,2.4,1.4,1209,True,WIN,7.0,,,,,,,,,
2026-07-29T04:53:11Z,2026-07-19,2026-07-26,expensive_yes,2026-07-20,BAL@BOS,824736,BAL,BOS,,full_game_total,full game totals,5.0,YES,KXMLBTOTAL-26JUL201910BALBOS-5,81-99c,89.0,1.67,1.4,1209,True,WIN,11.0,,,,,,,,,
2026-07-29T04:53:11Z,2026-07-19,2026-07-26,expensive_yes,2026-07-20,BAL@BOS,824736,BAL,BOS,,full_game_total,full game totals,6.0,YES,KXMLBTOTAL-26JUL201910BALBOS-6,66-80c,79.0,1.49,1.4,1209,True,WIN,21.0,,,,,,,,,
2026-07-29T04:53:11Z,2026-07-19,2026-07-26,expensive_yes,2026-07-20,BAL@BOS,824736,BAL,BOS,BOS,team_total,team totals,4.0,YES,KXMLBTEAMTOTAL-26JUL201910BALBOS-BOS4,56-65c,65.0,7.74,1.4,1209,True,WIN,35.0,0.0255,0.531,,,,favorite,below_avg_8_13,bad_4_75_5_25,55_60
2026-07-29T04:53:11Z,2026-07-19,2026-07-26,expensive_yes,2026-07-20,BAL@BOS,824736,BAL,BOS,BAL,team_total,team totals,3.0,YES,KXMLBTEAMTOTAL-26JUL201910BALBOS-BAL3,66-80c,69.0,5.24,1.4,1209,True,WIN,31.0,,,,,,underdog,below_avg_8_13,avg_4_25_4_75,50_55
2026-07-29T04:53:11Z,2026-07-19,2026-07-26,expensive_yes,2026-07-20,BAL@BOS,824736,BAL,BOS,BAL,team_total,team totals,2.0,YES,KXMLBTEAMTOTAL-26JUL201910BALBOS-BAL2,81-99c,84.0,9.52,1.4,1209,True,WIN,16.0,,,,,,underdog,below_avg_8_13,avg_4_25_4_75,50_55
2026-07-29T04:53:11Z,2026-07-19,2026-07-26,expensive_yes,2026-07-20,BAL@BOS,824736,BAL,BOS,BOS,team_total,team totals,2.0,YES,KXMLBTEAMTOTAL-26JUL201910BALBOS-BOS2,81-99c,90.0,11.36,1.4,1209,True,WIN,10.0,,,,,,favorite,below_avg_8_13,bad_4_75_5_25,55_60
2026-07-29T04:53:11Z,2026-07-19,2026-07-26,expensive_yes,2026-07-20,BAL@BOS,824736,BAL,BOS,BOS,team_total,team totals,3.0,YES,KXMLBTEAMTOTAL-26JUL201910BALBOS-BOS3,66-80c,78.0,11.88,1.4,1209,True,WIN,22.0,,,,,,favorite,below_avg_8_13,bad_4_75_5_25,55_60
2026-07-29T04:53:11Z,2026-07-19,2026-07-26,expensive_yes,2026-07-20,BAL@BOS,824736,BAL,BOS,,f5_total,F5 totals,4.0,YES,KXMLBF5TOTAL-26JUL201910BALBOS-4,66-80c,67.0,14.4,1.4,1209,True,WIN,33.0,,,,,,,,,
2026-07-29T04:53:11Z,2026-07-19,2026-07-26,expensive_yes,2026-07-20,BAL@BOS,824736,BAL,BOS,,f5_total,F5 totals,3.0,YES,KXMLBF5TOTAL-26JUL201910BALBOS-3,81-99c,81.0,17.21,1.4,1209,True,WIN,19.0,,,,,,,,,
2026-07-29T04:53:11Z,2026-07-19,2026-07-26,expensive_yes,2026-07-20,BAL@BOS,824736,BAL,BOS,,f5_total,F5 totals,2.0,YES,KXMLBF5TOTAL-26JUL201910BALBOS-2,81-99c,92.0,21.08,1.4,1209,True,WIN,8.0,,,,,,,,,
2026-07-29T04:53:11Z,2026-07-19,2026-07-26,expensive_yes,2026-07-20,BAL@BOS,824736,BAL,BOS,,f5_total,F5 totals,1.0,YES,KXMLBF5TOTAL-26JUL201910BALBOS-1,81-99c,96.0,20.2,1.4,1209,True,WIN,4.0,,,,,,,,,
2026-07-29T04:53:11Z,2026-07-19,2026-07-26,expensive_yes,2026-07-20,SD@ATL,824898,SD,ATL,,full_game_total,full game totals,9.0,YES,KXMLBTOTAL-26JUL201915SDATL-9,56-65c,59.0,1.1,0.1,1212,True,LOSE,-59.0,,,,,,,,,
2026-07-29T04:53:11Z,2026-07-19,2026-07-26,expensive_yes,2026-07-20,SD@ATL,824898,SD,ATL,,full_game_total,full game totals,7.0,YES,KXMLBTOTAL-26JUL201915SDATL-7,66-80c,77.0,1.47,0.1,1212,True,LOSE,-77.0,,,,,,,,,
2026-07-29T04:53:11Z,2026-07-19,2026-07-26,expensive_yes,2026-07-20,SD@ATL,824898,SD,ATL,,full_game_total,full game totals,4.0,YES,KXMLBTOTAL-26JUL201915SDATL-4,81-99c,95.0,3.06,0.1,1212,True,WIN,5.0,,,,,,,,,
2026-07-29T04:53:11Z,2026-07-19,2026-07-26,expensive_yes,2026-07-20,SD@ATL,824898,SD,ATL,,full_game_total,full game totals,5.0,YES,KXMLBTOTAL-26JUL201915SDATL-5,81-99c,92.0,1.75,0.1,1212,True,WIN,8.0,,,,,,,,,
2026-07-29T04:53:11Z,2026-07-19,2026-07-26,expensive_yes,2026-07-20,SD@ATL,824898,SD,ATL,,full_game_total,full game totals,6.0,YES,KXMLBTOTAL-26JUL201915SDATL-6,81-99c,82.0,1.66,0.1,1212,True,LOSE,-82.0,,,,,,,,,
2026-07-29T04:53:11Z,2026-07-19,2026-07-26,expensive_yes,2026-07-20,SD@ATL,824898,SD,ATL,,full_game_total,full game totals,8.0,YES,KXMLBTOTAL-26JUL201915SDATL-8,66-80c,66.0,1.11,0.1,1212,True,LOSE,-66.0,,,,,,,,,
2026-07-29T04:53:11Z,2026-07-19,2026-07-26,expensive_yes,2026-07-20,SD@ATL,824898,SD,ATL,SD,team_total,team totals,3.0,YES,KXMLBTEAMTOTAL-26JUL201915SDATL-SD3,66-80c,76.0,5.17,0.1,1212,True,LOSE,-76.0,,,,,,underdog,weak_lt_8,very_bad_5_25_plus,45_50
2026-07-29T04:53:11Z,2026-07-19,2026-07-26,expensive_yes,2026-07-20,SD@ATL,824898,SD,ATL,SD,team_total,team totals,4.0,YES,KXMLBTEAMTOTAL-26JUL201915SDATL-SD4,56-65c,62.0,9.4,0.1,1212,True,LOSE,-62.0,0.1076,0.5883,,,,underdog,weak_lt_8,very_bad_5_25_plus,45_50
2026-07-29T04:53:11Z,2026-07-19,2026-07-26,expensive_yes,2026-07-20,SD@ATL,824898,SD,ATL,SD,team_total,team totals,2.0,YES,KXMLBTEAMTOTAL-26JUL201915SDATL-SD2,81-99c,89.0,12.86,0.1,1212,True,WIN,11.0,,,,,,underdog,weak_lt_8,very_bad_5_25_plus,45_50
2026-07-29T04:53:11Z,2026-07-19,2026-07-26,expensive_yes,2026-07-20,SD@ATL,824898,SD,ATL,ATL,team_total,team totals,4.0,YES,KXMLBTEAMTOTAL-26JUL201915SDATL-ATL4,66-80c,67.0,10.8,0.1,1212,True,LOSE,-67.0,0.1933,0.5883,,,,favorite,weak_lt_8,very_bad_5_25_plus,55_60
2026-07-29T04:53:11Z,2026-07-19,2026-07-26,expensive_yes,2026-07-20,SD@ATL,824898,SD,ATL,ATL,team_total,team totals,3.0,YES,KXMLBTEAMTOTAL-26JUL201915SDATL-ATL3,66-80c,79.0,4.33,0.1,1212,True,WIN,21.0,,,,,,favorite,weak_lt_8,very_bad_5_25_plus,55_60
2026-07-29T04:53:11Z,2026-07-19,2026-07-26,expensive_yes,2026-07-20,SD@ATL,824898,SD,ATL,ATL,team_total,team totals,2.0,YES,KXMLBTEAMTOTAL-26JUL201915SDATL-ATL2,81-99c,92.0,13.41,0.1,1212,True,WIN,8.0,,,,,,favorite,weak_lt_8,very_bad_5_25_plus,55_60
2026-07-29T04:53:11Z,2026-07-19,2026-07-26,expensive_yes,2026-07-20,SD@ATL,824898,SD,ATL,,f5_total,F5 totals,4.0,YES,KXMLBF5TOTAL-26JUL201915SDATL-4,66-80c,75.0,17.1,0.1,1212,True,LOSE,-75.0,,,,,,,,,
2026-07-29T04:53:11Z,2026-07-19,2026-07-26,expensive_yes,2026-07-20,SD@ATL,824898,SD,ATL,,f5_total,F5 totals,5.0,YES,KXMLBF5TOTAL-26JUL201915SDATL-5,56-65c,62.0,15.25,0.1,1212,True,LOSE,-62.0,,,,,,,,,
2026-07-29T04:53:11Z,2026-07-19,2026-07-26,expensive_yes,2026-07-20,SD@ATL,824898,SD,ATL,,f5_total,F5 totals,1.0,YES,KXMLBF5TOTAL-26JUL201915SDATL-1,81-99c,99.0,24.76,0.1,1212,True,WIN,1.0,,,,,,,,,
2026-07-29T04:53:11Z,2026-07-19,2026-07-26,expensive_yes,2026-07-20,SD@ATL,824898,SD,ATL,,f5_total,F5 totals,3.0,YES,KXMLBF5TOTAL-26JUL201915SDATL-3,81-99c,87.0,17.59,0.1,1212,True,WIN,13.0,,,,,,,,,
2026-07-29T04:53:11Z,2026-07-19,2026-07-26,expensive_yes,2026-07-20,SD@ATL,824898,SD,ATL,,f5_total,F5 totals,2.0,YES,KXMLBF5TOTAL-26JUL201915SDATL-2,81-99c,95.0,28.85,0.1,1212,True,WIN,5.0,,,,,,,,,
2026-07-29T04:53:11Z,2026-07-19,2026-07-26,expensive_yes,2026-07-20,ATH@AZ,825058,ATH,AZ,AZ,moneyline,moneyline,,YES,KXMLBGAME-26JUL202140ATHAZ-AZ,56-65c,58.0,1.06,1.5,1341,True,LOSE,-58.0,0.7877,0.6039,,,,favorite,weak_lt_8,very_bad_5_25_plus,50_55
2026-07-29T04:53:11Z,2026-07-19,2026-07-26,expensive_yes,2026-07-20,ATH@AZ,825058,ATH,AZ,,full_game_total,full game totals,8.0,YES,KXMLBTOTAL-26JUL202140ATHAZ-8,66-80c,66.0,1.51,1.5,1081,True,LOSE,-66.0,,,,,,,,,
2026-07-29T04:53:11Z,2026-07-19,2026-07-26,expensive_yes,2026-07-20,ATH@AZ,825058,ATH,AZ,,full_game_total,full game totals,9.0,YES,KXMLBTOTAL-26JUL202140ATHAZ-9,56-65c,59.0,1.16,1.5,1081,True,LOSE,-59.0,,,,,,,,,
2026-07-29T04:53:11Z,2026-07-19,2026-07-26,expensive_yes,2026-07-20,ATH@AZ,825058,ATH,AZ,,full_game_total,full game totals,4.0,YES,KXMLBTOTAL-26JUL202140ATHAZ-4,81-99c,95.0,3.44,1.5,1081,True,WIN,5.0,,,,,,,,,
2026-07-29T04:53:11Z,2026-07-19,2026-07-26,expensive_yes,2026-07-20,ATH@AZ,825058,ATH,AZ,,full_game_total,full game totals,5.0,YES,KXMLBTOTAL-26JUL202140ATHAZ-5,81-99c,91.0,1.74,1.5,1081,True,WIN,9.0,,,,,,,,,
2026-07-29T04:53:11Z,2026-07-19,2026-07-26,expensive_yes,2026-07-20,ATH@AZ,825058,ATH,AZ,,full_game_total,full game totals,7.0,YES,KXMLBTOTAL-26JUL202140ATHAZ-7,66-80c,76.0,1.48,1.5,1081,True,WIN,24.0,,,,,,,,,
2026-07-29T04:53:11Z,2026-07-19,2026-07-26,expensive_yes,2026-07-20,ATH@AZ,825058,ATH,AZ,,full_game_total,full game totals,6.0,YES,KXMLBTOTAL-26JUL202140ATHAZ-6,81-99c,83.0,1.46,1.5,1081,True,WIN,17.0,,,,,,,,,
2026-07-29T04:53:11Z,2026-07-19,2026-07-26,expensive_yes,2026-07-20,ATH@AZ,825058,ATH,AZ,ATH,team_total,team totals,3.0,YES,KXMLBTEAMTOTAL-26JUL202140ATHAZ-ATH3,66-80c,72.0,2.66,1.5,1081,True,WIN,28.0,,,,,,underdog,weak_lt_8,very_bad_5_25_plus,40_45
2026-07-29T04:53:11Z,2026-07-19,2026-07-26,expensive_yes,2026-07-20,ATH@AZ,825058,ATH,AZ,ATH,team_total,team totals,4.0,YES,KXMLBTEAMTOTAL-26JUL202140ATHAZ-ATH4,56-65c,58.0,2.96,1.5,1081,True,WIN,42.0,0.0397,0.531,,,,underdog,weak_lt_8,very_bad_5_25_plus,40_45
2026-07-29T04:53:11Z,2026-07-19,2026-07-26,expensive_yes,2026-07-20,ATH@AZ,825058,ATH,AZ,AZ,team_total,team totals,2.0,YES,KXMLBTEAMTOTAL-26JUL202140ATHAZ-AZ2,81-99c,90.0,2.6,1.5,1081,True,WIN,10.0,,,,,,favorite,weak_lt_8,very_bad_5_25_plus,50_55
2026-07-29T04:53:11Z,2026-07-19,2026-07-26,expensive_yes,2026-07-20,ATH@AZ,825058,ATH,AZ,AZ,team_total,team totals,4.0,YES,KXMLBTEAMTOTAL-26JUL202140ATHAZ-AZ4,66-80c,69.0,2.54,1.5,1081,True,LOSE,-69.0,0.778,0.6395,,,,favorite,weak_lt_8,very_bad_5_25_plus,50_55
2026-07-29T04:53:11Z,2026-07-19,2026-07-26,expensive_yes,2026-07-20,ATH@AZ,825058,ATH,AZ,AZ,team_total,team totals,5.0,YES,KXMLBTEAMTOTAL-26JUL202140ATHAZ-AZ5,56-65c,56.0,2.03,1.5,1081,True,LOSE,-56.0,,,,,,favorite,weak_lt_8,very_bad_5_25_plus,50_55
2026-07-29T04:53:11Z,2026-07-19,2026-07-26,expensive_yes,2026-07-20,ATH@AZ,825058,ATH,AZ,AZ,team_total,team totals,3.0,YES,KXMLBTEAMTOTAL-26JUL202140ATHAZ-AZ3,66-80c,79.0,2.6,1.5,1081,True,LOSE,-79.0,,,,,,favorite,weak_lt_8,very_bad_5_25_plus,50_55
2026-07-29T04:53:11Z,2026-07-19,2026-07-26,expensive_yes,2026-07-20,ATH@AZ,825058,ATH,AZ,ATH,team_total,team totals,2.0,YES,KXMLBTEAMTOTAL-26JUL202140ATHAZ-ATH2,81-99c,85.0,2.53,1.5,1081,True,WIN,15.0,,,,,,underdog,weak_lt_8,very_bad_5_25_plus,40_45
2026-07-29T04:53:11Z,2026-07-19,2026-07-26,expensive_yes,2026-07-20,ATH@AZ,825058,ATH,AZ,,f5_total,F5 totals,2.0,YES,KXMLBF5TOTAL-26JUL202140ATHAZ-2,81-99c,94.0,18.4,1.5,1081,True,WIN,6.0,,,,,,,,,
2026-07-29T04:53:11Z,2026-07-19,2026-07-26,expensive_yes,2026-07-20,ATH@AZ,825058,ATH,AZ,,f5_total,F5 totals,1.0,YES,KXMLBF5TOTAL-26JUL202140ATHAZ-1,81-99c,98.0,17.59,1.5,1081,True,WIN,2.0,,,,,,,,,
2026-07-29T04:53:11Z,2026-07-19,2026-07-26,expensive_yes,2026-07-20,ATH@AZ,825058,ATH,AZ,,f5_total,F5 totals,4.0,YES,KXMLBF5TOTAL-26JUL202140ATHAZ-4,66-80c,72.0,3.7,1.5,1081,True,LOSE,-72.0,,,,,,,,,
2026-07-29T04:53:11Z,2026-07-19,2026-07-26,expensive_yes,2026-07-20,ATH@AZ,825058,ATH,AZ,,f5_total,F5 totals,5.0,YES,KXMLBF5TOTAL-26JUL202140ATHAZ-5,56-65c,59.0,2.19,1.5,1081,True,LOSE,-59.0,,,,,,,,,
2026-07-29T04:53:11Z,2026-07-19,2026-07-26,expensive_yes,2026-07-20,ATH@AZ,825058,ATH,AZ,,f5_total,F5 totals,3.0,YES,KXMLBF5TOTAL-26JUL202140ATHAZ-3,81-99c,84.0,3.29,1.5,1081,True,LOSE,-84.0,,,,,,,,,
2026-07-29T04:53:11Z,2026-07-19,2026-07-26,expensive_yes,2026-07-21,TB@TOR,822787,TB,TOR,,full_game_total,full game totals,2.0,YES,KXMLBTOTAL-26JUL211907TBTOR-2,81-99c,98.0,2.65,0.0,1141,True,WIN,2.0,,,,,,,,,
2026-07-29T04:53:11Z,2026-07-19,2026-07-26,expensive_yes,2026-07-21,TB@TOR,822787,TB,TOR,,full_game_total,full game totals,3.0,YES,KXMLBTOTAL-26JUL211907TBTOR-3,81-99c,96.0,2.05,0.0,1141,True,WIN,4.0,,,,,,,,,
2026-07-29T04:53:11Z,2026-07-19,2026-07-26,expensive_yes,2026-07-21,TB@TOR,822787,TB,TOR,,full_game_total,full game totals,4.0,YES,KXMLBTOTAL-26JUL211907TBTOR-4,81-99c,89.0,1.61,0.0,1141,True,WIN,11.0,,,,,,,,,
2026-07-29T04:53:11Z,2026-07-19,2026-07-26,expensive_yes,2026-07-21,TB@TOR,822787,TB,TOR,,full_game_total,full game totals,5.0,YES,KXMLBTOTAL-26JUL211907TBTOR-5,81-99c,82.0,1.63,0.0,1141,True,WIN,18.0,,,,,,,,,
2026-07-29T04:53:11Z,2026-07-19,2026-07-26,expensive_yes,2026-07-21,TB@TOR,822787,TB,TOR,,full_game_total,full game totals,6.0,YES,KXMLBTOTAL-26JUL211907TBTOR-6,66-80c,70.0,1.37,0.0,1141,True,WIN,30.0,,,,,,,,,
2026-07-29T04:53:11Z,2026-07-19,2026-07-26,expensive_yes,2026-07-21,TB@TOR,822787,TB,TOR,,full_game_total,full game totals,7.0,YES,KXMLBTOTAL-26JUL211907TBTOR-7,56-65c,61.0,1.04,0.0,1141,True,WIN,39.0,,,,,,,,,
2026-07-29T04:53:11Z,2026-07-19,2026-07-26,expensive_yes,2026-07-21,TB@TOR,822787,TB,TOR,TOR,team_total,team totals,3.0,YES,KXMLBTEAMTOTAL-26JUL211907TBTOR-TOR3,66-80c,67.0,4.19,0.0,1141,True,LOSE,-67.0,,,,,,underdog,solid_13_18,good_3_75_4_25,45_50
2026-07-29T04:53:11Z,2026-07-19,2026-07-26,expensive_yes,2026-07-21,TB@TOR,822787,TB,TOR,TB,team_total,team totals,3.0,YES,KXMLBTEAMTOTAL-26JUL211907TBTOR-TB3,66-80c,67.0,8.99,0.0,1141,True,WIN,33.0,,,,,,favorite,solid_13_18,good_3_75_4_25,45_50
2026-07-29T04:53:11Z,2026-07-19,2026-07-26,expensive_yes,2026-07-21,TB@TOR,822787,TB,TOR,TOR,team_total,team totals,2.0,YES,KXMLBTEAMTOTAL-26JUL211907TBTOR-TOR2,81-99c,83.0,6.83,0.0,1141,True,WIN,17.0,,,,,,underdog,solid_13_18,good_3_75_4_25,45_50
2026-07-29T04:53:11Z,2026-07-19,2026-07-26,expensive_yes,2026-07-21,TB@TOR,822787,TB,TOR,TB,team_total,team totals,2.0,YES,KXMLBTEAMTOTAL-26JUL211907TBTOR-TB2,81-99c,83.0,7.02,0.0,1141,True,WIN,17.0,,,,,,favorite,solid_13_18,good_3_75_4_25,45_50
2026-07-29T04:53:11Z,2026-07-19,2026-07-26,expensive_yes,2026-07-21,TB@TOR,822787,TB,TOR,,f5_total,F5 totals,3.0,YES,KXMLBF5TOTAL-26JUL211907TBTOR-3,66-80c,69.0,10.17,0.0,1141,True,WIN,31.0,,,,,,,,,
2026-07-29T04:53:11Z,2026-07-19,2026-07-26,expensive_yes,2026-07-21,TB@TOR,822787,TB,TOR,,f5_total,F5 totals,2.0,YES,KXMLBF5TOTAL-26JUL211907TBTOR-2,81-99c,89.0,11.7,0.0,1141,True,WIN,11.0,,,,,,,,,
2026-07-29T04:53:11Z,2026-07-19,2026-07-26,expensive_yes,2026-07-21,TB@TOR,822787,TB,TOR,,f5_total,F5 totals,1.0,YES,KXMLBF5TOTAL-26JUL211907TBTOR-1,81-99c,95.0,19.24,0.0,1141,True,WIN,5.0,,,,,,,,,
2026-07-29T04:53:11Z,2026-07-19,2026-07-26,expensive_yes,2026-07-21,CWS@TEX,822871,CWS,TEX,,full_game_total,full game totals,3.0,YES,KXMLBTOTAL-26JUL212005CWSTEX-3,81-99c,97.0,1.48,0.6,856,True,WIN,3.0,,,,,,,,,
2026-07-29T04:53:11Z,2026-07-19,2026-07-26,expensive_yes,2026-07-21,CWS@TEX,822871,CWS,TEX,,full_game_total,full game totals,7.0,YES,KXMLBTOTAL-26JUL212005CWSTEX-7,66-80c,72.0,1.36,0.6,856,True,WIN,28.0,,,,,,,,,
2026-07-29T04:53:11Z,2026-07-19,2026-07-26,expensive_yes,2026-07-21,CWS@TEX,822871,CWS,TEX,,full_game_total,full game totals,4.0,YES,KXMLBTOTAL-26JUL212005CWSTEX-4,81-99c,94.0,2.82,0.6,856,True,WIN,6.0,,,,,,,,,
2026-07-29T04:53:11Z,2026-07-19,2026-07-26,expensive_yes,2026-07-21,CWS@TEX,822871,CWS,TEX,,full_game_total,full game totals,8.0,YES,KXMLBTOTAL-26JUL212005CWSTEX-8,56-65c,61.0,1.11,0.6,856,True,WIN,39.0,,,,,,,,,
2026-07-29T04:53:11Z,2026-07-19,2026-07-26,expensive_yes,2026-07-21,CWS@TEX,822871,CWS,TEX,,full_game_total,full game totals,6.0,YES,KXMLBTOTAL-26JUL212005CWSTEX-6,66-80c,79.0,1.67,0.6,856,True,WIN,21.0,,,,,,,,,
2026-07-29T04:53:11Z,2026-07-19,2026-07-26,expensive_yes,2026-07-21,CWS@TEX,822871,CWS,TEX,,full_game_total,full game totals,5.0,YES,KXMLBTOTAL-26JUL212005CWSTEX-5,81-99c,88.0,2.33,0.6,856,True,WIN,12.0,,,,,,,,,
2026-07-29T04:53:11Z,2026-07-19,2026-07-26,expensive_yes,2026-07-21,CWS@TEX,822871,CWS,TEX,CWS,team_total,team totals,2.0,YES,KXMLBTEAMTOTAL-26JUL212005CWSTEX-CWS2,81-99c,86.0,3.0,0.6,856,True,LOSE,-86.0,,,,,,favorite,below_avg_8_13,bad_4_75_5_25,50_55
2026-07-29T04:53:11Z,2026-07-19,2026-07-26,expensive_yes,2026-07-21,CWS@TEX,822871,CWS,TEX,TEX,team_total,team totals,2.0,YES,KXMLBTEAMTOTAL-26JUL212005CWSTEX-TEX2,81-99c,87.0,2.95,0.6,856,True,WIN,13.0,,,,,,underdog,weak_lt_8,very_bad_5_25_plus,50_55
2026-07-29T04:53:11Z,2026-07-19,2026-07-26,expensive_yes,2026-07-21,CWS@TEX,822871,CWS,TEX,CWS,team_total,team totals,4.0,YES,KXMLBTEAMTOTAL-26JUL212005CWSTEX-CWS4,56-65c,60.0,3.13,0.6,856,True,LOSE,-60.0,0.4352,0.6395,,,,favorite,below_avg_8_13,bad_4_75_5_25,50_55
2026-07-29T04:53:11Z,2026-07-19,2026-07-26,expensive_yes,2026-07-21,CWS@TEX,822871,CWS,TEX,CWS,team_total,team totals,3.0,YES,KXMLBTEAMTOTAL-26JUL212005CWSTEX-CWS3,66-80c,73.0,3.69,0.6,856,True,LOSE,-73.0,,,,,,favorite,below_avg_8_13,bad_4_75_5_25,50_55
2026-07-29T04:53:11Z,2026-07-19,2026-07-26,expensive_yes,2026-07-21,CWS@TEX,822871,CWS,TEX,TEX,team_total,team totals,3.0,YES,KXMLBTEAMTOTAL-26JUL212005CWSTEX-TEX3,66-80c,74.0,2.93,0.6,856,True,WIN,26.0,,,,,,underdog,weak_lt_8,very_bad_5_25_plus,50_55
2026-07-29T04:53:11Z,2026-07-19,2026-07-26,expensive_yes,2026-07-21,CWS@TEX,822871,CWS,TEX,TEX,team_total,team totals,4.0,YES,KXMLBTEAMTOTAL-26JUL212005CWSTEX-TEX4,56-65c,61.0,2.65,0.6,856,True,WIN,39.0,0.1986,0.5883,,,,underdog,weak_lt_8,very_bad_5_25_plus,50_55
2026-07-29T04:53:11Z,2026-07-19,2026-07-26,expensive_yes,2026-07-21,CWS@TEX,822871,CWS,TEX,,f5_total,F5 totals,2.0,YES,KXMLBF5TOTAL-26JUL212005CWSTEX-2,81-99c,90.0,22.91,0.6,856,True,WIN,10.0,,,,,,,,,
2026-07-29T04:53:11Z,2026-07-19,2026-07-26,expensive_yes,2026-07-21,CWS@TEX,822871,CWS,TEX,,f5_total,F5 totals,4.0,YES,KXMLBF5TOTAL-26JUL212005CWSTEX-4,56-65c,65.0,3.52,0.6,856,True,WIN,35.0,,,,,,,,,
2026-07-29T04:53:11Z,2026-07-19,2026-07-26,expensive_yes,2026-07-21,CWS@TEX,822871,CWS,TEX,,f5_total,F5 totals,3.0,YES,KXMLBF5TOTAL-26JUL212005CWSTEX-3,66-80c,77.0,3.24,0.6,856,True,WIN,23.0,,,,,,,,,
2026-07-29T04:53:11Z,2026-07-19,2026-07-26,expensive_yes,2026-07-21,CWS@TEX,822871,CWS,TEX,,f5_total,F5 totals,1.0,YES,KXMLBF5TOTAL-26JUL212005CWSTEX-1,81-99c,96.0,28.54,0.6,856,True,WIN,4.0,,,,,,,,,
2026-07-29T04:53:11Z,2026-07-19,2026-07-26,expensive_yes,2026-07-21,CIN@SEA,823114,CIN,SEA,,full_game_total,full game totals,2.0,YES,KXMLBTOTAL-26JUL212140CINSEA-2,81-99c,99.0,2.66,1.7,1209,True,WIN,1.0,,,,,,,,,
2026-07-29T04:53:11Z,2026-07-19,2026-07-26,expensive_yes,2026-07-21,CIN@SEA,823114,CIN,SEA,,full_game_total,full game totals,6.0,YES,KXMLBTOTAL-26JUL212140CINSEA-6,66-80c,71.0,1.4,1.7,1209,True,WIN,29.0,,,,,,,,,
2026-07-29T04:53:11Z,2026-07-19,2026-07-26,expensive_yes,2026-07-21,CIN@SEA,823114,CIN,SEA,,full_game_total,full game totals,4.0,YES,KXMLBTOTAL-26JUL212140CINSEA-4,81-99c,88.0,1.58,1.7,1209,True,WIN,12.0,,,,,,,,,
2026-07-29T04:53:11Z,2026-07-19,2026-07-26,expensive_yes,2026-07-21,CIN@SEA,823114,CIN,SEA,,full_game_total,full game totals,3.0,YES,KXMLBTOTAL-26JUL212140CINSEA-3,81-99c,96.0,2.62,1.7,1209,True,WIN,4.0,,,,,,,,,
2026-07-29T04:53:11Z,2026-07-19,2026-07-26,expensive_yes,2026-07-21,CIN@SEA,823114,CIN,SEA,,full_game_total,full game totals,5.0,YES,KXMLBTOTAL-26JUL212140CINSEA-5,81-99c,82.0,1.45,1.7,1209,True,WIN,18.0,,,,,,,,,
2026-07-29T04:53:11Z,2026-07-19,2026-07-26,expensive_yes,2026-07-21,CIN@SEA,823114,CIN,SEA,,full_game_total,full game totals,7.0,YES,KXMLBTOTAL-26JUL212140CINSEA-7,56-65c,63.0,1.29,1.7,1209,True,LOSE,-63.0,,,,,,,,,
2026-07-29T04:53:11Z,2026-07-19,2026-07-26,expensive_yes,2026-07-21,CIN@SEA,823114,CIN,SEA,CIN,team_total,team totals,3.0,YES,KXMLBTEAMTOTAL-26JUL212140CINSEA-CIN3,66-80c,67.0,4.66,1.7,1209,True,WIN,33.0,,,,,,underdog,solid_13_18,bad_4_75_5_25,50_55
2026-07-29T04:53:11Z,2026-07-19,2026-07-26,expensive_yes,2026-07-21,CIN@SEA,823114,CIN,SEA,SEA,team_total,team totals,3.0,YES,KXMLBTEAMTOTAL-26JUL212140CINSEA-SEA3,66-80c,67.0,5.11,1.7,1209,True,LOSE,-67.0,,,,,,favorite,solid_13_18,very_bad_5_25_plus,40_45
2026-07-29T04:53:11Z,2026-07-19,2026-07-26,expensive_yes,2026-07-21,CIN@SEA,823114,CIN,SEA,SEA,team_total,team totals,2.0,YES,KXMLBTEAMTOTAL-26JUL212140CINSEA-SEA2,81-99c,82.0,6.52,1.7,1209,True,WIN,18.0,,,,,,favorite,solid_13_18,very_bad_5_25_plus,40_45
2026-07-29T04:53:11Z,2026-07-19,2026-07-26,expensive_yes,2026-07-21,CIN@SEA,823114,CIN,SEA,CIN,team_total,team totals,2.0,YES,KXMLBTEAMTOTAL-26JUL212140CINSEA-CIN2,81-99c,82.0,7.0,1.7,1209,True,WIN,18.0,,,,,,underdog,solid_13_18,bad_4_75_5_25,50_55
2026-07-29T04:53:11Z,2026-07-19,2026-07-26,expensive_yes,2026-07-21,CIN@SEA,823114,CIN,SEA,,f5_total,F5 totals,4.0,YES,KXMLBF5TOTAL-26JUL212140CINSEA-4,56-65c,58.0,9.43,1.7,1209,True,LOSE,-58.0,,,,,,,,,
2026-07-29T04:53:11Z,2026-07-19,2026-07-26,expensive_yes,2026-07-21,CIN@SEA,823114,CIN,SEA,,f5_total,F5 totals,3.0,YES,KXMLBF5TOTAL-26JUL212140CINSEA-3,66-80c,73.0,9.82,1.7,1209,True,WIN,27.0,,,,,,,,,
2026-07-29T04:53:11Z,2026-07-19,2026-07-26,expensive_yes,2026-07-21,CIN@SEA,823114,CIN,SEA,,f5_total,F5 totals,2.0,YES,KXMLBF5TOTAL-26JUL212140CINSEA-2,81-99c,86.0,10.27,1.7,1209,True,WIN,14.0,,,,,,,,,
2026-07-29T04:53:11Z,2026-07-19,2026-07-26,expensive_yes,2026-07-21,CIN@SEA,823114,CIN,SEA,,f5_total,F5 totals,1.0,YES,KXMLBF5TOTAL-26JUL212140CINSEA-1,81-99c,95.0,16.39,1.7,1209,True,WIN,5.0,,,,,,,,,
2026-07-29T04:53:11Z,2026-07-19,2026-07-26,expensive_yes,2026-07-21,LAD@PHI,823437,LAD,PHI,,full_game_total,full game totals,5.0,YES,KXMLBTOTAL-26JUL211840LADPHI-5,81-99c,89.0,1.51,0.2,1129,True,LOSE,-89.0,,,,,,,,,
2026-07-29T04:53:11Z,2026-07-19,2026-07-26,expensive_yes,2026-07-21,LAD@PHI,823437,LAD,PHI,,full_game_total,full game totals,6.0,YES,KXMLBTOTAL-26JUL211840LADPHI-6,66-80c,79.0,1.51,0.2,1129,True,LOSE,-79.0,,,,,,,,,
2026-07-29T04:53:11Z,2026-07-19,2026-07-26,expensive_yes,2026-07-21,LAD@PHI,823437,LAD,PHI,,full_game_total,full game totals,7.0,YES,KXMLBTOTAL-26JUL211840LADPHI-7,66-80c,72.0,1.17,0.2,1129,True,LOSE,-72.0,,,,,,,,,
2026-07-29T04:53:11Z,2026-07-19,2026-07-26,expensive_yes,2026-07-21,LAD@PHI,823437,LAD,PHI,,full_game_total,full game totals,8.0,YES,KXMLBTOTAL-26JUL211840LADPHI-8,56-65c,62.0,1.14,0.2,1129,True,LOSE,-62.0,,,,,,,,,
2026-07-29T04:53:11Z,2026-07-19,2026-07-26,expensive_yes,2026-07-21,LAD@PHI,823437,LAD,PHI,,full_game_total,full game totals,3.0,YES,KXMLBTOTAL-26JUL211840LADPHI-3,81-99c,98.0,2.28,0.2,1129,True,WIN,2.0,,,,,,,,,
2026-07-29T04:53:11Z,2026-07-19,2026-07-26,expensive_yes,2026-07-21,LAD@PHI,823437,LAD,PHI,,full_game_total,full game totals,4.0,YES,KXMLBTOTAL-26JUL211840LADPHI-4,81-99c,93.0,1.77,0.2,1129,True,LOSE,-93.0,,,,,,,,,
2026-07-29T04:53:11Z,2026-07-19,2026-07-26,expensive_yes,2026-07-21,LAD@PHI,823437,LAD,PHI,LAD,team_total,team totals,4.0,YES,KXMLBTEAMTOTAL-26JUL211840LADPHI-LAD4,56-65c,62.0,6.32,0.2,1129,True,LOSE,-62.0,0.0,0.531,,,,favorite,elite_23_plus,excellent_lt_3_75,40_45
2026-07-29T04:53:11Z,2026-07-19,2026-07-26,expensive_yes,2026-07-21,LAD@PHI,823437,LAD,PHI,PHI,team_total,team totals,4.0,YES,KXMLBTEAMTOTAL-26JUL211840LADPHI-PHI4,56-65c,63.0,10.42,0.2,1129,True,LOSE,-63.0,0.0,0.531,,,,underdog,solid_13_18,avg_4_25_4_75,40_45
2026-07-29T04:53:11Z,2026-07-19,2026-07-26,expensive_yes,2026-07-21,LAD@PHI,823437,LAD,PHI,PHI,team_total,team totals,3.0,YES,KXMLBTEAMTOTAL-26JUL211840LADPHI-PHI3,66-80c,75.0,9.84,0.2,1129,True,LOSE,-75.0,,,,,,underdog,solid_13_18,avg_4_25_4_75,40_45
2026-07-29T04:53:11Z,2026-07-19,2026-07-26,expensive_yes,2026-07-21,LAD@PHI,823437,LAD,PHI,LAD,team_total,team totals,3.0,YES,KXMLBTEAMTOTAL-26JUL211840LADPHI-LAD3,66-80c,74.0,9.84,0.2,1129,True,LOSE,-74.0,,,,,,favorite,elite_23_plus,excellent_lt_3_75,40_45
2026-07-29T04:53:11Z,2026-07-19,2026-07-26,expensive_yes,2026-07-21,LAD@PHI,823437,LAD,PHI,LAD,team_total,team totals,2.0,YES,KXMLBTEAMTOTAL-26JUL211840LADPHI-LAD2,81-99c,87.0,8.77,0.2,1129,True,WIN,13.0,,,,,,favorite,elite_23_plus,excellent_lt_3_75,40_45
2026-07-29T04:53:11Z,2026-07-19,2026-07-26,expensive_yes,2026-07-21,LAD@PHI,823437,LAD,PHI,PHI,team_total,team totals,2.0,YES,KXMLBTEAMTOTAL-26JUL211840LADPHI-PHI2,81-99c,87.0,9.81,0.2,1129,True,LOSE,-87.0,,,,,,underdog,solid_13_18,avg_4_25_4_75,40_45
2026-07-29T04:53:11Z,2026-07-19,2026-07-26,expensive_yes,2026-07-21,LAD@PHI,823437,LAD,PHI,,f5_total,F5 totals,2.0,YES,KXMLBF5TOTAL-26JUL211840LADPHI-2,81-99c,88.0,14.2,0.2,1129,True,WIN,12.0,,,,,,,,,
2026-07-29T04:53:11Z,2026-07-19,2026-07-26,expensive_yes,2026-07-21,LAD@PHI,823437,LAD,PHI,,f5_total,F5 totals,1.0,YES,KXMLBF5TOTAL-26JUL211840LADPHI-1,81-99c,95.0,15.26,0.2,1129,True,WIN,5.0,,,,,,,,,
2026-07-29T04:53:11Z,2026-07-19,2026-07-26,expensive_yes,2026-07-21,LAD@PHI,823437,LAD,PHI,,f5_total,F5 totals,3.0,YES,KXMLBF5TOTAL-26JUL211840LADPHI-3,66-80c,77.0,9.51,0.2,1129,True,WIN,23.0,,,,,,,,,
2026-07-29T04:53:11Z,2026-07-19,2026-07-26,expensive_yes,2026-07-21,LAD@PHI,823437,LAD,PHI,,f5_total,F5 totals,4.0,YES,KXMLBF5TOTAL-26JUL211840LADPHI-4,56-65c,64.0,9.96,0.2,1129,True,LOSE,-64.0,,,,,,,,,
2026-07-29T04:53:11Z,2026-07-19,2026-07-26,expensive_yes,2026-07-21,NYM@MIL,823760,NYM,MIL,MIL,moneyline,moneyline,,YES,KXMLBGAME-26JUL211940NYMMIL-MIL,56-65c,56.0,1.72,0.6,2315,True,LOSE,-56.0,0.3193,0.5489,,,,favorite,missing,missing,50_55
2026-07-29T04:53:11Z,2026-07-19,2026-07-26,expensive_yes,2026-07-21,NYM@MIL,823760,NYM,MIL,,full_game_total,full game totals,4.0,YES,KXMLBTOTAL-26JUL211940NYMMIL-4,81-99c,93.0,2.28,0.6,1155,True,WIN,7.0,,,,,,,,,
2026-07-29T04:53:11Z,2026-07-19,2026-07-26,expensive_yes,2026-07-21,NYM@MIL,823760,NYM,MIL,,full_game_total,full game totals,7.0,YES,KXMLBTOTAL-26JUL211940NYMMIL-7,66-80c,72.0,1.18,0.6,1155,True,LOSE,-72.0,,,,,,,,,
2026-07-29T04:53:11Z,2026-07-19,2026-07-26,expensive_yes,2026-07-21,NYM@MIL,823760,NYM,MIL,,full_game_total,full game totals,6.0,YES,KXMLBTOTAL-26JUL211940NYMMIL-6,66-80c,79.0,1.54,0.6,1155,True,LOSE,-79.0,,,,,,,,,
2026-07-29T04:53:11Z,2026-07-19,2026-07-26,expensive_yes,2026-07-21,NYM@MIL,823760,NYM,MIL,,full_game_total,full game totals,5.0,YES,KXMLBTOTAL-26JUL211940NYMMIL-5,81-99c,89.0,1.3,0.6,1155,True,LOSE,-89.0,,,,,,,,,
2026-07-29T04:53:11Z,2026-07-19,2026-07-26,expensive_yes,2026-07-21,NYM@MIL,823760,NYM,MIL,,full_game_total,full game totals,3.0,YES,KXMLBTOTAL-26JUL211940NYMMIL-3,81-99c,98.0,1.95,0.6,1155,True,WIN,2.0,,,,,,,,,
2026-07-29T04:53:11Z,2026-07-19,2026-07-26,expensive_yes,2026-07-21,NYM@MIL,823760,NYM,MIL,,full_game_total,full game totals,8.0,YES,KXMLBTOTAL-26JUL211940NYMMIL-8,56-65c,61.0,1.05,0.6,1155,True,LOSE,-61.0,,,,,,,,,
2026-07-29T04:53:11Z,2026-07-19,2026-07-26,expensive_yes,2026-07-21,NYM@MIL,823760,NYM,MIL,NYM,team_total,team totals,3.0,YES,KXMLBTEAMTOTAL-26JUL211940NYMMIL-NYM3,66-80c,71.0,9.1,0.6,1155,True,WIN,29.0,,,,,,underdog,weak_lt_8,bad_4_75_5_25,50_55
2026-07-29T04:53:11Z,2026-07-19,2026-07-26,expensive_yes,2026-07-21,NYM@MIL,823760,NYM,MIL,MIL,team_total,team totals,4.0,YES,KXMLBTEAMTOTAL-26JUL211940NYMMIL-MIL4,56-65c,63.0,8.23,0.6,1155,True,LOSE,-63.0,0.1258,0.5883,,,,favorite,missing,missing,50_55
2026-07-29T04:53:11Z,2026-07-19,2026-07-26,expensive_yes,2026-07-21,NYM@MIL,823760,NYM,MIL,MIL,team_total,team totals,2.0,YES,KXMLBTEAMTOTAL-26JUL211940NYMMIL-MIL2,81-99c,88.0,6.65,0.6,1155,True,LOSE,-88.0,,,,,,favorite,missing,missing,50_55
2026-07-29T04:53:11Z,2026-07-19,2026-07-26,expensive_yes,2026-07-21,NYM@MIL,823760,NYM,MIL,NYM,team_total,team totals,4.0,YES,KXMLBTEAMTOTAL-26JUL211940NYMMIL-NYM4,56-65c,58.0,3.52,0.6,1155,True,WIN,42.0,0.0,0.531,,,,underdog,weak_lt_8,bad_4_75_5_25,50_55
2026-07-29T04:53:11Z,2026-07-19,2026-07-26,expensive_yes,2026-07-21,NYM@MIL,823760,NYM,MIL,NYM,team_total,team totals,2.0,YES,KXMLBTEAMTOTAL-26JUL211940NYMMIL-NYM2,81-99c,86.0,8.75,0.6,1155,True,WIN,14.0,,,,,,underdog,weak_lt_8,bad_4_75_5_25,50_55
2026-07-29T04:53:11Z,2026-07-19,2026-07-26,expensive_yes,2026-07-21,NYM@MIL,823760,NYM,MIL,MIL,team_total,team totals,3.0,YES,KXMLBTEAMTOTAL-26JUL211940NYMMIL-MIL3,66-80c,77.0,7.42,0.6,1155,True,LOSE,-77.0,,,,,,favorite,missing,missing,50_55
2026-07-29T04:53:11Z,2026-07-19,2026-07-26,expensive_yes,2026-07-21,NYM@MIL,823760,NYM,MIL,,f5_total,F5 totals,2.0,YES,KXMLBF5TOTAL-26JUL211940NYMMIL-2,81-99c,88.0,14.64,0.6,1155,True,WIN,12.0,,,,,,,,,
2026-07-29T04:53:11Z,2026-07-19,2026-07-26,expensive_yes,2026-07-21,NYM@MIL,823760,NYM,MIL,,f5_total,F5 totals,4.0,YES,KXMLBF5TOTAL-26JUL211940NYMMIL-4,66-80c,69.0,10.24,0.6,1155,True,LOSE,-69.0,,,,,,,,,
2026-07-29T04:53:11Z,2026-07-19,2026-07-26,expensive_yes,2026-07-21,NYM@MIL,823760,NYM,MIL,,f5_total,F5 totals,3.0,YES,KXMLBF5TOTAL-26JUL211940NYMMIL-3,81-99c,81.0,10.78,0.6,1155,True,WIN,19.0,,,,,,,,,
2026-07-29T04:53:11Z,2026-07-19,2026-07-26,expensive_yes,2026-07-21,NYM@MIL,823760,NYM,MIL,,f5_total,F5 totals,1.0,YES,KXMLBF5TOTAL-26JUL211940NYMMIL-1,81-99c,96.0,14.7,0.6,1155,True,WIN,4.0,,,,,,,,,
2026-07-29T04:53:11Z,2026-07-19,2026-07-26,expensive_yes,2026-07-21,STL@LAA,824005,STL,LAA,,full_game_total,full game totals,3.0,YES,KXMLBTOTAL-26JUL212138STLLAA-3,81-99c,98.0,2.2,1.7,1208,True,WIN,2.0,,,,,,,,,
2026-07-29T04:53:11Z,2026-07-19,2026-07-26,expensive_yes,2026-07-21,STL@LAA,824005,STL,LAA,,full_game_total,full game totals,4.0,YES,KXMLBTOTAL-26JUL212138STLLAA-4,81-99c,94.0,2.43,1.7,1208,True,WIN,6.0,,,,,,,,,
2026-07-29T04:53:11Z,2026-07-19,2026-07-26,expensive_yes,2026-07-21,STL@LAA,824005,STL,LAA,,full_game_total,full game totals,8.0,YES,KXMLBTOTAL-26JUL212138STLLAA-8,56-65c,64.0,1.12,1.7,1208,True,LOSE,-64.0,,,,,,,,,
2026-07-29T04:53:11Z,2026-07-19,2026-07-26,expensive_yes,2026-07-21,STL@LAA,824005,STL,LAA,,full_game_total,full game totals,9.0,YES,KXMLBTOTAL-26JUL212138STLLAA-9,56-65c,58.0,1.03,1.7,1208,True,LOSE,-58.0,,,,,,,,,
2026-07-29T04:53:11Z,2026-07-19,2026-07-26,expensive_yes,2026-07-21,STL@LAA,824005,STL,LAA,,full_game_total,full game totals,6.0,YES,KXMLBTOTAL-26JUL212138STLLAA-6,81-99c,83.0,1.85,1.7,1208,True,WIN,17.0,,,,,,,,,
2026-07-29T04:53:11Z,2026-07-19,2026-07-26,expensive_yes,2026-07-21,STL@LAA,824005,STL,LAA,,full_game_total,full game totals,7.0,YES,KXMLBTOTAL-26JUL212138STLLAA-7,66-80c,75.0,1.65,1.7,1208,True,LOSE,-75.0,,,,,,,,,
2026-07-29T04:53:11Z,2026-07-19,2026-07-26,expensive_yes,2026-07-21,STL@LAA,824005,STL,LAA,,full_game_total,full game totals,5.0,YES,KXMLBTOTAL-26JUL212138STLLAA-5,81-99c,88.0,1.29,1.7,1208,True,WIN,12.0,,,,,,,,,
2026-07-29T04:53:11Z,2026-07-19,2026-07-26,expensive_yes,2026-07-21,STL@LAA,824005,STL,LAA,STL,team_total,team totals,3.0,YES,KXMLBTEAMTOTAL-26JUL212138STLLAA-STL3,66-80c,73.0,10.54,1.7,1208,True,LOSE,-73.0,,,,,,favorite,weak_lt_8,very_bad_5_25_plus,45_50
2026-07-29T04:53:11Z,2026-07-19,2026-07-26,expensive_yes,2026-07-21,STL@LAA,824005,STL,LAA,LAA,team_total,team totals,3.0,YES,KXMLBTEAMTOTAL-26JUL212138STLLAA-LAA3,66-80c,77.0,10.63,1.7,1208,True,WIN,23.0,,,,,,underdog,below_avg_8_13,bad_4_75_5_25,45_50
2026-07-29T04:53:11Z,2026-07-19,2026-07-26,expensive_yes,2026-07-21,STL@LAA,824005,STL,LAA,LAA,team_total,team totals,2.0,YES,KXMLBTEAMTOTAL-26JUL212138STLLAA-LAA2,81-99c,88.0,9.82,1.7,1208,True,WIN,12.0,,,,,,underdog,below_avg_8_13,bad_4_75_5_25,45_50
2026-07-29T04:53:11Z,2026-07-19,2026-07-26,expensive_yes,2026-07-21,STL@LAA,824005,STL,LAA,LAA,team_total,team totals,4.0,YES,KXMLBTEAMTOTAL-26JUL212138STLLAA-LAA4,56-65c,63.0,10.26,1.7,1208,True,WIN,37.0,0.0,0.531,,,,underdog,below_avg_8_13,bad_4_75_5_25,45_50
2026-07-29T04:53:11Z,2026-07-19,2026-07-26,expensive_yes,2026-07-21,STL@LAA,824005,STL,LAA,STL,team_total,team totals,2.0,YES,KXMLBTEAMTOTAL-26JUL212138STLLAA-STL2,81-99c,87.0,9.62,1.7,1208,True,LOSE,-87.0,,,,,,favorite,weak_lt_8,very_bad_5_25_plus,45_50
2026-07-29T04:53:11Z,2026-07-19,2026-07-26,expensive_yes,2026-07-21,STL@LAA,824005,STL,LAA,STL,team_total,team totals,4.0,YES,KXMLBTEAMTOTAL-26JUL212138STLLAA-STL4,56-65c,61.0,10.13,1.7,1208,True,LOSE,-61.0,0.1436,0.5883,,,,favorite,weak_lt_8,very_bad_5_25_plus,45_50
2026-07-29T04:53:11Z,2026-07-19,2026-07-26,expensive_yes,2026-07-21,STL@LAA,824005,STL,LAA,,f5_total,F5 totals,5.0,YES,KXMLBF5TOTAL-26JUL212138STLLAA-5,56-65c,57.0,8.96,1.7,1208,True,WIN,43.0,,,,,,,,,
2026-07-29T04:53:11Z,2026-07-19,2026-07-26,expensive_yes,2026-07-21,STL@LAA,824005,STL,LAA,,f5_total,F5 totals,3.0,YES,KXMLBF5TOTAL-26JUL212138STLLAA-3,81-99c,82.0,12.62,1.7,1208,True,WIN,18.0,,,,,,,,,
2026-07-29T04:53:11Z,2026-07-19,2026-07-26,expensive_yes,2026-07-21,STL@LAA,824005,STL,LAA,,f5_total,F5 totals,1.0,YES,KXMLBF5TOTAL-26JUL212138STLLAA-1,81-99c,96.0,16.91,1.7,1208,True,WIN,4.0,,,,,,,,,
2026-07-29T04:53:11Z,2026-07-19,2026-07-26,expensive_yes,2026-07-21,STL@LAA,824005,STL,LAA,,f5_total,F5 totals,2.0,YES,KXMLBF5TOTAL-26JUL212138STLLAA-2,81-99c,92.0,15.16,1.7,1208,True,WIN,8.0,,,,,,,,,
2026-07-29T04:53:11Z,2026-07-19,2026-07-26,expensive_yes,2026-07-21,STL@LAA,824005,STL,LAA,,f5_total,F5 totals,4.0,YES,KXMLBF5TOTAL-26JUL212138STLLAA-4,66-80c,70.0,10.14,1.7,1208,True,WIN,30.0,,,,,,,,,
2026-07-29T04:53:11Z,2026-07-19,2026-07-26,expensive_yes,2026-07-21,SF@KC,824085,SF,KC,,full_game_total,full game totals,4.0,YES,KXMLBTOTAL-26JUL211940SFKC-4,81-99c,94.0,2.5,0.6,1155,True,WIN,6.0,,,,,,,,,
2026-07-29T04:53:11Z,2026-07-19,2026-07-26,expensive_yes,2026-07-21,SF@KC,824085,SF,KC,,full_game_total,full game totals,7.0,YES,KXMLBTOTAL-26JUL211940SFKC-7,66-80c,74.0,1.39,0.6,1155,True,LOSE,-74.0,,,,,,,,,
2026-07-29T04:53:11Z,2026-07-19,2026-07-26,expensive_yes,2026-07-21,SF@KC,824085,SF,KC,,full_game_total,full game totals,9.0,YES,KXMLBTOTAL-26JUL211940SFKC-9,56-65c,56.0,1.07,0.6,1155,True,LOSE,-56.0,,,,,,,,,
2026-07-29T04:53:11Z,2026-07-19,2026-07-26,expensive_yes,2026-07-21,SF@KC,824085,SF,KC,,full_game_total,full game totals,5.0,YES,KXMLBTOTAL-26JUL211940SFKC-5,81-99c,91.0,1.69,0.6,1155,True,WIN,9.0,,,,,,,,,
2026-07-29T04:53:11Z,2026-07-19,2026-07-26,expensive_yes,2026-07-21,SF@KC,824085,SF,KC,,full_game_total,full game totals,8.0,YES,KXMLBTOTAL-26JUL211940SFKC-8,56-65c,64.0,1.12,0.6,1155,True,LOSE,-64.0,,,,,,,,,
2026-07-29T04:53:11Z,2026-07-19,2026-07-26,expensive_yes,2026-07-21,SF@KC,824085,SF,KC,,full_game_total,full game totals,6.0,YES,KXMLBTOTAL-26JUL211940SFKC-6,81-99c,84.0,1.32,0.6,1155,True,LOSE,-84.0,,,,,,,,,
2026-07-29T04:53:11Z,2026-07-19,2026-07-26,expensive_yes,2026-07-21,SF@KC,824085,SF,KC,SF,team_total,team totals,2.0,YES,KXMLBTEAMTOTAL-26JUL211940SFKC-SF2,81-99c,92.0,8.6,0.6,1155,True,WIN,8.0,,,,,,favorite,weak_lt_8,very_bad_5_25_plus,45_50
2026-07-29T04:53:11Z,2026-07-19,2026-07-26,expensive_yes,2026-07-21,SF@KC,824085,SF,KC,KC,team_total,team totals,4.0,YES,KXMLBTEAMTOTAL-26JUL211940SFKC-KC4,56-65c,62.0,9.15,0.6,1155,True,LOSE,-62.0,0.0432,0.531,,,,underdog,solid_13_18,bad_4_75_5_25,55_60
2026-07-29T04:53:11Z,2026-07-19,2026-07-26,expensive_yes,2026-07-21,SF@KC,824085,SF,KC,SF,team_total,team totals,3.0,YES,KXMLBTEAMTOTAL-26JUL211940SFKC-SF3,81-99c,83.0,8.8,0.6,1155,True,LOSE,-83.0,,,,,,favorite,weak_lt_8,very_bad_5_25_plus,45_50
2026-07-29T04:53:11Z,2026-07-19,2026-07-26,expensive_yes,2026-07-21,SF@KC,824085,SF,KC,SF,team_total,team totals,4.0,YES,KXMLBTEAMTOTAL-26JUL211940SFKC-SF4,66-80c,69.0,9.81,0.6,1155,True,LOSE,-69.0,0.4369,0.6395,,,,favorite,weak_lt_8,very_bad_5_25_plus,45_50
2026-07-29T04:53:11Z,2026-07-19,2026-07-26,expensive_yes,2026-07-21,SF@KC,824085,SF,KC,KC,team_total,team totals,2.0,YES,KXMLBTEAMTOTAL-26JUL211940SFKC-KC2,81-99c,91.0,7.74,0.6,1155,True,WIN,9.0,,,,,,underdog,solid_13_18,bad_4_75_5_25,55_60
2026-07-29T04:53:11Z,2026-07-19,2026-07-26,expensive_yes,2026-07-21,SF@KC,824085,SF,KC,KC,team_total,team totals,3.0,YES,KXMLBTEAMTOTAL-26JUL211940SFKC-KC3,66-80c,78.0,8.19,0.6,1155,True,WIN,22.0,,,,,,underdog,solid_13_18,bad_4_75_5_25,55_60
2026-07-29T04:53:11Z,2026-07-19,2026-07-26,expensive_yes,2026-07-21,SF@KC,824085,SF,KC,,f5_total,F5 totals,5.0,YES,KXMLBF5TOTAL-26JUL211940SFKC-5,56-65c,60.0,9.9,0.6,1155,True,LOSE,-60.0,,,,,,,,,
2026-07-29T04:53:11Z,2026-07-19,2026-07-26,expensive_yes,2026-07-21,SF@KC,824085,SF,KC,,f5_total,F5 totals,4.0,YES,KXMLBF5TOTAL-26JUL211940SFKC-4,81-99c,84.0,10.73,0.6,1155,True,LOSE,-84.0,,,,,,,,,
2026-07-29T04:53:11Z,2026-07-19,2026-07-26,expensive_yes,2026-07-21,SF@KC,824085,SF,KC,,f5_total,F5 totals,3.0,YES,KXMLBF5TOTAL-26JUL211940SFKC-3,81-99c,85.0,13.96,0.6,1155,True,WIN,15.0,,,,,,,,,
2026-07-29T04:53:11Z,2026-07-19,2026-07-26,expensive_yes,2026-07-21,SF@KC,824085,SF,KC,,f5_total,F5 totals,1.0,YES,KXMLBF5TOTAL-26JUL211940SFKC-1,81-99c,96.0,18.46,0.6,1155,True,WIN,4.0,,,,,,,,,
2026-07-29T04:53:11Z,2026-07-19,2026-07-26,expensive_yes,2026-07-21,SF@KC,824085,SF,KC,,f5_total,F5 totals,2.0,YES,KXMLBF5TOTAL-26JUL211940SFKC-2,81-99c,91.0,21.1,0.6,1155,True,WIN,9.0,,,,,,,,,
2026-07-29T04:53:11Z,2026-07-19,2026-07-26,expensive_yes,2026-07-21,MIA@HOU,824165,MIA,HOU,,full_game_total,full game totals,7.0,YES,KXMLBTOTAL-26JUL212010MIAHOU-7,66-80c,75.0,1.43,1.2,1168,True,WIN,25.0,,,,,,,,,
2026-07-29T04:53:11Z,2026-07-19,2026-07-26,expensive_yes,2026-07-21,MIA@HOU,824165,MIA,HOU,,full_game_total,full game totals,6.0,YES,KXMLBTOTAL-26JUL212010MIAHOU-6,81-99c,82.0,1.69,1.2,1168,True,WIN,18.0,,,,,,,,,
2026-07-29T04:53:11Z,2026-07-19,2026-07-26,expensive_yes,2026-07-21,MIA@HOU,824165,MIA,HOU,,full_game_total,full game totals,8.0,YES,KXMLBTOTAL-26JUL212010MIAHOU-8,56-65c,65.0,1.23,1.2,1168,True,WIN,35.0,,,,,,,,,
2026-07-29T04:53:11Z,2026-07-19,2026-07-26,expensive_yes,2026-07-21,MIA@HOU,824165,MIA,HOU,,full_game_total,full game totals,4.0,YES,KXMLBTOTAL-26JUL212010MIAHOU-4,81-99c,95.0,3.25,1.2,1168,True,WIN,5.0,,,,,,,,,
2026-07-29T04:53:11Z,2026-07-19,2026-07-26,expensive_yes,2026-07-21,MIA@HOU,824165,MIA,HOU,,full_game_total,full game totals,3.0,YES,KXMLBTOTAL-26JUL212010MIAHOU-3,81-99c,98.0,1.98,1.2,1168,True,WIN,2.0,,,,,,,,,
2026-07-29T04:53:11Z,2026-07-19,2026-07-26,expensive_yes,2026-07-21,MIA@HOU,824165,MIA,HOU,,full_game_total,full game totals,9.0,YES,KXMLBTOTAL-26JUL212010MIAHOU-9,56-65c,58.0,1.16,1.2,1168,True,LOSE,-58.0,,,,,,,,,
2026-07-29T04:53:11Z,2026-07-19,2026-07-26,expensive_yes,2026-07-21,MIA@HOU,824165,MIA,HOU,,full_game_total,full game totals,5.0,YES,KXMLBTOTAL-26JUL212010MIAHOU-5,81-99c,91.0,1.36,1.2,1168,True,WIN,9.0,,,,,,,,,
2026-07-29T04:53:11Z,2026-07-19,2026-07-26,expensive_yes,2026-07-21,MIA@HOU,824165,MIA,HOU,MIA,team_total,team totals,4.0,YES,KXMLBTEAMTOTAL-26JUL212010MIAHOU-MIA4,56-65c,62.0,8.36,1.2,1168,True,LOSE,-62.0,0.051,0.531,,,,favorite,weak_lt_8,very_bad_5_25_plus,45_50
2026-07-29T04:53:11Z,2026-07-19,2026-07-26,expensive_yes,2026-07-21,MIA@HOU,824165,MIA,HOU,HOU,team_total,team totals,4.0,YES,KXMLBTEAMTOTAL-26JUL212010MIAHOU-HOU4,56-65c,65.0,7.91,1.2,1168,True,WIN,35.0,0.1046,0.5883,,,,underdog,weak_lt_8,very_bad_5_25_plus,45_50
2026-07-29T04:53:11Z,2026-07-19,2026-07-26,expensive_yes,2026-07-21,MIA@HOU,824165,MIA,HOU,MIA,team_total,team totals,2.0,YES,KXMLBTEAMTOTAL-26JUL212010MIAHOU-MIA2,81-99c,88.0,7.01,1.2,1168,True,WIN,12.0,,,,,,favorite,weak_lt_8,very_bad_5_25_plus,45_50
2026-07-29T04:53:11Z,2026-07-19,2026-07-26,expensive_yes,2026-07-21,MIA@HOU,824165,MIA,HOU,HOU,team_total,team totals,3.0,YES,KXMLBTEAMTOTAL-26JUL212010MIAHOU-HOU3,66-80c,78.0,6.81,1.2,1168,True,WIN,22.0,,,,,,underdog,weak_lt_8,very_bad_5_25_plus,45_50
2026-07-29T04:53:11Z,2026-07-19,2026-07-26,expensive_yes,2026-07-21,MIA@HOU,824165,MIA,HOU,HOU,team_total,team totals,2.0,YES,KXMLBTEAMTOTAL-26JUL212010MIAHOU-HOU2,81-99c,90.0,6.66,1.2,1168,True,WIN,10.0,,,,,,underdog,weak_lt_8,very_bad_5_25_plus,45_50
2026-07-29T04:53:11Z,2026-07-19,2026-07-26,expensive_yes,2026-07-21,MIA@HOU,824165,MIA,HOU,MIA,team_total,team totals,3.0,YES,KXMLBTEAMTOTAL-26JUL212010MIAHOU-MIA3,66-80c,74.0,6.91,1.2,1168,True,WIN,26.0,,,,,,favorite,weak_lt_8,very_bad_5_25_plus,45_50
2026-07-29T04:53:11Z,2026-07-19,2026-07-26,expensive_yes,2026-07-21,MIA@HOU,824165,MIA,HOU,,f5_total,F5 totals,4.0,YES,KXMLBF5TOTAL-26JUL212010MIAHOU-4,66-80c,71.0,10.57,1.2,1168,True,WIN,29.0,,,,,,,,,
2026-07-29T04:53:11Z,2026-07-19,2026-07-26,expensive_yes,2026-07-21,MIA@HOU,824165,MIA,HOU,,f5_total,F5 totals,3.0,YES,KXMLBF5TOTAL-26JUL212010MIAHOU-3,81-99c,83.0,10.67,1.2,1168,True,WIN,17.0,,,,,,,,,
2026-07-29T04:53:11Z,2026-07-19,2026-07-26,expensive_yes,2026-07-21,MIA@HOU,824165,MIA,HOU,,f5_total,F5 totals,2.0,YES,KXMLBF5TOTAL-26JUL212010MIAHOU-2,81-99c,93.0,20.64,1.2,1168,True,WIN,7.0,,,,,,,,,
2026-07-29T04:53:11Z,2026-07-19,2026-07-26,expensive_yes,2026-07-21,MIA@HOU,824165,MIA,HOU,,f5_total,F5 totals,5.0,YES,KXMLBF5TOTAL-26JUL212010MIAHOU-5,56-65c,58.0,9.77,1.2,1168,True,WIN,42.0,,,,,,,,,
2026-07-29T04:53:11Z,2026-07-19,2026-07-26,expensive_yes,2026-07-21,MIA@HOU,824165,MIA,HOU,,f5_total,F5 totals,1.0,YES,KXMLBF5TOTAL-26JUL212010MIAHOU-1,81-99c,97.0,18.95,1.2,1168,True,WIN,3.0,,,,,,,,,
2026-07-29T04:53:11Z,2026-07-19,2026-07-26,expensive_yes,2026-07-21,MIN@CLE,824409,MIN,CLE,CLE,moneyline,moneyline,,YES,KXMLBGAME-26JUL211840MINCLE-CLE,56-65c,59.0,2.47,0.2,2289,True,WIN,41.0,0.0837,0.472,,,,favorite,weak_lt_8,bad_4_75_5_25,40_45
2026-07-29T04:53:11Z,2026-07-19,2026-07-26,expensive_yes,2026-07-21,MIN@CLE,824409,MIN,CLE,,full_game_total,full game totals,3.0,YES,KXMLBTOTAL-26JUL211840MINCLE-3,81-99c,98.0,3.31,0.2,859,True,WIN,2.0,,,,,,,,,
2026-07-29T04:53:11Z,2026-07-19,2026-07-26,expensive_yes,2026-07-21,MIN@CLE,824409,MIN,CLE,,full_game_total,full game totals,4.0,YES,KXMLBTOTAL-26JUL211840MINCLE-4,81-99c,92.0,2.33,0.2,859,True,WIN,8.0,,,,,,,,,
2026-07-29T04:53:11Z,2026-07-19,2026-07-26,expensive_yes,2026-07-21,MIN@CLE,824409,MIN,CLE,,full_game_total,full game totals,5.0,YES,KXMLBTOTAL-26JUL211840MINCLE-5,81-99c,86.0,1.57,0.2,859,True,WIN,14.0,,,,,,,,,
2026-07-29T04:53:11Z,2026-07-19,2026-07-26,expensive_yes,2026-07-21,MIN@CLE,824409,MIN,CLE,,full_game_total,full game totals,6.0,YES,KXMLBTOTAL-26JUL211840MINCLE-6,66-80c,75.0,1.04,0.2,859,True,WIN,25.0,,,,,,,,,
2026-07-29T04:53:11Z,2026-07-19,2026-07-26,expensive_yes,2026-07-21,MIN@CLE,824409,MIN,CLE,,full_game_total,full game totals,7.0,YES,KXMLBTOTAL-26JUL211840MINCLE-7,66-80c,66.0,1.29,0.2,859,True,WIN,34.0,,,,,,,,,
2026-07-29T04:53:11Z,2026-07-19,2026-07-26,expensive_yes,2026-07-21,MIN@CLE,824409,MIN,CLE,MIN,team_total,team totals,2.0,YES,KXMLBTEAMTOTAL-26JUL211840MINCLE-MIN2,66-80c,79.0,3.27,0.2,859,True,WIN,21.0,,,,,,underdog,weak_lt_8,very_bad_5_25_plus,45_50
2026-07-29T04:53:11Z,2026-07-19,2026-07-26,expensive_yes,2026-07-21,MIN@CLE,824409,MIN,CLE,CLE,team_total,team totals,3.0,YES,KXMLBTEAMTOTAL-26JUL211840MINCLE-CLE3,66-80c,75.0,3.81,0.2,859,True,WIN,25.0,,,,,,favorite,weak_lt_8,bad_4_75_5_25,40_45
2026-07-29T04:53:11Z,2026-07-19,2026-07-26,expensive_yes,2026-07-21,MIN@CLE,824409,MIN,CLE,MIN,team_total,team totals,3.0,YES,KXMLBTEAMTOTAL-26JUL211840MINCLE-MIN3,56-65c,64.0,3.78,0.2,859,True,LOSE,-64.0,,,,,,underdog,weak_lt_8,very_bad_5_25_plus,45_50
2026-07-29T04:53:11Z,2026-07-19,2026-07-26,expensive_yes,2026-07-21,MIN@CLE,824409,MIN,CLE,CLE,team_total,team totals,4.0,YES,KXMLBTEAMTOTAL-26JUL211840MINCLE-CLE4,56-65c,59.0,3.87,0.2,859,True,WIN,41.0,0.0894,0.531,,,,favorite,weak_lt_8,bad_4_75_5_25,40_45
2026-07-29T04:53:11Z,2026-07-19,2026-07-26,expensive_yes,2026-07-21,MIN@CLE,824409,MIN,CLE,CLE,team_total,team totals,2.0,YES,KXMLBTEAMTOTAL-26JUL211840MINCLE-CLE2,81-99c,87.0,3.84,0.2,859,True,WIN,13.0,,,,,,favorite,weak_lt_8,bad_4_75_5_25,40_45
2026-07-29T04:53:11Z,2026-07-19,2026-07-26,expensive_yes,2026-07-21,MIN@CLE,824409,MIN,CLE,,f5_total,F5 totals,4.0,YES,KXMLBF5TOTAL-26JUL211840MINCLE-4,56-65c,56.0,4.66,0.2,859,True,WIN,44.0,,,,,,,,,
2026-07-29T04:53:11Z,2026-07-19,2026-07-26,expensive_yes,2026-07-21,MIN@CLE,824409,MIN,CLE,,f5_total,F5 totals,3.0,YES,KXMLBF5TOTAL-26JUL211840MINCLE-3,66-80c,69.0,4.13,0.2,859,True,WIN,31.0,,,,,,,,,
2026-07-29T04:53:11Z,2026-07-19,2026-07-26,expensive_yes,2026-07-21,MIN@CLE,824409,MIN,CLE,,f5_total,F5 totals,2.0,YES,KXMLBF5TOTAL-26JUL211840MINCLE-2,81-99c,83.0,21.02,0.2,859,True,WIN,17.0,,,,,,,,,
2026-07-29T04:53:11Z,2026-07-19,2026-07-26,expensive_yes,2026-07-21,MIN@CLE,824409,MIN,CLE,,f5_total,F5 totals,1.0,YES,KXMLBF5TOTAL-26JUL211840MINCLE-1,81-99c,94.0,22.59,0.2,859,True,WIN,6.0,,,,,,,,,
2026-07-29T04:53:11Z,2026-07-19,2026-07-26,expensive_yes,2026-07-21,DET@CHC,824652,DET,CHC,,full_game_total,full game totals,4.0,YES,KXMLBTOTAL-26JUL212005DETCHC-4,81-99c,89.0,2.1,0.6,896,True,WIN,11.0,,,,,,,,,
2026-07-29T04:53:11Z,2026-07-19,2026-07-26,expensive_yes,2026-07-21,DET@CHC,824652,DET,CHC,,full_game_total,full game totals,3.0,YES,KXMLBTOTAL-26JUL212005DETCHC-3,81-99c,97.0,2.01,0.6,896,True,WIN,3.0,,,,,,,,,
2026-07-29T04:53:11Z,2026-07-19,2026-07-26,expensive_yes,2026-07-21,DET@CHC,824652,DET,CHC,,full_game_total,full game totals,5.0,YES,KXMLBTOTAL-26JUL212005DETCHC-5,81-99c,83.0,1.11,0.6,896,True,WIN,17.0,,,,,,,,,
2026-07-29T04:53:11Z,2026-07-19,2026-07-26,expensive_yes,2026-07-21,DET@CHC,824652,DET,CHC,,full_game_total,full game totals,6.0,YES,KXMLBTOTAL-26JUL212005DETCHC-6,66-80c,72.0,1.08,0.6,896,True,WIN,28.0,,,,,,,,,
2026-07-29T04:53:11Z,2026-07-19,2026-07-26,expensive_yes,2026-07-21,DET@CHC,824652,DET,CHC,,full_game_total,full game totals,7.0,YES,KXMLBTOTAL-26JUL212005DETCHC-7,56-65c,64.0,1.03,0.6,896,True,WIN,36.0,,,,,,,,,
2026-07-29T04:53:11Z,2026-07-19,2026-07-26,expensive_yes,2026-07-21,DET@CHC,824652,DET,CHC,CHC,team_total,team totals,3.0,YES,KXMLBTEAMTOTAL-26JUL212005DETCHC-CHC3,66-80c,70.0,1.88,0.6,896,True,WIN,30.0,,,,,,favorite,below_avg_8_13,avg_4_25_4_75,50_55
2026-07-29T04:53:11Z,2026-07-19,2026-07-26,expensive_yes,2026-07-21,DET@CHC,824652,DET,CHC,CHC,team_total,team totals,2.0,YES,KXMLBTEAMTOTAL-26JUL212005DETCHC-CHC2,81-99c,88.0,1.73,0.6,896,True,WIN,12.0,,,,,,favorite,below_avg_8_13,avg_4_25_4_75,50_55
2026-07-29T04:53:11Z,2026-07-19,2026-07-26,expensive_yes,2026-07-21,DET@CHC,824652,DET,CHC,DET,team_total,team totals,3.0,YES,KXMLBTEAMTOTAL-26JUL212005DETCHC-DET3,66-80c,69.0,1.58,0.6,896,True,LOSE,-69.0,,,,,,underdog,weak_lt_8,very_bad_5_25_plus,50_55
2026-07-29T04:53:11Z,2026-07-19,2026-07-26,expensive_yes,2026-07-21,DET@CHC,824652,DET,CHC,DET,team_total,team totals,2.0,YES,KXMLBTEAMTOTAL-26JUL212005DETCHC-DET2,81-99c,83.0,1.52,0.6,896,True,WIN,17.0,,,,,,underdog,weak_lt_8,very_bad_5_25_plus,50_55
2026-07-29T04:53:11Z,2026-07-19,2026-07-26,expensive_yes,2026-07-21,DET@CHC,824652,DET,CHC,,f5_total,F5 totals,4.0,YES,KXMLBF5TOTAL-26JUL212005DETCHC-4,81-99c,84.0,3.81,0.6,896,True,WIN,16.0,,,,,,,,,
2026-07-29T04:53:11Z,2026-07-19,2026-07-26,expensive_yes,2026-07-21,DET@CHC,824652,DET,CHC,,f5_total,F5 totals,3.0,YES,KXMLBF5TOTAL-26JUL212005DETCHC-3,81-99c,84.0,2.58,0.6,896,True,WIN,16.0,,,,,,,,,
2026-07-29T04:53:11Z,2026-07-19,2026-07-26,expensive_yes,2026-07-21,DET@CHC,824652,DET,CHC,,f5_total,F5 totals,2.0,YES,KXMLBF5TOTAL-26JUL212005DETCHC-2,81-99c,85.0,1.86,0.6,896,True,WIN,15.0,,,,,,,,,
2026-07-29T04:53:11Z,2026-07-19,2026-07-26,expensive_yes,2026-07-21,DET@CHC,824652,DET,CHC,,f5_total,F5 totals,1.0,YES,KXMLBF5TOTAL-26JUL212005DETCHC-1,81-99c,95.0,5.85,0.6,896,True,WIN,5.0,,,,,,,,,
2026-07-29T04:53:11Z,2026-07-19,2026-07-26,expensive_yes,2026-07-21,SD@ATL,824895,SD,ATL,ATL,moneyline,moneyline,,YES,KXMLBGAME-26JUL211915SDATL-ATL,56-65c,58.0,2.29,1.2,2304,True,LOSE,-58.0,0.4117,0.6039,,,,favorite,weak_lt_8,bad_4_75_5_25,55_60
2026-07-29T04:53:11Z,2026-07-19,2026-07-26,expensive_yes,2026-07-21,SD@ATL,824895,SD,ATL,,full_game_total,full game totals,4.0,YES,KXMLBTOTAL-26JUL211915SDATL-4,81-99c,94.0,2.41,1.2,1144,True,WIN,6.0,,,,,,,,,
2026-07-29T04:53:11Z,2026-07-19,2026-07-26,expensive_yes,2026-07-21,SD@ATL,824895,SD,ATL,,full_game_total,full game totals,5.0,YES,KXMLBTOTAL-26JUL211915SDATL-5,81-99c,90.0,1.4,1.2,1144,True,WIN,10.0,,,,,,,,,
2026-07-29T04:53:11Z,2026-07-19,2026-07-26,expensive_yes,2026-07-21,SD@ATL,824895,SD,ATL,,full_game_total,full game totals,6.0,YES,KXMLBTOTAL-26JUL211915SDATL-6,81-99c,81.0,1.36,1.2,1144,True,WIN,19.0,,,,,,,,,
2026-07-29T04:53:11Z,2026-07-19,2026-07-26,expensive_yes,2026-07-21,SD@ATL,824895,SD,ATL,,full_game_total,full game totals,7.0,YES,KXMLBTOTAL-26JUL211915SDATL-7,66-80c,75.0,1.35,1.2,1144,True,WIN,25.0,,,,,,,,,
2026-07-29T04:53:11Z,2026-07-19,2026-07-26,expensive_yes,2026-07-21,SD@ATL,824895,SD,ATL,,full_game_total,full game totals,8.0,YES,KXMLBTOTAL-26JUL211915SDATL-8,56-65c,63.0,1.2,1.2,1144,True,WIN,37.0,,,,,,,,,
2026-07-29T04:53:11Z,2026-07-19,2026-07-26,expensive_yes,2026-07-21,SD@ATL,824895,SD,ATL,,full_game_total,full game totals,9.0,YES,KXMLBTOTAL-26JUL211915SDATL-9,56-65c,56.0,1.11,1.2,1144,True,WIN,44.0,,,,,,,,,
2026-07-29T04:53:11Z,2026-07-19,2026-07-26,expensive_yes,2026-07-21,SD@ATL,824895,SD,ATL,ATL,team_total,team totals,2.0,YES,KXMLBTEAMTOTAL-26JUL211915SDATL-ATL2,81-99c,92.0,8.32,1.2,1144,True,WIN,8.0,,,,,,favorite,weak_lt_8,bad_4_75_5_25,55_60
2026-07-29T04:53:11Z,2026-07-19,2026-07-26,expensive_yes,2026-07-21,SD@ATL,824895,SD,ATL,ATL,team_total,team totals,3.0,YES,KXMLBTEAMTOTAL-26JUL211915SDATL-ATL3,66-80c,78.0,4.31,1.2,1144,True,WIN,22.0,,,,,,favorite,weak_lt_8,bad_4_75_5_25,55_60
2026-07-29T04:53:11Z,2026-07-19,2026-07-26,expensive_yes,2026-07-21,SD@ATL,824895,SD,ATL,SD,team_total,team totals,2.0,YES,KXMLBTEAMTOTAL-26JUL211915SDATL-SD2,81-99c,85.0,6.75,1.2,1144,True,WIN,15.0,,,,,,underdog,below_avg_8_13,bad_4_75_5_25,55_60
2026-07-29T04:53:11Z,2026-07-19,2026-07-26,expensive_yes,2026-07-21,SD@ATL,824895,SD,ATL,ATL,team_total,team totals,4.0,YES,KXMLBTEAMTOTAL-26JUL211915SDATL-ATL4,66-80c,67.0,8.35,1.2,1144,True,LOSE,-67.0,0.1786,0.5883,,,,favorite,weak_lt_8,bad_4_75_5_25,55_60
2026-07-29T04:53:11Z,2026-07-19,2026-07-26,expensive_yes,2026-07-21,SD@ATL,824895,SD,ATL,SD,team_total,team totals,3.0,YES,KXMLBTEAMTOTAL-26JUL211915SDATL-SD3,66-80c,74.0,6.96,1.2,1144,True,WIN,26.0,,,,,,underdog,below_avg_8_13,bad_4_75_5_25,55_60
2026-07-29T04:53:11Z,2026-07-19,2026-07-26,expensive_yes,2026-07-21,SD@ATL,824895,SD,ATL,SD,team_total,team totals,4.0,YES,KXMLBTEAMTOTAL-26JUL211915SDATL-SD4,56-65c,60.0,8.12,1.2,1144,True,WIN,40.0,0.0,0.531,,,,underdog,below_avg_8_13,bad_4_75_5_25,55_60
2026-07-29T04:53:11Z,2026-07-19,2026-07-26,expensive_yes,2026-07-21,SD@ATL,824895,SD,ATL,,f5_total,F5 totals,5.0,YES,KXMLBF5TOTAL-26JUL211915SDATL-5,56-65c,58.0,9.98,1.2,1144,True,WIN,42.0,,,,,,,,,
2026-07-29T04:53:11Z,2026-07-19,2026-07-26,expensive_yes,2026-07-21,SD@ATL,824895,SD,ATL,,f5_total,F5 totals,4.0,YES,KXMLBF5TOTAL-26JUL211915SDATL-4,66-80c,71.0,9.84,1.2,1144,True,WIN,29.0,,,,,,,,,
2026-07-29T04:53:11Z,2026-07-19,2026-07-26,expensive_yes,2026-07-21,SD@ATL,824895,SD,ATL,,f5_total,F5 totals,3.0,YES,KXMLBF5TOTAL-26JUL211915SDATL-3,81-99c,83.0,10.58,1.2,1144,True,WIN,17.0,,,,,,,,,
2026-07-29T04:53:11Z,2026-07-19,2026-07-26,expensive_yes,2026-07-21,SD@ATL,824895,SD,ATL,,f5_total,F5 totals,2.0,YES,KXMLBF5TOTAL-26JUL211915SDATL-2,81-99c,92.0,23.62,1.2,1144,True,WIN,8.0,,,,,,,,,
2026-07-29T04:53:11Z,2026-07-19,2026-07-26,expensive_yes,2026-07-21,SD@ATL,824895,SD,ATL,,f5_total,F5 totals,1.0,YES,KXMLBF5TOTAL-26JUL211915SDATL-1,81-99c,96.0,20.26,1.2,1144,True,WIN,4.0,,,,,,,,,
2026-07-29T04:53:11Z,2026-07-19,2026-07-26,expensive_yes,2026-07-21,ATH@AZ,825056,ATH,AZ,AZ,moneyline,moneyline,,YES,KXMLBGAME-26JUL212140ATHAZ-AZ,56-65c,56.0,1.83,1.7,2369,True,WIN,44.0,0.6149,0.6039,,,,favorite,below_avg_8_13,bad_4_75_5_25,55_60
2026-07-29T04:53:11Z,2026-07-19,2026-07-26,expensive_yes,2026-07-21,ATH@AZ,825056,ATH,AZ,,full_game_total,full game totals,5.0,YES,KXMLBTOTAL-26JUL212140ATHAZ-5,81-99c,91.0,1.17,1.7,699,True,WIN,9.0,,,,,,,,,
2026-07-29T04:53:11Z,2026-07-19,2026-07-26,expensive_yes,2026-07-21,ATH@AZ,825056,ATH,AZ,,full_game_total,full game totals,8.0,YES,KXMLBTOTAL-26JUL212140ATHAZ-8,66-80c,66.0,1.0,1.7,699,True,WIN,34.0,,,,,,,,,
2026-07-29T04:53:11Z,2026-07-19,2026-07-26,expensive_yes,2026-07-21,ATH@AZ,825056,ATH,AZ,,full_game_total,full game totals,9.0,YES,KXMLBTOTAL-26JUL212140ATHAZ-9,56-65c,59.0,1.3,1.7,699,True,WIN,41.0,,,,,,,,,
2026-07-29T04:53:11Z,2026-07-19,2026-07-26,expensive_yes,2026-07-21,ATH@AZ,825056,ATH,AZ,,full_game_total,full game totals,6.0,YES,KXMLBTOTAL-26JUL212140ATHAZ-6,81-99c,83.0,1.53,1.7,699,True,WIN,17.0,,,,,,,,,
2026-07-29T04:53:11Z,2026-07-19,2026-07-26,expensive_yes,2026-07-21,ATH@AZ,825056,ATH,AZ,,full_game_total,full game totals,7.0,YES,KXMLBTOTAL-26JUL212140ATHAZ-7,66-80c,77.0,1.36,1.7,699,True,WIN,23.0,,,,,,,,,
2026-07-29T04:53:11Z,2026-07-19,2026-07-26,expensive_yes,2026-07-21,ATH@AZ,825056,ATH,AZ,,full_game_total,full game totals,4.0,YES,KXMLBTOTAL-26JUL212140ATHAZ-4,81-99c,94.0,2.07,1.7,699,True,WIN,6.0,,,,,,,,,
2026-07-29T04:53:11Z,2026-07-19,2026-07-26,expensive_yes,2026-07-21,ATH@AZ,825056,ATH,AZ,ATH,team_total,team totals,3.0,YES,KXMLBTEAMTOTAL-26JUL212140ATHAZ-ATH3,66-80c,73.0,3.48,1.7,699,True,WIN,27.0,,,,,,underdog,missing,missing,40_45
2026-07-29T04:53:11Z,2026-07-19,2026-07-26,expensive_yes,2026-07-21,ATH@AZ,825056,ATH,AZ,ATH,team_total,team totals,2.0,YES,KXMLBTEAMTOTAL-26JUL212140ATHAZ-ATH2,81-99c,87.0,3.19,1.7,699,True,WIN,13.0,,,,,,underdog,missing,missing,40_45
2026-07-29T04:53:11Z,2026-07-19,2026-07-26,expensive_yes,2026-07-21,ATH@AZ,825056,ATH,AZ,AZ,team_total,team totals,2.0,YES,KXMLBTEAMTOTAL-26JUL212140ATHAZ-AZ2,81-99c,90.0,3.3,1.7,699,True,WIN,10.0,,,,,,favorite,below_avg_8_13,bad_4_75_5_25,55_60
2026-07-29T04:53:11Z,2026-07-19,2026-07-26,expensive_yes,2026-07-21,ATH@AZ,825056,ATH,AZ,ATH,team_total,team totals,4.0,YES,KXMLBTEAMTOTAL-26JUL212140ATHAZ-ATH4,56-65c,61.0,3.54,1.7,699,True,WIN,39.0,0.0,0.531,,,,underdog,missing,missing,40_45
2026-07-29T04:53:11Z,2026-07-19,2026-07-26,expensive_yes,2026-07-21,ATH@AZ,825056,ATH,AZ,AZ,team_total,team totals,4.0,YES,KXMLBTEAMTOTAL-26JUL212140ATHAZ-AZ4,66-80c,68.0,2.08,1.7,699,True,WIN,32.0,0.5782,0.6395,,,,favorite,below_avg_8_13,bad_4_75_5_25,55_60
2026-07-29T04:53:11Z,2026-07-19,2026-07-26,expensive_yes,2026-07-21,ATH@AZ,825056,ATH,AZ,AZ,team_total,team totals,3.0,YES,KXMLBTEAMTOTAL-26JUL212140ATHAZ-AZ3,66-80c,79.0,2.14,1.7,699,True,WIN,21.0,,,,,,favorite,below_avg_8_13,bad_4_75_5_25,55_60
2026-07-29T04:53:11Z,2026-07-19,2026-07-26,expensive_yes,2026-07-21,ATH@AZ,825056,ATH,AZ,,f5_total,F5 totals,2.0,YES,KXMLBF5TOTAL-26JUL212140ATHAZ-2,81-99c,91.0,1.74,1.7,699,True,WIN,9.0,,,,,,,,,
2026-07-29T04:53:11Z,2026-07-19,2026-07-26,expensive_yes,2026-07-21,ATH@AZ,825056,ATH,AZ,,f5_total,F5 totals,1.0,YES,KXMLBF5TOTAL-26JUL212140ATHAZ-1,81-99c,98.0,1.48,1.7,699,True,WIN,2.0,,,,,,,,,
2026-07-29T04:53:11Z,2026-07-19,2026-07-26,expensive_yes,2026-07-21,ATH@AZ,825056,ATH,AZ,,f5_total,F5 totals,3.0,YES,KXMLBF5TOTAL-26JUL212140ATHAZ-3,81-99c,83.0,2.47,1.7,699,True,WIN,17.0,,,,,,,,,
2026-07-29T04:53:11Z,2026-07-19,2026-07-26,expensive_yes,2026-07-21,ATH@AZ,825056,ATH,AZ,,f5_total,F5 totals,5.0,YES,KXMLBF5TOTAL-26JUL212140ATHAZ-5,56-65c,59.0,3.09,1.7,699,True,LOSE,-59.0,,,,,,,,,
2026-07-29T04:53:11Z,2026-07-19,2026-07-26,expensive_yes,2026-07-21,ATH@AZ,825056,ATH,AZ,,f5_total,F5 totals,4.0,YES,KXMLBF5TOTAL-26JUL212140ATHAZ-4,66-80c,71.0,2.58,1.7,699,True,WIN,29.0,,,,,,,,,
2026-07-29T04:53:11Z,2026-07-19,2026-07-26,expensive_yes,2026-07-22,TB@TOR,822784,TB,TOR,,full_game_total,full game totals,3.0,YES,KXMLBTOTAL-26JUL221907TBTOR-3,81-99c,97.0,1.58,1.1,754,True,WIN,3.0,,,,,,,,,
2026-07-29T04:53:11Z,2026-07-19,2026-07-26,expensive_yes,2026-07-22,TB@TOR,822784,TB,TOR,,full_game_total,full game totals,4.0,YES,KXMLBTOTAL-26JUL221907TBTOR-4,81-99c,90.0,1.91,1.1,754,True,WIN,10.0,,,,,,,,,
2026-07-29T04:53:11Z,2026-07-19,2026-07-26,expensive_yes,2026-07-22,TB@TOR,822784,TB,TOR,,full_game_total,full game totals,5.0,YES,KXMLBTOTAL-26JUL221907TBTOR-5,81-99c,84.0,1.39,1.1,754,True,WIN,16.0,,,,,,,,,
2026-07-29T04:53:11Z,2026-07-19,2026-07-26,expensive_yes,2026-07-22,TB@TOR,822784,TB,TOR,,full_game_total,full game totals,6.0,YES,KXMLBTOTAL-26JUL221907TBTOR-6,66-80c,73.0,1.07,1.1,754,True,WIN,27.0,,,,,,,,,
2026-07-29T04:53:11Z,2026-07-19,2026-07-26,expensive_yes,2026-07-22,TB@TOR,822784,TB,TOR,,full_game_total,full game totals,7.0,YES,KXMLBTOTAL-26JUL221907TBTOR-7,56-65c,65.0,1.27,1.1,754,True,LOSE,-65.0,,,,,,,,,
2026-07-29T04:53:11Z,2026-07-19,2026-07-26,expensive_yes,2026-07-22,TB@TOR,822784,TB,TOR,TOR,team_total,team totals,3.0,YES,KXMLBTEAMTOTAL-26JUL221907TBTOR-TOR3,66-80c,69.0,4.55,1.1,754,True,LOSE,-69.0,,,,,,underdog,solid_13_18,good_3_75_4_25,45_50
2026-07-29T04:53:11Z,2026-07-19,2026-07-26,expensive_yes,2026-07-22,TB@TOR,822784,TB,TOR,TB,team_total,team totals,3.0,YES,KXMLBTEAMTOTAL-26JUL221907TBTOR-TB3,66-80c,70.0,9.14,1.1,754,True,WIN,30.0,,,,,,favorite,solid_13_18,good_3_75_4_25,45_50
2026-07-29T04:53:11Z,2026-07-19,2026-07-26,expensive_yes,2026-07-22,TB@TOR,822784,TB,TOR,TB,team_total,team totals,2.0,YES,KXMLBTEAMTOTAL-26JUL221907TBTOR-TB2,81-99c,84.0,8.26,1.1,754,True,WIN,16.0,,,,,,favorite,solid_13_18,good_3_75_4_25,45_50
2026-07-29T04:53:11Z,2026-07-19,2026-07-26,expensive_yes,2026-07-22,TB@TOR,822784,TB,TOR,TOR,team_total,team totals,2.0,YES,KXMLBTEAMTOTAL-26JUL221907TBTOR-TOR2,81-99c,84.0,4.46,1.1,754,True,WIN,16.0,,,,,,underdog,solid_13_18,good_3_75_4_25,45_50
2026-07-29T04:53:11Z,2026-07-19,2026-07-26,expensive_yes,2026-07-22,TB@TOR,822784,TB,TOR,,f5_total,F5 totals,4.0,YES,KXMLBF5TOTAL-26JUL221907TBTOR-4,56-65c,59.0,11.05,1.1,754,True,LOSE,-59.0,,,,,,,,,
2026-07-29T04:53:11Z,2026-07-19,2026-07-26,expensive_yes,2026-07-22,TB@TOR,822784,TB,TOR,,f5_total,F5 totals,3.0,YES,KXMLBF5TOTAL-26JUL221907TBTOR-3,66-80c,74.0,9.76,1.1,754,True,LOSE,-74.0,,,,,,,,,
2026-07-29T04:53:11Z,2026-07-19,2026-07-26,expensive_yes,2026-07-22,TB@TOR,822784,TB,TOR,,f5_total,F5 totals,2.0,YES,KXMLBF5TOTAL-26JUL221907TBTOR-2,81-99c,88.0,22.35,1.1,754,True,WIN,12.0,,,,,,,,,
2026-07-29T04:53:11Z,2026-07-19,2026-07-26,expensive_yes,2026-07-22,TB@TOR,822784,TB,TOR,,f5_total,F5 totals,1.0,YES,KXMLBF5TOTAL-26JUL221907TBTOR-1,81-99c,96.0,25.07,1.1,754,True,WIN,4.0,,,,,,,,,
2026-07-29T04:53:11Z,2026-07-19,2026-07-26,expensive_yes,2026-07-22,CWS@TEX,822873,CWS,TEX,,full_game_total,full game totals,8.0,YES,KXMLBTOTAL-26JUL222005CWSTEX-8,56-65c,61.0,1.2,0.9,1052,True,LOSE,-61.0,,,,,,,,,
2026-07-29T04:53:11Z,2026-07-19,2026-07-26,expensive_yes,2026-07-22,CWS@TEX,822873,CWS,TEX,,full_game_total,full game totals,7.0,YES,KXMLBTOTAL-26JUL222005CWSTEX-7,66-80c,73.0,1.24,0.9,1052,True,LOSE,-73.0,,,,,,,,,
2026-07-29T04:53:11Z,2026-07-19,2026-07-26,expensive_yes,2026-07-22,CWS@TEX,822873,CWS,TEX,,full_game_total,full game totals,6.0,YES,KXMLBTOTAL-26JUL222005CWSTEX-6,66-80c,80.0,1.43,0.9,1052,True,WIN,20.0,,,,,,,,,
2026-07-29T04:53:11Z,2026-07-19,2026-07-26,expensive_yes,2026-07-22,CWS@TEX,822873,CWS,TEX,,full_game_total,full game totals,5.0,YES,KXMLBTOTAL-26JUL222005CWSTEX-5,81-99c,89.0,1.37,0.9,1052,True,WIN,11.0,,,,,,,,,
2026-07-29T04:53:11Z,2026-07-19,2026-07-26,expensive_yes,2026-07-22,CWS@TEX,822873,CWS,TEX,,full_game_total,full game totals,3.0,YES,KXMLBTOTAL-26JUL222005CWSTEX-3,81-99c,98.0,4.12,0.9,1052,True,WIN,2.0,,,,,,,,,
2026-07-29T04:53:11Z,2026-07-19,2026-07-26,expensive_yes,2026-07-22,CWS@TEX,822873,CWS,TEX,,full_game_total,full game totals,4.0,YES,KXMLBTOTAL-26JUL222005CWSTEX-4,81-99c,93.0,2.55,0.9,1052,True,WIN,7.0,,,,,,,,,
2026-07-29T04:53:11Z,2026-07-19,2026-07-26,expensive_yes,2026-07-22,CWS@TEX,822873,CWS,TEX,TEX,team_total,team totals,3.0,YES,KXMLBTEAMTOTAL-26JUL222005CWSTEX-TEX3,66-80c,73.0,4.82,0.9,1052,True,LOSE,-73.0,,,,,,underdog,below_avg_8_13,bad_4_75_5_25,50_55
2026-07-29T04:53:11Z,2026-07-19,2026-07-26,expensive_yes,2026-07-22,CWS@TEX,822873,CWS,TEX,CWS,team_total,team totals,2.0,YES,KXMLBTEAMTOTAL-26JUL222005CWSTEX-CWS2,81-99c,88.0,7.6,0.9,1052,True,WIN,12.0,,,,,,favorite,elite_23_plus,excellent_lt_3_75,50_55
2026-07-29T04:53:11Z,2026-07-19,2026-07-26,expensive_yes,2026-07-22,CWS@TEX,822873,CWS,TEX,CWS,team_total,team totals,3.0,YES,KXMLBTEAMTOTAL-26JUL222005CWSTEX-CWS3,66-80c,75.0,4.57,0.9,1052,True,WIN,25.0,,,,,,favorite,elite_23_plus,excellent_lt_3_75,50_55
2026-07-29T04:53:11Z,2026-07-19,2026-07-26,expensive_yes,2026-07-22,CWS@TEX,822873,CWS,TEX,CWS,team_total,team totals,4.0,YES,KXMLBTEAMTOTAL-26JUL222005CWSTEX-CWS4,56-65c,63.0,3.16,0.9,1052,True,WIN,37.0,0.2493,0.5667,,,,favorite,elite_23_plus,excellent_lt_3_75,50_55
2026-07-29T04:53:11Z,2026-07-19,2026-07-26,expensive_yes,2026-07-22,CWS@TEX,822873,CWS,TEX,TEX,team_total,team totals,2.0,YES,KXMLBTEAMTOTAL-26JUL222005CWSTEX-TEX2,81-99c,87.0,6.67,0.9,1052,True,WIN,13.0,,,,,,underdog,below_avg_8_13,bad_4_75_5_25,50_55
2026-07-29T04:53:11Z,2026-07-19,2026-07-26,expensive_yes,2026-07-22,CWS@TEX,822873,CWS,TEX,TEX,team_total,team totals,4.0,YES,KXMLBTEAMTOTAL-26JUL222005CWSTEX-TEX4,56-65c,57.0,4.36,0.9,1052,True,LOSE,-57.0,0.0432,0.531,,,,underdog,below_avg_8_13,bad_4_75_5_25,50_55
2026-07-29T04:53:11Z,2026-07-19,2026-07-26,expensive_yes,2026-07-22,CWS@TEX,822873,CWS,TEX,,f5_total,F5 totals,2.0,YES,KXMLBF5TOTAL-26JUL222005CWSTEX-2,81-99c,91.0,20.54,0.9,1052,True,WIN,9.0,,,,,,,,,
2026-07-29T04:53:11Z,2026-07-19,2026-07-26,expensive_yes,2026-07-22,CWS@TEX,822873,CWS,TEX,,f5_total,F5 totals,4.0,YES,KXMLBF5TOTAL-26JUL222005CWSTEX-4,66-80c,67.0,10.37,0.9,1052,True,WIN,33.0,,,,,,,,,
2026-07-29T04:53:11Z,2026-07-19,2026-07-26,expensive_yes,2026-07-22,CWS@TEX,822873,CWS,TEX,,f5_total,F5 totals,5.0,YES,KXMLBF5TOTAL-26JUL222005CWSTEX-5,56-65c,56.0,3.15,0.9,1052,True,WIN,44.0,,,,,,,,,
2026-07-29T04:53:11Z,2026-07-19,2026-07-26,expensive_yes,2026-07-22,CWS@TEX,822873,CWS,TEX,,f5_total,F5 totals,1.0,YES,KXMLBF5TOTAL-26JUL222005CWSTEX-1,81-99c,97.0,18.76,0.9,1052,True,WIN,3.0,,,,,,,,,
2026-07-29T04:53:11Z,2026-07-19,2026-07-26,expensive_yes,2026-07-22,CWS@TEX,822873,CWS,TEX,,f5_total,F5 totals,3.0,YES,KXMLBF5TOTAL-26JUL222005CWSTEX-3,81-99c,81.0,10.21,0.9,1052,True,WIN,19.0,,,,,,,,,
2026-07-29T04:53:11Z,2026-07-19,2026-07-26,expensive_yes,2026-07-22,CIN@SEA,823110,CIN,SEA,SEA,moneyline,moneyline,,YES,KXMLBGAME-26JUL221540CINSEA-SEA,56-65c,61.0,7.06,0.6,2961,True,LOSE,-61.0,0.0311,0.472,,,,favorite,solid_13_18,avg_4_25_4_75,45_50
2026-07-29T04:53:11Z,2026-07-19,2026-07-26,expensive_yes,2026-07-22,CIN@SEA,823110,CIN,SEA,,full_game_total,full game totals,6.0,YES,KXMLBTOTAL-26JUL221540CINSEA-6,66-80c,75.0,1.2,0.6,841,True,WIN,25.0,,,,,,,,,
2026-07-29T04:53:11Z,2026-07-19,2026-07-26,expensive_yes,2026-07-22,CIN@SEA,823110,CIN,SEA,,full_game_total,full game totals,7.0,YES,KXMLBTOTAL-26JUL221540CINSEA-7,66-80c,67.0,1.0,0.6,841,True,WIN,33.0,,,,,,,,,
2026-07-29T04:53:11Z,2026-07-19,2026-07-26,expensive_yes,2026-07-22,CIN@SEA,823110,CIN,SEA,,full_game_total,full game totals,3.0,YES,KXMLBTOTAL-26JUL221540CINSEA-3,81-99c,99.0,1.64,0.6,841,True,WIN,1.0,,,,,,,,,
2026-07-29T04:53:11Z,2026-07-19,2026-07-26,expensive_yes,2026-07-22,CIN@SEA,823110,CIN,SEA,,full_game_total,full game totals,8.0,YES,KXMLBTOTAL-26JUL221540CINSEA-8,56-65c,57.0,1.1,0.6,841,True,WIN,43.0,,,,,,,,,
2026-07-29T04:53:11Z,2026-07-19,2026-07-26,expensive_yes,2026-07-22,CIN@SEA,823110,CIN,SEA,,full_game_total,full game totals,5.0,YES,KXMLBTOTAL-26JUL221540CINSEA-5,81-99c,87.0,1.17,0.6,841,True,WIN,13.0,,,,,,,,,
2026-07-29T04:53:11Z,2026-07-19,2026-07-26,expensive_yes,2026-07-22,CIN@SEA,823110,CIN,SEA,,full_game_total,full game totals,2.0,YES,KXMLBTOTAL-26JUL221540CINSEA-2,81-99c,99.0,1.92,0.6,841,True,WIN,1.0,,,,,,,,,
2026-07-29T04:53:11Z,2026-07-19,2026-07-26,expensive_yes,2026-07-22,CIN@SEA,823110,CIN,SEA,,full_game_total,full game totals,4.0,YES,KXMLBTOTAL-26JUL221540CINSEA-4,81-99c,91.0,1.8,0.6,841,True,WIN,9.0,,,,,,,,,
2026-07-29T04:53:11Z,2026-07-19,2026-07-26,expensive_yes,2026-07-22,CIN@SEA,823110,CIN,SEA,CIN,team_total,team totals,3.0,YES,KXMLBTEAMTOTAL-26JUL221540CINSEA-CIN3,56-65c,64.0,9.81,0.6,841,True,WIN,36.0,,,,,,underdog,below_avg_8_13,very_bad_5_25_plus,45_50
2026-07-29T04:53:11Z,2026-07-19,2026-07-26,expensive_yes,2026-07-22,CIN@SEA,823110,CIN,SEA,CIN,team_total,team totals,2.0,YES,KXMLBTEAMTOTAL-26JUL221540CINSEA-CIN2,66-80c,78.0,9.82,0.6,841,True,WIN,22.0,,,,,,underdog,below_avg_8_13,very_bad_5_25_plus,45_50
2026-07-29T04:53:11Z,2026-07-19,2026-07-26,expensive_yes,2026-07-22,CIN@SEA,823110,CIN,SEA,SEA,team_total,team totals,4.0,YES,KXMLBTEAMTOTAL-26JUL221540CINSEA-SEA4,56-65c,63.0,11.59,0.6,841,True,LOSE,-63.0,0.0856,0.531,,,,favorite,solid_13_18,avg_4_25_4_75,45_50
2026-07-29T04:53:11Z,2026-07-19,2026-07-26,expensive_yes,2026-07-22,CIN@SEA,823110,CIN,SEA,SEA,team_total,team totals,3.0,YES,KXMLBTEAMTOTAL-26JUL221540CINSEA-SEA3,66-80c,76.0,3.29,0.6,841,True,WIN,24.0,,,,,,favorite,solid_13_18,avg_4_25_4_75,45_50
2026-07-29T04:53:11Z,2026-07-19,2026-07-26,expensive_yes,2026-07-22,CIN@SEA,823110,CIN,SEA,SEA,team_total,team totals,2.0,YES,KXMLBTEAMTOTAL-26JUL221540CINSEA-SEA2,81-99c,89.0,10.8,0.6,841,True,WIN,11.0,,,,,,favorite,solid_13_18,avg_4_25_4_75,45_50
2026-07-29T04:53:11Z,2026-07-19,2026-07-26,expensive_yes,2026-07-22,CIN@SEA,823110,CIN,SEA,,f5_total,F5 totals,4.0,YES,KXMLBF5TOTAL-26JUL221540CINSEA-4,56-65c,64.0,10.4,0.6,841,True,WIN,36.0,,,,,,,,,
2026-07-29T04:53:11Z,2026-07-19,2026-07-26,expensive_yes,2026-07-22,CIN@SEA,823110,CIN,SEA,,f5_total,F5 totals,3.0,YES,KXMLBF5TOTAL-26JUL221540CINSEA-3,66-80c,77.0,11.01,0.6,841,True,WIN,23.0,,,,,,,,,
2026-07-29T04:53:11Z,2026-07-19,2026-07-26,expensive_yes,2026-07-22,CIN@SEA,823110,CIN,SEA,,f5_total,F5 totals,2.0,YES,KXMLBF5TOTAL-26JUL221540CINSEA-2,81-99c,89.0,16.07,0.6,841,True,WIN,11.0,,,,,,,,,
2026-07-29T04:53:11Z,2026-07-19,2026-07-26,expensive_yes,2026-07-22,CIN@SEA,823110,CIN,SEA,,f5_total,F5 totals,1.0,YES,KXMLBF5TOTAL-26JUL221540CINSEA-1,81-99c,98.0,16.86,0.6,841,True,WIN,2.0,,,,,,,,,
2026-07-29T04:53:11Z,2026-07-19,2026-07-26,expensive_yes,2026-07-22,LAD@PHI,823438,LAD,PHI,,full_game_total,full game totals,9.0,YES,KXMLBTOTAL-26JUL221840LADPHI-9,56-65c,64.0,1.19,0.0,983,True,WIN,36.0,,,,,,,,,
2026-07-29T04:53:11Z,2026-07-19,2026-07-26,expensive_yes,2026-07-22,LAD@PHI,823438,LAD,PHI,,full_game_total,full game totals,7.0,YES,KXMLBTOTAL-26JUL221840LADPHI-7,66-80c,79.0,1.27,0.0,983,True,WIN,21.0,,,,,,,,,
2026-07-29T04:53:11Z,2026-07-19,2026-07-26,expensive_yes,2026-07-22,LAD@PHI,823438,LAD,PHI,,full_game_total,full game totals,5.0,YES,KXMLBTOTAL-26JUL221840LADPHI-5,81-99c,93.0,1.67,0.0,983,True,WIN,7.0,,,,,,,,,
2026-07-29T04:53:11Z,2026-07-19,2026-07-26,expensive_yes,2026-07-22,LAD@PHI,823438,LAD,PHI,,full_game_total,full game totals,8.0,YES,KXMLBTOTAL-26JUL221840LADPHI-8,66-80c,71.0,1.17,0.0,983,True,WIN,29.0,,,,,,,,,
2026-07-29T04:53:11Z,2026-07-19,2026-07-26,expensive_yes,2026-07-22,LAD@PHI,823438,LAD,PHI,,full_game_total,full game totals,6.0,YES,KXMLBTOTAL-26JUL221840LADPHI-6,81-99c,85.0,1.56,0.0,983,True,WIN,15.0,,,,,,,,,
2026-07-29T04:53:11Z,2026-07-19,2026-07-26,expensive_yes,2026-07-22,LAD@PHI,823438,LAD,PHI,PHI,team_total,team totals,2.0,YES,KXMLBTEAMTOTAL-26JUL221840LADPHI-PHI2,81-99c,90.0,9.01,0.0,983,True,WIN,10.0,,,,,,underdog,weak_lt_8,very_bad_5_25_plus,45_50
2026-07-29T04:53:11Z,2026-07-19,2026-07-26,expensive_yes,2026-07-22,LAD@PHI,823438,LAD,PHI,PHI,team_total,team totals,4.0,YES,KXMLBTEAMTOTAL-26JUL221840LADPHI-PHI4,56-65c,64.0,8.07,0.0,983,True,WIN,36.0,0.0,0.531,,,,underdog,weak_lt_8,very_bad_5_25_plus,45_50
2026-07-29T04:53:11Z,2026-07-19,2026-07-26,expensive_yes,2026-07-22,LAD@PHI,823438,LAD,PHI,LAD,team_total,team totals,3.0,YES,KXMLBTEAMTOTAL-26JUL221840LADPHI-LAD3,81-99c,81.0,9.49,0.0,983,True,WIN,19.0,,,,,,favorite,solid_13_18,avg_4_25_4_75,45_50
2026-07-29T04:53:11Z,2026-07-19,2026-07-26,expensive_yes,2026-07-22,LAD@PHI,823438,LAD,PHI,LAD,team_total,team totals,5.0,YES,KXMLBTEAMTOTAL-26JUL221840LADPHI-LAD5,56-65c,60.0,9.85,0.0,983,True,WIN,40.0,,,,,,favorite,solid_13_18,avg_4_25_4_75,45_50
2026-07-29T04:53:11Z,2026-07-19,2026-07-26,expensive_yes,2026-07-22,LAD@PHI,823438,LAD,PHI,LAD,team_total,team totals,4.0,YES,KXMLBTEAMTOTAL-26JUL221840LADPHI-LAD4,66-80c,72.0,9.01,0.0,983,True,WIN,28.0,0.0083,0.531,,,,favorite,solid_13_18,avg_4_25_4_75,45_50
2026-07-29T04:53:11Z,2026-07-19,2026-07-26,expensive_yes,2026-07-22,LAD@PHI,823438,LAD,PHI,PHI,team_total,team totals,3.0,YES,KXMLBTEAMTOTAL-26JUL221840LADPHI-PHI3,66-80c,79.0,8.13,0.0,983,True,WIN,21.0,,,,,,underdog,weak_lt_8,very_bad_5_25_plus,45_50
2026-07-29T04:53:11Z,2026-07-19,2026-07-26,expensive_yes,2026-07-22,LAD@PHI,823438,LAD,PHI,LAD,team_total,team totals,2.0,YES,KXMLBTEAMTOTAL-26JUL221840LADPHI-LAD2,81-99c,91.0,10.74,0.0,983,True,WIN,9.0,,,,,,favorite,solid_13_18,avg_4_25_4_75,45_50
2026-07-29T04:53:11Z,2026-07-19,2026-07-26,expensive_yes,2026-07-22,LAD@PHI,823438,LAD,PHI,,f5_total,F5 totals,4.0,YES,KXMLBF5TOTAL-26JUL221840LADPHI-4,66-80c,75.0,10.88,0.0,983,True,WIN,25.0,,,,,,,,,
2026-07-29T04:53:11Z,2026-07-19,2026-07-26,expensive_yes,2026-07-22,LAD@PHI,823438,LAD,PHI,,f5_total,F5 totals,5.0,YES,KXMLBF5TOTAL-26JUL221840LADPHI-5,56-65c,65.0,10.18,0.0,983,True,WIN,35.0,,,,,,,,,
2026-07-29T04:53:11Z,2026-07-19,2026-07-26,expensive_yes,2026-07-22,LAD@PHI,823438,LAD,PHI,,f5_total,F5 totals,3.0,YES,KXMLBF5TOTAL-26JUL221840LADPHI-3,81-99c,85.0,12.44,0.0,983,True,WIN,15.0,,,,,,,,,
2026-07-29T04:53:11Z,2026-07-19,2026-07-26,expensive_yes,2026-07-22,LAD@PHI,823438,LAD,PHI,,f5_total,F5 totals,2.0,YES,KXMLBF5TOTAL-26JUL221840LADPHI-2,81-99c,93.0,17.62,0.0,983,True,WIN,7.0,,,,,,,,,
2026-07-29T04:53:11Z,2026-07-19,2026-07-26,expensive_yes,2026-07-22,LAD@PHI,823438,LAD,PHI,,f5_total,F5 totals,1.0,YES,KXMLBF5TOTAL-26JUL221840LADPHI-1,81-99c,99.0,16.34,0.0,983,True,WIN,1.0,,,,,,,,,
2026-07-29T04:53:11Z,2026-07-19,2026-07-26,expensive_yes,2026-07-22,NYM@MIL,823761,NYM,MIL,MIL,moneyline,moneyline,,YES,KXMLBGAME-26JUL221410NYMMIL-MIL,56-65c,60.0,5.93,1.3,2946,True,WIN,40.0,0.3799,0.5489,,,,favorite,strong_18_23,good_3_75_4_25,50_55
2026-07-29T04:53:11Z,2026-07-19,2026-07-26,expensive_yes,2026-07-22,NYM@MIL,823761,NYM,MIL,,full_game_total,full game totals,7.0,YES,KXMLBTOTAL-26JUL221410NYMMIL-7,56-65c,62.0,1.03,1.3,776,True,WIN,38.0,,,,,,,,,
2026-07-29T04:53:11Z,2026-07-19,2026-07-26,expensive_yes,2026-07-22,NYM@MIL,823761,NYM,MIL,,full_game_total,full game totals,6.0,YES,KXMLBTOTAL-26JUL221410NYMMIL-6,66-80c,70.0,1.26,1.3,776,True,WIN,30.0,,,,,,,,,
2026-07-29T04:53:11Z,2026-07-19,2026-07-26,expensive_yes,2026-07-22,NYM@MIL,823761,NYM,MIL,,full_game_total,full game totals,4.0,YES,KXMLBTOTAL-26JUL221410NYMMIL-4,81-99c,88.0,1.86,1.3,776,True,WIN,12.0,,,,,,,,,
2026-07-29T04:53:11Z,2026-07-19,2026-07-26,expensive_yes,2026-07-22,NYM@MIL,823761,NYM,MIL,,full_game_total,full game totals,3.0,YES,KXMLBTOTAL-26JUL221410NYMMIL-3,81-99c,96.0,1.2,1.3,776,True,WIN,4.0,,,,,,,,,
2026-07-29T04:53:11Z,2026-07-19,2026-07-26,expensive_yes,2026-07-22,NYM@MIL,823761,NYM,MIL,,full_game_total,full game totals,5.0,YES,KXMLBTOTAL-26JUL221410NYMMIL-5,81-99c,82.0,1.63,1.3,776,True,WIN,18.0,,,,,,,,,
2026-07-29T04:53:11Z,2026-07-19,2026-07-26,expensive_yes,2026-07-22,NYM@MIL,823761,NYM,MIL,MIL,team_total,team totals,2.0,YES,KXMLBTEAMTOTAL-26JUL221410NYMMIL-MIL2,81-99c,85.0,9.29,1.3,776,True,WIN,15.0,,,,,,favorite,strong_18_23,good_3_75_4_25,50_55
2026-07-29T04:53:11Z,2026-07-19,2026-07-26,expensive_yes,2026-07-22,NYM@MIL,823761,NYM,MIL,MIL,team_total,team totals,4.0,YES,KXMLBTEAMTOTAL-26JUL221410NYMMIL-MIL4,56-65c,58.0,5.42,1.3,776,True,WIN,42.0,0.2263,0.5667,,,,favorite,strong_18_23,good_3_75_4_25,50_55
2026-07-29T04:53:11Z,2026-07-19,2026-07-26,expensive_yes,2026-07-22,NYM@MIL,823761,NYM,MIL,NYM,team_total,team totals,2.0,YES,KXMLBTEAMTOTAL-26JUL221410NYMMIL-NYM2,66-80c,77.0,7.6,1.3,776,True,WIN,23.0,,,,,,underdog,elite_23_plus,good_3_75_4_25,45_50
2026-07-29T04:53:11Z,2026-07-19,2026-07-26,expensive_yes,2026-07-22,NYM@MIL,823761,NYM,MIL,MIL,team_total,team totals,3.0,YES,KXMLBTEAMTOTAL-26JUL221410NYMMIL-MIL3,66-80c,72.0,3.58,1.3,776,True,WIN,28.0,,,,,,favorite,strong_18_23,good_3_75_4_25,50_55
2026-07-29T04:53:11Z,2026-07-19,2026-07-26,expensive_yes,2026-07-22,NYM@MIL,823761,NYM,MIL,NYM,team_total,team totals,3.0,YES,KXMLBTEAMTOTAL-26JUL221410NYMMIL-NYM3,56-65c,62.0,5.54,1.3,776,True,WIN,38.0,,,,,,underdog,elite_23_plus,good_3_75_4_25,45_50
2026-07-29T04:53:11Z,2026-07-19,2026-07-26,expensive_yes,2026-07-22,NYM@MIL,823761,NYM,MIL,,f5_total,F5 totals,3.0,YES,KXMLBF5TOTAL-26JUL221410NYMMIL-3,66-80c,73.0,10.81,1.3,775,True,WIN,27.0,,,,,,,,,
2026-07-29T04:53:11Z,2026-07-19,2026-07-26,expensive_yes,2026-07-22,NYM@MIL,823761,NYM,MIL,,f5_total,F5 totals,2.0,YES,KXMLBF5TOTAL-26JUL221410NYMMIL-2,81-99c,87.0,16.84,1.3,776,True,WIN,13.0,,,,,,,,,
2026-07-29T04:53:11Z,2026-07-19,2026-07-26,expensive_yes,2026-07-22,NYM@MIL,823761,NYM,MIL,,f5_total,F5 totals,4.0,YES,KXMLBF5TOTAL-26JUL221410NYMMIL-4,56-65c,56.0,11.97,1.3,776,True,WIN,44.0,,,,,,,,,
2026-07-29T04:53:11Z,2026-07-19,2026-07-26,expensive_yes,2026-07-22,NYM@MIL,823761,NYM,MIL,,f5_total,F5 totals,1.0,YES,KXMLBF5TOTAL-26JUL221410NYMMIL-1,81-99c,95.0,18.9,1.3,776,True,WIN,5.0,,,,,,,,,
2026-07-29T04:53:11Z,2026-07-19,2026-07-26,expensive_yes,2026-07-22,STL@LAA,824004,STL,LAA,LAA,moneyline,moneyline,,YES,KXMLBGAME-26JUL221607STLLAA-LAA,56-65c,57.0,8.01,0.5,2961,True,LOSE,-57.0,0.0,0.472,,,,underdog,below_avg_8_13,bad_4_75_5_25,45_50
2026-07-29T04:53:11Z,2026-07-19,2026-07-26,expensive_yes,2026-07-22,STL@LAA,824004,STL,LAA,,full_game_total,full game totals,7.0,YES,KXMLBTOTAL-26JUL221607STLLAA-7,66-80c,71.0,1.27,0.5,861,True,LOSE,-71.0,,,,,,,,,
2026-07-29T04:53:11Z,2026-07-19,2026-07-26,expensive_yes,2026-07-22,STL@LAA,824004,STL,LAA,,full_game_total,full game totals,8.0,YES,KXMLBTOTAL-26JUL221607STLLAA-8,56-65c,60.0,1.12,0.5,861,True,LOSE,-60.0,,,,,,,,,
2026-07-29T04:53:11Z,2026-07-19,2026-07-26,expensive_yes,2026-07-22,STL@LAA,824004,STL,LAA,,full_game_total,full game totals,4.0,YES,KXMLBTOTAL-26JUL221607STLLAA-4,81-99c,93.0,2.25,0.5,861,True,LOSE,-93.0,,,,,,,,,
2026-07-29T04:53:11Z,2026-07-19,2026-07-26,expensive_yes,2026-07-22,STL@LAA,824004,STL,LAA,,full_game_total,full game totals,5.0,YES,KXMLBTOTAL-26JUL221607STLLAA-5,81-99c,89.0,2.21,0.5,861,True,LOSE,-89.0,,,,,,,,,
2026-07-29T04:53:11Z,2026-07-19,2026-07-26,expensive_yes,2026-07-22,STL@LAA,824004,STL,LAA,,full_game_total,full game totals,6.0,YES,KXMLBTOTAL-26JUL221607STLLAA-6,66-80c,79.0,1.21,0.5,861,True,LOSE,-79.0,,,,,,,,,
2026-07-29T04:53:11Z,2026-07-19,2026-07-26,expensive_yes,2026-07-22,STL@LAA,824004,STL,LAA,STL,team_total,team totals,2.0,YES,KXMLBTEAMTOTAL-26JUL221607STLLAA-STL2,81-99c,86.0,6.84,0.5,861,True,LOSE,-86.0,,,,,,favorite,strong_18_23,avg_4_25_4_75,45_50
2026-07-29T04:53:11Z,2026-07-19,2026-07-26,expensive_yes,2026-07-22,STL@LAA,824004,STL,LAA,LAA,team_total,team totals,3.0,YES,KXMLBTEAMTOTAL-26JUL221607STLLAA-LAA3,66-80c,76.0,8.29,0.5,861,True,LOSE,-76.0,,,,,,underdog,below_avg_8_13,bad_4_75_5_25,45_50
2026-07-29T04:53:11Z,2026-07-19,2026-07-26,expensive_yes,2026-07-22,STL@LAA,824004,STL,LAA,LAA,team_total,team totals,4.0,YES,KXMLBTEAMTOTAL-26JUL221607STLLAA-LAA4,56-65c,63.0,11.35,0.5,861,True,LOSE,-63.0,0.0,0.531,,,,underdog,below_avg_8_13,bad_4_75_5_25,45_50
2026-07-29T04:53:11Z,2026-07-19,2026-07-26,expensive_yes,2026-07-22,STL@LAA,824004,STL,LAA,STL,team_total,team totals,4.0,YES,KXMLBTEAMTOTAL-26JUL221607STLLAA-STL4,56-65c,58.0,3.9,0.5,861,True,LOSE,-58.0,0.0955,0.531,,,,favorite,strong_18_23,avg_4_25_4_75,45_50
2026-07-29T04:53:11Z,2026-07-19,2026-07-26,expensive_yes,2026-07-22,STL@LAA,824004,STL,LAA,LAA,team_total,team totals,2.0,YES,KXMLBTEAMTOTAL-26JUL221607STLLAA-LAA2,81-99c,88.0,12.48,0.5,861,True,LOSE,-88.0,,,,,,underdog,below_avg_8_13,bad_4_75_5_25,45_50
2026-07-29T04:53:11Z,2026-07-19,2026-07-26,expensive_yes,2026-07-22,STL@LAA,824004,STL,LAA,STL,team_total,team totals,3.0,YES,KXMLBTEAMTOTAL-26JUL221607STLLAA-STL3,66-80c,71.0,7.49,0.5,861,True,LOSE,-71.0,,,,,,favorite,strong_18_23,avg_4_25_4_75,45_50
2026-07-29T04:53:11Z,2026-07-19,2026-07-26,expensive_yes,2026-07-22,STL@LAA,824004,STL,LAA,,f5_total,F5 totals,3.0,YES,KXMLBF5TOTAL-26JUL221607STLLAA-3,81-99c,81.0,16.9,0.5,861,True,LOSE,-81.0,,,,,,,,,
2026-07-29T04:53:11Z,2026-07-19,2026-07-26,expensive_yes,2026-07-22,STL@LAA,824004,STL,LAA,,f5_total,F5 totals,5.0,YES,KXMLBF5TOTAL-26JUL221607STLLAA-5,56-65c,56.0,10.36,0.5,861,True,LOSE,-56.0,,,,,,,,,
2026-07-29T04:53:11Z,2026-07-19,2026-07-26,expensive_yes,2026-07-22,STL@LAA,824004,STL,LAA,,f5_total,F5 totals,2.0,YES,KXMLBF5TOTAL-26JUL221607STLLAA-2,81-99c,92.0,20.58,0.5,861,True,LOSE,-92.0,,,,,,,,,
2026-07-29T04:53:11Z,2026-07-19,2026-07-26,expensive_yes,2026-07-22,STL@LAA,824004,STL,LAA,,f5_total,F5 totals,1.0,YES,KXMLBF5TOTAL-26JUL221607STLLAA-1,81-99c,98.0,20.02,0.5,861,True,LOSE,-98.0,,,,,,,,,
2026-07-29T04:53:11Z,2026-07-19,2026-07-26,expensive_yes,2026-07-22,STL@LAA,824004,STL,LAA,,f5_total,F5 totals,4.0,YES,KXMLBF5TOTAL-26JUL221607STLLAA-4,66-80c,68.0,11.56,0.5,861,True,LOSE,-68.0,,,,,,,,,
2026-07-29T04:53:11Z,2026-07-19,2026-07-26,expensive_yes,2026-07-22,SF@KC,824083,SF,KC,SF,moneyline,moneyline,,YES,KXMLBGAME-26JUL221410SFKC-SF,56-65c,56.0,4.21,1.3,2946,True,LOSE,-56.0,0.1441,0.5039,,,,favorite,below_avg_8_13,bad_4_75_5_25,45_50
2026-07-29T04:53:11Z,2026-07-19,2026-07-26,expensive_yes,2026-07-22,SF@KC,824083,SF,KC,,full_game_total,full game totals,8.0,YES,KXMLBTOTAL-26JUL221410SFKC-8,56-65c,61.0,1.05,1.3,776,True,WIN,39.0,,,,,,,,,
2026-07-29T04:53:11Z,2026-07-19,2026-07-26,expensive_yes,2026-07-22,SF@KC,824083,SF,KC,,full_game_total,full game totals,4.0,YES,KXMLBTOTAL-26JUL221410SFKC-4,81-99c,94.0,2.05,1.3,776,True,WIN,6.0,,,,,,,,,
2026-07-29T04:53:11Z,2026-07-19,2026-07-26,expensive_yes,2026-07-22,SF@KC,824083,SF,KC,,full_game_total,full game totals,7.0,YES,KXMLBTOTAL-26JUL221410SFKC-7,66-80c,71.0,1.02,1.3,776,True,WIN,29.0,,,,,,,,,
2026-07-29T04:53:11Z,2026-07-19,2026-07-26,expensive_yes,2026-07-22,SF@KC,824083,SF,KC,,full_game_total,full game totals,6.0,YES,KXMLBTOTAL-26JUL221410SFKC-6,66-80c,79.0,1.52,1.3,776,True,WIN,21.0,,,,,,,,,
2026-07-29T04:53:11Z,2026-07-19,2026-07-26,expensive_yes,2026-07-22,SF@KC,824083,SF,KC,,full_game_total,full game totals,5.0,YES,KXMLBTOTAL-26JUL221410SFKC-5,81-99c,90.0,1.35,1.3,776,True,WIN,10.0,,,,,,,,,
2026-07-29T04:53:11Z,2026-07-19,2026-07-26,expensive_yes,2026-07-22,SF@KC,824083,SF,KC,KC,team_total,team totals,2.0,YES,KXMLBTEAMTOTAL-26JUL221410SFKC-KC2,81-99c,84.0,11.33,1.3,776,True,WIN,16.0,,,,,,underdog,weak_lt_8,very_bad_5_25_plus,50_55
2026-07-29T04:53:11Z,2026-07-19,2026-07-26,expensive_yes,2026-07-22,SF@KC,824083,SF,KC,SF,team_total,team totals,3.0,YES,KXMLBTEAMTOTAL-26JUL221410SFKC-SF3,66-80c,78.0,7.8,1.3,776,True,WIN,22.0,,,,,,favorite,below_avg_8_13,bad_4_75_5_25,45_50
2026-07-29T04:53:11Z,2026-07-19,2026-07-26,expensive_yes,2026-07-22,SF@KC,824083,SF,KC,SF,team_total,team totals,2.0,YES,KXMLBTEAMTOTAL-26JUL221410SFKC-SF2,81-99c,87.0,10.6,1.3,776,True,WIN,13.0,,,,,,favorite,below_avg_8_13,bad_4_75_5_25,45_50
2026-07-29T04:53:11Z,2026-07-19,2026-07-26,expensive_yes,2026-07-22,SF@KC,824083,SF,KC,SF,team_total,team totals,4.0,YES,KXMLBTEAMTOTAL-26JUL221410SFKC-SF4,56-65c,63.0,4.21,1.3,776,True,WIN,37.0,0.2102,0.5667,,,,favorite,below_avg_8_13,bad_4_75_5_25,45_50
2026-07-29T04:53:11Z,2026-07-19,2026-07-26,expensive_yes,2026-07-22,SF@KC,824083,SF,KC,KC,team_total,team totals,3.0,YES,KXMLBTEAMTOTAL-26JUL221410SFKC-KC3,66-80c,70.0,9.92,1.3,776,True,WIN,30.0,,,,,,underdog,weak_lt_8,very_bad_5_25_plus,50_55
2026-07-29T04:53:11Z,2026-07-19,2026-07-26,expensive_yes,2026-07-22,SF@KC,824083,SF,KC,,f5_total,F5 totals,3.0,YES,KXMLBF5TOTAL-26JUL221410SFKC-3,66-80c,78.0,10.98,1.3,776,True,LOSE,-78.0,,,,,,,,,
2026-07-29T04:53:11Z,2026-07-19,2026-07-26,expensive_yes,2026-07-22,SF@KC,824083,SF,KC,,f5_total,F5 totals,4.0,YES,KXMLBF5TOTAL-26JUL221410SFKC-4,56-65c,64.0,11.14,1.3,776,True,LOSE,-64.0,,,,,,,,,
2026-07-29T04:53:11Z,2026-07-19,2026-07-26,expensive_yes,2026-07-22,SF@KC,824083,SF,KC,,f5_total,F5 totals,2.0,YES,KXMLBF5TOTAL-26JUL221410SFKC-2,81-99c,89.0,21.18,1.3,776,True,LOSE,-89.0,,,,,,,,,
2026-07-29T04:53:11Z,2026-07-19,2026-07-26,expensive_yes,2026-07-22,SF@KC,824083,SF,KC,,f5_total,F5 totals,1.0,YES,KXMLBF5TOTAL-26JUL221410SFKC-1,81-99c,97.0,19.78,1.3,776,True,LOSE,-97.0,,,,,,,,,
2026-07-29T04:53:11Z,2026-07-19,2026-07-26,expensive_yes,2026-07-22,MIA@HOU,824166,MIA,HOU,,full_game_total,full game totals,3.0,YES,KXMLBTOTAL-26JUL222010MIAHOU-3,81-99c,97.0,2.09,1.0,1056,True,WIN,3.0,,,,,,,,,
2026-07-29T04:53:11Z,2026-07-19,2026-07-26,expensive_yes,2026-07-22,MIA@HOU,824166,MIA,HOU,,full_game_total,full game totals,6.0,YES,KXMLBTOTAL-26JUL222010MIAHOU-6,66-80c,74.0,1.43,1.0,1056,True,WIN,26.0,,,,,,,,,
2026-07-29T04:53:11Z,2026-07-19,2026-07-26,expensive_yes,2026-07-22,MIA@HOU,824166,MIA,HOU,,full_game_total,full game totals,7.0,YES,KXMLBTOTAL-26JUL222010MIAHOU-7,66-80c,67.0,1.08,1.0,1056,True,WIN,33.0,,,,,,,,,
2026-07-29T04:53:11Z,2026-07-19,2026-07-26,expensive_yes,2026-07-22,MIA@HOU,824166,MIA,HOU,,full_game_total,full game totals,5.0,YES,KXMLBTOTAL-26JUL222010MIAHOU-5,81-99c,86.0,1.71,1.0,1056,True,WIN,14.0,,,,,,,,,
2026-07-29T04:53:11Z,2026-07-19,2026-07-26,expensive_yes,2026-07-22,MIA@HOU,824166,MIA,HOU,,full_game_total,full game totals,4.0,YES,KXMLBTOTAL-26JUL222010MIAHOU-4,81-99c,91.0,2.41,1.0,1056,True,WIN,9.0,,,,,,,,,
2026-07-29T04:53:11Z,2026-07-19,2026-07-26,expensive_yes,2026-07-22,MIA@HOU,824166,MIA,HOU,,full_game_total,full game totals,2.0,YES,KXMLBTOTAL-26JUL222010MIAHOU-2,81-99c,99.0,2.31,1.0,1056,True,WIN,1.0,,,,,,,,,
2026-07-29T04:53:11Z,2026-07-19,2026-07-26,expensive_yes,2026-07-22,MIA@HOU,824166,MIA,HOU,HOU,team_total,team totals,2.0,YES,KXMLBTEAMTOTAL-26JUL222010MIAHOU-HOU2,81-99c,85.0,8.71,1.0,1056,True,WIN,15.0,,,,,,underdog,below_avg_8_13,avg_4_25_4_75,50_55
2026-07-29T04:53:11Z,2026-07-19,2026-07-26,expensive_yes,2026-07-22,MIA@HOU,824166,MIA,HOU,MIA,team_total,team totals,4.0,YES,KXMLBTEAMTOTAL-26JUL222010MIAHOU-MIA4,56-65c,56.0,7.43,1.0,1056,True,LOSE,-56.0,0.0,0.531,,,,favorite,below_avg_8_13,bad_4_75_5_25,40_45
2026-07-29T04:53:11Z,2026-07-19,2026-07-26,expensive_yes,2026-07-22,MIA@HOU,824166,MIA,HOU,MIA,team_total,team totals,2.0,YES,KXMLBTEAMTOTAL-26JUL222010MIAHOU-MIA2,81-99c,84.0,6.4,1.0,1056,True,WIN,16.0,,,,,,favorite,below_avg_8_13,bad_4_75_5_25,40_45
2026-07-29T04:53:11Z,2026-07-19,2026-07-26,expensive_yes,2026-07-22,MIA@HOU,824166,MIA,HOU,HOU,team_total,team totals,3.0,YES,KXMLBTEAMTOTAL-26JUL222010MIAHOU-HOU3,66-80c,70.0,8.6,1.0,1056,True,WIN,30.0,,,,,,underdog,below_avg_8_13,avg_4_25_4_75,50_55
2026-07-29T04:53:11Z,2026-07-19,2026-07-26,expensive_yes,2026-07-22,MIA@HOU,824166,MIA,HOU,MIA,team_total,team totals,3.0,YES,KXMLBTEAMTOTAL-26JUL222010MIAHOU-MIA3,66-80c,71.0,7.33,1.0,1056,True,LOSE,-71.0,,,,,,favorite,below_avg_8_13,bad_4_75_5_25,40_45
2026-07-29T04:53:11Z,2026-07-19,2026-07-26,expensive_yes,2026-07-22,MIA@HOU,824166,MIA,HOU,,f5_total,F5 totals,4.0,YES,KXMLBF5TOTAL-26JUL222010MIAHOU-4,56-65c,62.0,9.23,1.0,1056,True,WIN,38.0,,,,,,,,,
2026-07-29T04:53:11Z,2026-07-19,2026-07-26,expensive_yes,2026-07-22,MIA@HOU,824166,MIA,HOU,,f5_total,F5 totals,3.0,YES,KXMLBF5TOTAL-26JUL222010MIAHOU-3,66-80c,75.0,9.0,1.0,1056,True,WIN,25.0,,,,,,,,,
2026-07-29T04:53:11Z,2026-07-19,2026-07-26,expensive_yes,2026-07-22,MIA@HOU,824166,MIA,HOU,,f5_total,F5 totals,1.0,YES,KXMLBF5TOTAL-26JUL222010MIAHOU-1,81-99c,96.0,18.77,1.0,1056,True,WIN,4.0,,,,,,,,,
2026-07-29T04:53:11Z,2026-07-19,2026-07-26,expensive_yes,2026-07-22,MIA@HOU,824166,MIA,HOU,,f5_total,F5 totals,2.0,YES,KXMLBF5TOTAL-26JUL222010MIAHOU-2,81-99c,88.0,15.19,1.0,1056,True,WIN,12.0,,,,,,,,,
2026-07-29T04:53:11Z,2026-07-19,2026-07-26,expensive_yes,2026-07-22,MIN@CLE,824408,MIN,CLE,CLE,moneyline,moneyline,,YES,KXMLBGAME-26JUL221840MINCLE-CLE,56-65c,58.0,8.86,0.0,2993,True,LOSE,-58.0,0.1262,0.5039,,,,favorite,below_avg_8_13,bad_4_75_5_25,45_50
2026-07-29T04:53:11Z,2026-07-19,2026-07-26,expensive_yes,2026-07-22,MIN@CLE,824408,MIN,CLE,,full_game_total,full game totals,5.0,YES,KXMLBTOTAL-26JUL221840MINCLE-5,81-99c,86.0,1.39,0.0,983,True,WIN,14.0,,,,,,,,,
2026-07-29T04:53:11Z,2026-07-19,2026-07-26,expensive_yes,2026-07-22,MIN@CLE,824408,MIN,CLE,,full_game_total,full game totals,7.0,YES,KXMLBTOTAL-26JUL221840MINCLE-7,66-80c,67.0,1.23,0.0,983,True,WIN,33.0,,,,,,,,,
2026-07-29T04:53:11Z,2026-07-19,2026-07-26,expensive_yes,2026-07-22,MIN@CLE,824408,MIN,CLE,,full_game_total,full game totals,8.0,YES,KXMLBTOTAL-26JUL221840MINCLE-8,56-65c,57.0,1.11,0.0,983,True,WIN,43.0,,,,,,,,,
2026-07-29T04:53:11Z,2026-07-19,2026-07-26,expensive_yes,2026-07-22,MIN@CLE,824408,MIN,CLE,,full_game_total,full game totals,3.0,YES,KXMLBTOTAL-26JUL221840MINCLE-3,81-99c,97.0,2.15,0.0,983,True,WIN,3.0,,,,,,,,,
2026-07-29T04:53:11Z,2026-07-19,2026-07-26,expensive_yes,2026-07-22,MIN@CLE,824408,MIN,CLE,,full_game_total,full game totals,6.0,YES,KXMLBTOTAL-26JUL221840MINCLE-6,66-80c,76.0,1.41,0.0,983,True,WIN,24.0,,,,,,,,,
2026-07-29T04:53:11Z,2026-07-19,2026-07-26,expensive_yes,2026-07-22,MIN@CLE,824408,MIN,CLE,,full_game_total,full game totals,4.0,YES,KXMLBTOTAL-26JUL221840MINCLE-4,81-99c,91.0,1.97,0.0,983,True,WIN,9.0,,,,,,,,,
2026-07-29T04:53:11Z,2026-07-19,2026-07-26,expensive_yes,2026-07-22,MIN@CLE,824408,MIN,CLE,CLE,team_total,team totals,4.0,YES,KXMLBTEAMTOTAL-26JUL221840MINCLE-CLE4,56-65c,60.0,4.92,0.0,983,True,WIN,40.0,0.1288,0.5883,,,,favorite,below_avg_8_13,bad_4_75_5_25,45_50
2026-07-29T04:53:11Z,2026-07-19,2026-07-26,expensive_yes,2026-07-22,MIN@CLE,824408,MIN,CLE,MIN,team_total,team totals,2.0,YES,KXMLBTEAMTOTAL-26JUL221840MINCLE-MIN2,81-99c,82.0,6.04,0.0,983,True,WIN,18.0,,,,,,underdog,below_avg_8_13,bad_4_75_5_25,40_45
2026-07-29T04:53:11Z,2026-07-19,2026-07-26,expensive_yes,2026-07-22,MIN@CLE,824408,MIN,CLE,CLE,team_total,team totals,2.0,YES,KXMLBTEAMTOTAL-26JUL221840MINCLE-CLE2,81-99c,87.0,9.11,0.0,983,True,WIN,13.0,,,,,,favorite,below_avg_8_13,bad_4_75_5_25,45_50
2026-07-29T04:53:11Z,2026-07-19,2026-07-26,expensive_yes,2026-07-22,MIN@CLE,824408,MIN,CLE,MIN,team_total,team totals,3.0,YES,KXMLBTEAMTOTAL-26JUL221840MINCLE-MIN3,66-80c,67.0,7.16,0.0,983,True,WIN,33.0,,,,,,underdog,below_avg_8_13,bad_4_75_5_25,40_45
2026-07-29T04:53:11Z,2026-07-19,2026-07-26,expensive_yes,2026-07-22,MIN@CLE,824408,MIN,CLE,CLE,team_total,team totals,3.0,YES,KXMLBTEAMTOTAL-26JUL221840MINCLE-CLE3,66-80c,74.0,4.06,0.0,983,True,WIN,26.0,,,,,,favorite,below_avg_8_13,bad_4_75_5_25,45_50
2026-07-29T04:53:11Z,2026-07-19,2026-07-26,expensive_yes,2026-07-22,MIN@CLE,824408,MIN,CLE,,f5_total,F5 totals,4.0,YES,KXMLBF5TOTAL-26JUL221840MINCLE-4,56-65c,65.0,9.67,0.0,983,True,WIN,35.0,,,,,,,,,
2026-07-29T04:53:11Z,2026-07-19,2026-07-26,expensive_yes,2026-07-22,MIN@CLE,824408,MIN,CLE,,f5_total,F5 totals,3.0,YES,KXMLBF5TOTAL-26JUL221840MINCLE-3,66-80c,79.0,9.78,0.0,983,True,WIN,21.0,,,,,,,,,
2026-07-29T04:53:11Z,2026-07-19,2026-07-26,expensive_yes,2026-07-22,MIN@CLE,824408,MIN,CLE,,f5_total,F5 totals,2.0,YES,KXMLBF5TOTAL-26JUL221840MINCLE-2,81-99c,91.0,14.95,0.0,983,True,WIN,9.0,,,,,,,,,
2026-07-29T04:53:11Z,2026-07-19,2026-07-26,expensive_yes,2026-07-22,MIN@CLE,824408,MIN,CLE,,f5_total,F5 totals,1.0,YES,KXMLBF5TOTAL-26JUL221840MINCLE-1,81-99c,96.0,19.04,0.0,983,True,WIN,4.0,,,,,,,,,
2026-07-29T04:53:11Z,2026-07-19,2026-07-26,expensive_yes,2026-07-22,DET@CHC,824650,DET,CHC,,full_game_total,full game totals,4.0,YES,KXMLBTOTAL-26JUL222010DETCHC-4,81-99c,91.0,2.92,1.0,1056,True,WIN,9.0,,,,,,,,,
2026-07-29T04:53:11Z,2026-07-19,2026-07-26,expensive_yes,2026-07-22,DET@CHC,824650,DET,CHC,,full_game_total,full game totals,3.0,YES,KXMLBTOTAL-26JUL222010DETCHC-3,81-99c,97.0,2.74,1.0,1056,True,WIN,3.0,,,,,,,,,
2026-07-29T04:53:11Z,2026-07-19,2026-07-26,expensive_yes,2026-07-22,DET@CHC,824650,DET,CHC,,full_game_total,full game totals,6.0,YES,KXMLBTOTAL-26JUL222010DETCHC-6,66-80c,74.0,1.88,1.0,1056,True,WIN,26.0,,,,,,,,,
2026-07-29T04:53:11Z,2026-07-19,2026-07-26,expensive_yes,2026-07-22,DET@CHC,824650,DET,CHC,,full_game_total,full game totals,7.0,YES,KXMLBTOTAL-26JUL222010DETCHC-7,56-65c,65.0,1.36,1.0,1056,True,LOSE,-65.0,,,,,,,,,
2026-07-29T04:53:11Z,2026-07-19,2026-07-26,expensive_yes,2026-07-22,DET@CHC,824650,DET,CHC,,full_game_total,full game totals,5.0,YES,KXMLBTOTAL-26JUL222010DETCHC-5,81-99c,85.0,1.92,1.0,1056,True,WIN,15.0,,,,,,,,,
2026-07-29T04:53:11Z,2026-07-19,2026-07-26,expensive_yes,2026-07-22,DET@CHC,824650,DET,CHC,DET,team_total,team totals,3.0,YES,KXMLBTEAMTOTAL-26JUL222010DETCHC-DET3,66-80c,68.0,9.72,1.0,1056,True,WIN,32.0,,,,,,underdog,weak_lt_8,very_bad_5_25_plus,50_55
2026-07-29T04:53:11Z,2026-07-19,2026-07-26,expensive_yes,2026-07-22,DET@CHC,824650,DET,CHC,CHC,team_total,team totals,2.0,YES,KXMLBTEAMTOTAL-26JUL222010DETCHC-CHC2,81-99c,84.0,11.34,1.0,1056,True,LOSE,-84.0,,,,,,favorite,weak_lt_8,very_bad_5_25_plus,50_55
2026-07-29T04:53:11Z,2026-07-19,2026-07-26,expensive_yes,2026-07-22,DET@CHC,824650,DET,CHC,CHC,team_total,team totals,4.0,YES,KXMLBTEAMTOTAL-26JUL222010DETCHC-CHC4,56-65c,58.0,7.31,1.0,1056,True,LOSE,-58.0,0.149,0.5883,,,,favorite,weak_lt_8,very_bad_5_25_plus,50_55
2026-07-29T04:53:11Z,2026-07-19,2026-07-26,expensive_yes,2026-07-22,DET@CHC,824650,DET,CHC,DET,team_total,team totals,2.0,YES,KXMLBTEAMTOTAL-26JUL222010DETCHC-DET2,81-99c,82.0,9.67,1.0,1056,True,WIN,18.0,,,,,,underdog,weak_lt_8,very_bad_5_25_plus,50_55
2026-07-29T04:53:11Z,2026-07-19,2026-07-26,expensive_yes,2026-07-22,DET@CHC,824650,DET,CHC,CHC,team_total,team totals,3.0,YES,KXMLBTEAMTOTAL-26JUL222010DETCHC-CHC3,66-80c,70.0,10.82,1.0,1056,True,LOSE,-70.0,,,,,,favorite,weak_lt_8,very_bad_5_25_plus,50_55
2026-07-29T04:53:11Z,2026-07-19,2026-07-26,expensive_yes,2026-07-22,DET@CHC,824650,DET,CHC,,f5_total,F5 totals,2.0,YES,KXMLBF5TOTAL-26JUL222010DETCHC-2,81-99c,88.0,23.56,1.0,1056,True,WIN,12.0,,,,,,,,,
2026-07-29T04:53:11Z,2026-07-19,2026-07-26,expensive_yes,2026-07-22,DET@CHC,824650,DET,CHC,,f5_total,F5 totals,3.0,YES,KXMLBF5TOTAL-26JUL222010DETCHC-3,66-80c,76.0,10.51,1.0,1056,True,WIN,24.0,,,,,,,,,
2026-07-29T04:53:11Z,2026-07-19,2026-07-26,expensive_yes,2026-07-22,DET@CHC,824650,DET,CHC,,f5_total,F5 totals,4.0,YES,KXMLBF5TOTAL-26JUL222010DETCHC-4,56-65c,63.0,10.11,1.0,1056,True,WIN,37.0,,,,,,,,,
2026-07-29T04:53:11Z,2026-07-19,2026-07-26,expensive_yes,2026-07-22,DET@CHC,824650,DET,CHC,,f5_total,F5 totals,1.0,YES,KXMLBF5TOTAL-26JUL222010DETCHC-1,81-99c,97.0,20.34,1.0,1056,True,WIN,3.0,,,,,,,,,
2026-07-29T04:53:11Z,2026-07-19,2026-07-26,expensive_yes,2026-07-22,SD@ATL,824896,SD,ATL,,full_game_total,full game totals,5.0,YES,KXMLBTOTAL-26JUL221915SDATL-5,81-99c,88.0,1.14,0.2,771,True,WIN,12.0,,,,,,,,,
2026-07-29T04:53:11Z,2026-07-19,2026-07-26,expensive_yes,2026-07-22,SD@ATL,824896,SD,ATL,,full_game_total,full game totals,4.0,YES,KXMLBTOTAL-26JUL221915SDATL-4,81-99c,93.0,2.07,0.2,771,True,WIN,7.0,,,,,,,,,
2026-07-29T04:53:11Z,2026-07-19,2026-07-26,expensive_yes,2026-07-22,SD@ATL,824896,SD,ATL,,full_game_total,full game totals,6.0,YES,KXMLBTOTAL-26JUL221915SDATL-6,66-80c,78.0,1.43,0.2,771,True,WIN,22.0,,,,,,,,,
2026-07-29T04:53:11Z,2026-07-19,2026-07-26,expensive_yes,2026-07-22,SD@ATL,824896,SD,ATL,,full_game_total,full game totals,7.0,YES,KXMLBTOTAL-26JUL221915SDATL-7,66-80c,71.0,1.0,0.2,771,True,WIN,29.0,,,,,,,,,
2026-07-29T04:53:11Z,2026-07-19,2026-07-26,expensive_yes,2026-07-22,SD@ATL,824896,SD,ATL,,full_game_total,full game totals,8.0,YES,KXMLBTOTAL-26JUL221915SDATL-8,56-65c,61.0,1.3,0.2,771,True,WIN,39.0,,,,,,,,,
2026-07-29T04:53:11Z,2026-07-19,2026-07-26,expensive_yes,2026-07-22,SD@ATL,824896,SD,ATL,,full_game_total,full game totals,3.0,YES,KXMLBTOTAL-26JUL221915SDATL-3,81-99c,98.0,1.33,0.2,771,True,WIN,2.0,,,,,,,,,
2026-07-29T04:53:11Z,2026-07-19,2026-07-26,expensive_yes,2026-07-22,SD@ATL,824896,SD,ATL,ATL,team_total,team totals,3.0,YES,KXMLBTEAMTOTAL-26JUL221915SDATL-ATL3,66-80c,75.0,2.65,0.2,771,True,WIN,25.0,,,,,,favorite,weak_lt_8,very_bad_5_25_plus,55_60
2026-07-29T04:53:11Z,2026-07-19,2026-07-26,expensive_yes,2026-07-22,SD@ATL,824896,SD,ATL,SD,team_total,team totals,4.0,YES,KXMLBTEAMTOTAL-26JUL221915SDATL-SD4,56-65c,60.0,3.29,0.2,771,True,WIN,40.0,0.0637,0.531,,,,underdog,weak_lt_8,very_bad_5_25_plus,55_60
2026-07-29T04:53:11Z,2026-07-19,2026-07-26,expensive_yes,2026-07-22,SD@ATL,824896,SD,ATL,ATL,team_total,team totals,4.0,YES,KXMLBTEAMTOTAL-26JUL221915SDATL-ATL4,56-65c,60.0,2.79,0.2,771,True,WIN,40.0,0.1459,0.5883,,,,favorite,weak_lt_8,very_bad_5_25_plus,55_60
2026-07-29T04:53:11Z,2026-07-19,2026-07-26,expensive_yes,2026-07-22,SD@ATL,824896,SD,ATL,SD,team_total,team totals,2.0,YES,KXMLBTEAMTOTAL-26JUL221915SDATL-SD2,81-99c,87.0,3.2,0.2,771,True,WIN,13.0,,,,,,underdog,weak_lt_8,very_bad_5_25_plus,55_60
2026-07-29T04:53:11Z,2026-07-19,2026-07-26,expensive_yes,2026-07-22,SD@ATL,824896,SD,ATL,SD,team_total,team totals,3.0,YES,KXMLBTEAMTOTAL-26JUL221915SDATL-SD3,66-80c,74.0,3.47,0.2,771,True,WIN,26.0,,,,,,underdog,weak_lt_8,very_bad_5_25_plus,55_60
2026-07-29T04:53:11Z,2026-07-19,2026-07-26,expensive_yes,2026-07-22,SD@ATL,824896,SD,ATL,ATL,team_total,team totals,2.0,YES,KXMLBTEAMTOTAL-26JUL221915SDATL-ATL2,81-99c,88.0,3.29,0.2,771,True,WIN,12.0,,,,,,favorite,weak_lt_8,very_bad_5_25_plus,55_60
2026-07-29T04:53:11Z,2026-07-19,2026-07-26,expensive_yes,2026-07-22,SD@ATL,824896,SD,ATL,,f5_total,F5 totals,4.0,YES,KXMLBF5TOTAL-26JUL221915SDATL-4,66-80c,68.0,5.71,0.2,771,True,LOSE,-68.0,,,,,,,,,
2026-07-29T04:53:11Z,2026-07-19,2026-07-26,expensive_yes,2026-07-22,SD@ATL,824896,SD,ATL,,f5_total,F5 totals,3.0,YES,KXMLBF5TOTAL-26JUL221915SDATL-3,81-99c,81.0,6.33,0.2,771,True,LOSE,-81.0,,,,,,,,,
2026-07-29T04:53:11Z,2026-07-19,2026-07-26,expensive_yes,2026-07-22,SD@ATL,824896,SD,ATL,,f5_total,F5 totals,2.0,YES,KXMLBF5TOTAL-26JUL221915SDATL-2,81-99c,91.0,17.02,0.2,771,True,LOSE,-91.0,,,,,,,,,
2026-07-29T04:53:11Z,2026-07-19,2026-07-26,expensive_yes,2026-07-22,SD@ATL,824896,SD,ATL,,f5_total,F5 totals,1.0,YES,KXMLBF5TOTAL-26JUL221915SDATL-1,81-99c,98.0,17.02,0.2,771,True,WIN,2.0,,,,,,,,,
2026-07-29T04:53:11Z,2026-07-19,2026-07-26,expensive_yes,2026-07-22,ATH@AZ,825055,ATH,AZ,AZ,moneyline,moneyline,,YES,KXMLBGAME-26JUL221540ATHAZ-AZ,56-65c,57.0,5.6,0.6,2961,True,WIN,43.0,0.7384,0.6039,,,,favorite,solid_13_18,avg_4_25_4_75,50_55
2026-07-29T04:53:11Z,2026-07-19,2026-07-26,expensive_yes,2026-07-22,ATH@AZ,825055,ATH,AZ,,full_game_total,full game totals,8.0,YES,KXMLBTOTAL-26JUL221540ATHAZ-8,56-65c,63.0,1.61,0.6,841,True,WIN,37.0,,,,,,,,,
2026-07-29T04:53:11Z,2026-07-19,2026-07-26,expensive_yes,2026-07-22,ATH@AZ,825055,ATH,AZ,,full_game_total,full game totals,6.0,YES,KXMLBTOTAL-26JUL221540ATHAZ-6,66-80c,80.0,1.86,0.6,841,True,WIN,20.0,,,,,,,,,
2026-07-29T04:53:11Z,2026-07-19,2026-07-26,expensive_yes,2026-07-22,ATH@AZ,825055,ATH,AZ,,full_game_total,full game totals,7.0,YES,KXMLBTOTAL-26JUL221540ATHAZ-7,66-80c,72.0,1.42,0.6,841,True,WIN,28.0,,,,,,,,,
2026-07-29T04:53:11Z,2026-07-19,2026-07-26,expensive_yes,2026-07-22,ATH@AZ,825055,ATH,AZ,,full_game_total,full game totals,4.0,YES,KXMLBTOTAL-26JUL221540ATHAZ-4,81-99c,93.0,2.86,0.6,841,True,WIN,7.0,,,,,,,,,
2026-07-29T04:53:11Z,2026-07-19,2026-07-26,expensive_yes,2026-07-22,ATH@AZ,825055,ATH,AZ,,full_game_total,full game totals,5.0,YES,KXMLBTOTAL-26JUL221540ATHAZ-5,81-99c,90.0,1.34,0.6,841,True,WIN,10.0,,,,,,,,,
2026-07-29T04:53:11Z,2026-07-19,2026-07-26,expensive_yes,2026-07-22,ATH@AZ,825055,ATH,AZ,AZ,team_total,team totals,4.0,YES,KXMLBTEAMTOTAL-26JUL221540ATHAZ-AZ4,56-65c,64.0,14.1,0.6,841,True,WIN,36.0,0.535,0.6395,,,,favorite,solid_13_18,avg_4_25_4_75,50_55
2026-07-29T04:53:11Z,2026-07-19,2026-07-26,expensive_yes,2026-07-22,ATH@AZ,825055,ATH,AZ,ATH,team_total,team totals,2.0,YES,KXMLBTEAMTOTAL-26JUL221540ATHAZ-ATH2,81-99c,87.0,12.2,0.6,841,True,WIN,13.0,,,,,,underdog,weak_lt_8,very_bad_5_25_plus,40_45
2026-07-29T04:53:11Z,2026-07-19,2026-07-26,expensive_yes,2026-07-22,ATH@AZ,825055,ATH,AZ,ATH,team_total,team totals,3.0,YES,KXMLBTEAMTOTAL-26JUL221540ATHAZ-ATH3,66-80c,74.0,10.05,0.6,841,True,WIN,26.0,,,,,,underdog,weak_lt_8,very_bad_5_25_plus,40_45
2026-07-29T04:53:11Z,2026-07-19,2026-07-26,expensive_yes,2026-07-22,ATH@AZ,825055,ATH,AZ,ATH,team_total,team totals,4.0,YES,KXMLBTEAMTOTAL-26JUL221540ATHAZ-ATH4,56-65c,60.0,11.44,0.6,841,True,WIN,40.0,0.0,0.531,,,,underdog,weak_lt_8,very_bad_5_25_plus,40_45
2026-07-29T04:53:11Z,2026-07-19,2026-07-26,expensive_yes,2026-07-22,ATH@AZ,825055,ATH,AZ,AZ,team_total,team totals,2.0,YES,KXMLBTEAMTOTAL-26JUL221540ATHAZ-AZ2,81-99c,89.0,12.35,0.6,841,True,WIN,11.0,,,,,,favorite,solid_13_18,avg_4_25_4_75,50_55
2026-07-29T04:53:11Z,2026-07-19,2026-07-26,expensive_yes,2026-07-22,ATH@AZ,825055,ATH,AZ,AZ,team_total,team totals,3.0,YES,KXMLBTEAMTOTAL-26JUL221540ATHAZ-AZ3,66-80c,76.0,6.46,0.6,841,True,WIN,24.0,,,,,,favorite,solid_13_18,avg_4_25_4_75,50_55
2026-07-29T04:53:11Z,2026-07-19,2026-07-26,expensive_yes,2026-07-22,ATH@AZ,825055,ATH,AZ,,f5_total,F5 totals,4.0,YES,KXMLBF5TOTAL-26JUL221540ATHAZ-4,66-80c,68.0,10.67,0.6,841,True,WIN,32.0,,,,,,,,,
2026-07-29T04:53:11Z,2026-07-19,2026-07-26,expensive_yes,2026-07-22,ATH@AZ,825055,ATH,AZ,,f5_total,F5 totals,3.0,YES,KXMLBF5TOTAL-26JUL221540ATHAZ-3,81-99c,81.0,14.52,0.6,841,True,WIN,19.0,,,,,,,,,
2026-07-29T04:53:11Z,2026-07-19,2026-07-26,expensive_yes,2026-07-22,ATH@AZ,825055,ATH,AZ,,f5_total,F5 totals,2.0,YES,KXMLBF5TOTAL-26JUL221540ATHAZ-2,81-99c,91.0,18.87,0.6,841,True,WIN,9.0,,,,,,,,,
2026-07-29T04:53:11Z,2026-07-19,2026-07-26,expensive_yes,2026-07-22,ATH@AZ,825055,ATH,AZ,,f5_total,F5 totals,1.0,YES,KXMLBF5TOTAL-26JUL221540ATHAZ-1,81-99c,98.0,20.4,0.6,841,True,WIN,2.0,,,,,,,,,
2026-07-29T04:53:11Z,2026-07-19,2026-07-26,expensive_yes,2026-07-23,TB@TOR,822785,TB,TOR,,full_game_total,full game totals,7.0,YES,KXMLBTOTAL-26JUL231507TBTOR-7,66-80c,71.0,1.0,0.1,2198,True,LOSE,-71.0,,,,,,,,,
2026-07-29T04:53:11Z,2026-07-19,2026-07-26,expensive_yes,2026-07-23,TB@TOR,822785,TB,TOR,,full_game_total,full game totals,6.0,YES,KXMLBTOTAL-26JUL231507TBTOR-6,66-80c,78.0,1.05,0.1,2198,True,LOSE,-78.0,,,,,,,,,
2026-07-29T04:53:11Z,2026-07-19,2026-07-26,expensive_yes,2026-07-23,TB@TOR,822785,TB,TOR,,full_game_total,full game totals,5.0,YES,KXMLBTOTAL-26JUL231507TBTOR-5,81-99c,87.0,1.57,0.1,2198,True,LOSE,-87.0,,,,,,,,,
2026-07-29T04:53:11Z,2026-07-19,2026-07-26,expensive_yes,2026-07-23,TB@TOR,822785,TB,TOR,,full_game_total,full game totals,4.0,YES,KXMLBTOTAL-26JUL231507TBTOR-4,81-99c,93.0,2.3,0.1,2198,True,WIN,7.0,,,,,,,,,
2026-07-29T04:53:11Z,2026-07-19,2026-07-26,expensive_yes,2026-07-23,TB@TOR,822785,TB,TOR,,full_game_total,full game totals,8.0,YES,KXMLBTOTAL-26JUL231507TBTOR-8,56-65c,59.0,1.02,0.1,2198,True,LOSE,-59.0,,,,,,,,,
2026-07-29T04:53:11Z,2026-07-19,2026-07-26,expensive_yes,2026-07-23,TB@TOR,822785,TB,TOR,,full_game_total,full game totals,3.0,YES,KXMLBTOTAL-26JUL231507TBTOR-3,81-99c,97.0,2.01,0.1,2198,True,WIN,3.0,,,,,,,,,
2026-07-29T04:53:11Z,2026-07-19,2026-07-26,expensive_yes,2026-07-23,TB@TOR,822785,TB,TOR,TB,team_total,team totals,2.0,YES,KXMLBTEAMTOTAL-26JUL231507TBTOR-TB2,81-99c,88.0,1.93,0.1,2198,True,LOSE,-88.0,,,,,,favorite,weak_lt_8,bad_4_75_5_25,50_55
2026-07-29T04:53:11Z,2026-07-19,2026-07-26,expensive_yes,2026-07-23,TB@TOR,822785,TB,TOR,TB,team_total,team totals,3.0,YES,KXMLBTEAMTOTAL-26JUL231507TBTOR-TB3,66-80c,75.0,2.05,0.1,2198,True,LOSE,-75.0,,,,,,favorite,weak_lt_8,bad_4_75_5_25,50_55
2026-07-29T04:53:11Z,2026-07-19,2026-07-26,expensive_yes,2026-07-23,TB@TOR,822785,TB,TOR,TB,team_total,team totals,4.0,YES,KXMLBTEAMTOTAL-26JUL231507TBTOR-TB4,56-65c,61.0,1.81,0.1,2198,True,LOSE,-61.0,0.195,0.5883,,,,favorite,weak_lt_8,bad_4_75_5_25,50_55
2026-07-29T04:53:11Z,2026-07-19,2026-07-26,expensive_yes,2026-07-23,TB@TOR,822785,TB,TOR,TOR,team_total,team totals,2.0,YES,KXMLBTEAMTOTAL-26JUL231507TBTOR-TOR2,81-99c,86.0,1.59,0.1,2198,True,WIN,14.0,,,,,,underdog,weak_lt_8,very_bad_5_25_plus,45_50
2026-07-29T04:53:11Z,2026-07-19,2026-07-26,expensive_yes,2026-07-23,TB@TOR,822785,TB,TOR,TOR,team_total,team totals,4.0,YES,KXMLBTEAMTOTAL-26JUL231507TBTOR-TOR4,56-65c,58.0,2.52,0.1,2198,True,LOSE,-58.0,0.0017,0.531,,,,underdog,weak_lt_8,very_bad_5_25_plus,45_50
2026-07-29T04:53:11Z,2026-07-19,2026-07-26,expensive_yes,2026-07-23,TB@TOR,822785,TB,TOR,TOR,team_total,team totals,3.0,YES,KXMLBTEAMTOTAL-26JUL231507TBTOR-TOR3,66-80c,72.0,1.58,0.1,2198,True,WIN,28.0,,,,,,underdog,weak_lt_8,very_bad_5_25_plus,45_50
2026-07-29T04:53:11Z,2026-07-19,2026-07-26,expensive_yes,2026-07-23,TB@TOR,822785,TB,TOR,,f5_total,F5 totals,4.0,YES,KXMLBF5TOTAL-26JUL231507TBTOR-4,56-65c,65.0,2.83,0.1,2198,True,LOSE,-65.0,,,,,,,,,
2026-07-29T04:53:11Z,2026-07-19,2026-07-26,expensive_yes,2026-07-23,TB@TOR,822785,TB,TOR,,f5_total,F5 totals,3.0,YES,KXMLBF5TOTAL-26JUL231507TBTOR-3,66-80c,79.0,5.2,0.1,2198,True,WIN,21.0,,,,,,,,,
2026-07-29T04:53:11Z,2026-07-19,2026-07-26,expensive_yes,2026-07-23,TB@TOR,822785,TB,TOR,,f5_total,F5 totals,2.0,YES,KXMLBF5TOTAL-26JUL231507TBTOR-2,81-99c,90.0,10.54,0.1,2198,True,WIN,10.0,,,,,,,,,
2026-07-29T04:53:11Z,2026-07-19,2026-07-26,expensive_yes,2026-07-23,TB@TOR,822785,TB,TOR,,f5_total,F5 totals,1.0,YES,KXMLBF5TOTAL-26JUL231507TBTOR-1,81-99c,98.0,10.43,0.1,2198,True,WIN,2.0,,,,,,,,,
2026-07-29T04:53:11Z,2026-07-19,2026-07-26,expensive_yes,2026-07-23,KC@DET,824247,KC,DET,DET,moneyline,moneyline,,YES,KXMLBGAME-26JUL231840KCDET-DET,66-80c,68.0,2.42,1.0,4308,True,WIN,32.0,0.3281,0.5489,,,,favorite,weak_lt_8,very_bad_5_25_plus,45_50
2026-07-29T04:53:11Z,2026-07-19,2026-07-26,expensive_yes,2026-07-23,KC@DET,824247,KC,DET,,full_game_total,full game totals,7.0,YES,KXMLBTOTAL-26JUL231840KCDET-7,66-80c,69.0,1.19,1.0,2428,True,WIN,31.0,,,,,,,,,
2026-07-29T04:53:11Z,2026-07-19,2026-07-26,expensive_yes,2026-07-23,KC@DET,824247,KC,DET,,full_game_total,full game totals,4.0,YES,KXMLBTOTAL-26JUL231840KCDET-4,81-99c,91.0,2.56,1.0,2428,True,WIN,9.0,,,,,,,,,
2026-07-29T04:53:11Z,2026-07-19,2026-07-26,expensive_yes,2026-07-23,KC@DET,824247,KC,DET,,full_game_total,full game totals,8.0,YES,KXMLBTOTAL-26JUL231840KCDET-8,56-65c,57.0,1.04,1.0,2428,True,LOSE,-57.0,,,,,,,,,
2026-07-29T04:53:11Z,2026-07-19,2026-07-26,expensive_yes,2026-07-23,KC@DET,824247,KC,DET,,full_game_total,full game totals,6.0,YES,KXMLBTOTAL-26JUL231840KCDET-6,66-80c,76.0,1.45,1.0,2428,True,WIN,24.0,,,,,,,,,
2026-07-29T04:53:11Z,2026-07-19,2026-07-26,expensive_yes,2026-07-23,KC@DET,824247,KC,DET,,full_game_total,full game totals,3.0,YES,KXMLBTOTAL-26JUL231840KCDET-3,81-99c,96.0,3.12,1.0,2428,True,WIN,4.0,,,,,,,,,
2026-07-29T04:53:11Z,2026-07-19,2026-07-26,expensive_yes,2026-07-23,KC@DET,824247,KC,DET,,full_game_total,full game totals,5.0,YES,KXMLBTOTAL-26JUL231840KCDET-5,81-99c,86.0,1.21,1.0,2428,True,WIN,14.0,,,,,,,,,
2026-07-29T04:53:11Z,2026-07-19,2026-07-26,expensive_yes,2026-07-23,KC@DET,824247,KC,DET,DET,team_total,team totals,2.0,YES,KXMLBTEAMTOTAL-26JUL231840KCDET-DET2,81-99c,92.0,1.79,1.0,2428,True,WIN,8.0,,,,,,favorite,weak_lt_8,very_bad_5_25_plus,45_50
2026-07-29T04:53:11Z,2026-07-19,2026-07-26,expensive_yes,2026-07-23,KC@DET,824247,KC,DET,DET,team_total,team totals,3.0,YES,KXMLBTEAMTOTAL-26JUL231840KCDET-DET3,81-99c,81.0,1.93,1.0,2428,True,WIN,19.0,,,,,,favorite,weak_lt_8,very_bad_5_25_plus,45_50
2026-07-29T04:53:11Z,2026-07-19,2026-07-26,expensive_yes,2026-07-23,KC@DET,824247,KC,DET,DET,team_total,team totals,4.0,YES,KXMLBTEAMTOTAL-26JUL231840KCDET-DET4,66-80c,69.0,1.68,1.0,2428,True,WIN,31.0,0.2684,0.5667,,,,favorite,weak_lt_8,very_bad_5_25_plus,45_50
2026-07-29T04:53:11Z,2026-07-19,2026-07-26,expensive_yes,2026-07-23,KC@DET,824247,KC,DET,DET,team_total,team totals,5.0,YES,KXMLBTEAMTOTAL-26JUL231840KCDET-DET5,56-65c,56.0,2.58,1.0,2428,True,LOSE,-56.0,,,,,,favorite,weak_lt_8,very_bad_5_25_plus,45_50
2026-07-29T04:53:11Z,2026-07-19,2026-07-26,expensive_yes,2026-07-23,KC@DET,824247,KC,DET,KC,team_total,team totals,2.0,YES,KXMLBTEAMTOTAL-26JUL231840KCDET-KC2,66-80c,78.0,1.61,1.0,2428,True,WIN,22.0,,,,,,underdog,solid_13_18,good_3_75_4_25,40_45
2026-07-29T04:53:11Z,2026-07-19,2026-07-26,expensive_yes,2026-07-23,KC@DET,824247,KC,DET,KC,team_total,team totals,3.0,YES,KXMLBTEAMTOTAL-26JUL231840KCDET-KC3,56-65c,61.0,1.56,1.0,2428,True,WIN,39.0,,,,,,underdog,solid_13_18,good_3_75_4_25,40_45
2026-07-29T04:53:11Z,2026-07-19,2026-07-26,expensive_yes,2026-07-23,KC@DET,824247,KC,DET,DET,f5_winner,F5 winner,,YES,KXMLBF5-26JUL231840KCDET-DET,56-65c,63.0,3.14,1.0,2428,True,LOSE,-63.0,,,,,,favorite,weak_lt_8,very_bad_5_25_plus,45_50
2026-07-29T04:53:11Z,2026-07-19,2026-07-26,expensive_yes,2026-07-23,KC@DET,824247,KC,DET,,f5_total,F5 totals,3.0,YES,KXMLBF5TOTAL-26JUL231840KCDET-3,66-80c,77.0,5.5,1.0,2428,True,LOSE,-77.0,,,,,,,,,
2026-07-29T04:53:11Z,2026-07-19,2026-07-26,expensive_yes,2026-07-23,KC@DET,824247,KC,DET,,f5_total,F5 totals,4.0,YES,KXMLBF5TOTAL-26JUL231840KCDET-4,56-65c,63.0,3.24,1.0,2428,True,LOSE,-63.0,,,,,,,,,
2026-07-29T04:53:11Z,2026-07-19,2026-07-26,expensive_yes,2026-07-23,KC@DET,824247,KC,DET,,f5_total,F5 totals,2.0,YES,KXMLBF5TOTAL-26JUL231840KCDET-2,81-99c,90.0,10.19,1.0,2428,True,LOSE,-90.0,,,,,,,,,
2026-07-29T04:53:11Z,2026-07-19,2026-07-26,expensive_yes,2026-07-23,KC@DET,824247,KC,DET,,f5_total,F5 totals,1.0,YES,KXMLBF5TOTAL-26JUL231840KCDET-1,81-99c,98.0,11.43,1.0,2428,True,LOSE,-98.0,,,,,,,,,
2026-07-29T04:53:11Z,2026-07-19,2026-07-26,expensive_yes,2026-07-23,MIN@CLE,824406,MIN,CLE,CLE,moneyline,moneyline,,YES,KXMLBGAME-26JUL231310MINCLE-CLE,56-65c,59.0,2.31,0.0,4053,True,LOSE,-59.0,0.1262,0.5039,,,,favorite,solid_13_18,bad_4_75_5_25,50_55
2026-07-29T04:53:11Z,2026-07-19,2026-07-26,expensive_yes,2026-07-23,MIN@CLE,824406,MIN,CLE,,full_game_total,full game totals,7.0,YES,KXMLBTOTAL-26JUL231310MINCLE-7,56-65c,60.0,1.14,0.0,1973,True,LOSE,-60.0,,,,,,,,,
2026-07-29T04:53:11Z,2026-07-19,2026-07-26,expensive_yes,2026-07-23,MIN@CLE,824406,MIN,CLE,,full_game_total,full game totals,5.0,YES,KXMLBTOTAL-26JUL231310MINCLE-5,81-99c,81.0,1.16,0.0,1973,True,LOSE,-81.0,,,,,,,,,
2026-07-29T04:53:11Z,2026-07-19,2026-07-26,expensive_yes,2026-07-23,MIN@CLE,824406,MIN,CLE,,full_game_total,full game totals,2.0,YES,KXMLBTOTAL-26JUL231310MINCLE-2,81-99c,98.0,2.57,0.0,1973,True,WIN,2.0,,,,,,,,,
2026-07-29T04:53:11Z,2026-07-19,2026-07-26,expensive_yes,2026-07-23,MIN@CLE,824406,MIN,CLE,,full_game_total,full game totals,6.0,YES,KXMLBTOTAL-26JUL231310MINCLE-6,66-80c,68.0,1.06,0.0,1973,True,LOSE,-68.0,,,,,,,,,
2026-07-29T04:53:11Z,2026-07-19,2026-07-26,expensive_yes,2026-07-23,MIN@CLE,824406,MIN,CLE,,full_game_total,full game totals,4.0,YES,KXMLBTOTAL-26JUL231310MINCLE-4,81-99c,88.0,1.58,0.0,1973,True,WIN,12.0,,,,,,,,,
2026-07-29T04:53:11Z,2026-07-19,2026-07-26,expensive_yes,2026-07-23,MIN@CLE,824406,MIN,CLE,,full_game_total,full game totals,3.0,YES,KXMLBTOTAL-26JUL231310MINCLE-3,81-99c,96.0,2.17,0.0,1973,True,WIN,4.0,,,,,,,,,
2026-07-29T04:53:11Z,2026-07-19,2026-07-26,expensive_yes,2026-07-23,MIN@CLE,824406,MIN,CLE,CLE,team_total,team totals,2.0,YES,KXMLBTEAMTOTAL-26JUL231310MINCLE-CLE2,81-99c,85.0,1.08,0.0,1973,True,LOSE,-85.0,,,,,,favorite,solid_13_18,bad_4_75_5_25,50_55
2026-07-29T04:53:11Z,2026-07-19,2026-07-26,expensive_yes,2026-07-23,MIN@CLE,824406,MIN,CLE,CLE,team_total,team totals,3.0,YES,KXMLBTEAMTOTAL-26JUL231310MINCLE-CLE3,66-80c,70.0,1.7,0.0,1973,True,LOSE,-70.0,,,,,,favorite,solid_13_18,bad_4_75_5_25,50_55
2026-07-29T04:53:11Z,2026-07-19,2026-07-26,expensive_yes,2026-07-23,MIN@CLE,824406,MIN,CLE,MIN,team_total,team totals,2.0,YES,KXMLBTEAMTOTAL-26JUL231310MINCLE-MIN2,66-80c,79.0,1.64,0.0,1973,True,WIN,21.0,,,,,,underdog,strong_18_23,excellent_lt_3_75,40_45
2026-07-29T04:53:11Z,2026-07-19,2026-07-26,expensive_yes,2026-07-23,MIN@CLE,824406,MIN,CLE,MIN,team_total,team totals,3.0,YES,KXMLBTEAMTOTAL-26JUL231310MINCLE-MIN3,56-65c,63.0,1.84,0.0,1973,True,WIN,37.0,,,,,,underdog,strong_18_23,excellent_lt_3_75,40_45
2026-07-29T04:53:11Z,2026-07-19,2026-07-26,expensive_yes,2026-07-23,MIN@CLE,824406,MIN,CLE,,f5_total,F5 totals,3.0,YES,KXMLBF5TOTAL-26JUL231310MINCLE-3,66-80c,70.0,4.86,0.0,1973,True,LOSE,-70.0,,,,,,,,,
2026-07-29T04:53:11Z,2026-07-19,2026-07-26,expensive_yes,2026-07-23,MIN@CLE,824406,MIN,CLE,,f5_total,F5 totals,2.0,YES,KXMLBF5TOTAL-26JUL231310MINCLE-2,81-99c,84.0,8.82,0.0,1973,True,LOSE,-84.0,,,,,,,,,
2026-07-29T04:53:11Z,2026-07-19,2026-07-26,expensive_yes,2026-07-23,MIN@CLE,824406,MIN,CLE,,f5_total,F5 totals,1.0,YES,KXMLBF5TOTAL-26JUL231310MINCLE-1,81-99c,96.0,10.08,0.0,1973,True,WIN,4.0,,,,,,,,,
2026-07-29T04:53:11Z,2026-07-19,2026-07-26,expensive_yes,2026-07-23,SD@ATL,824893,SD,ATL,ATL,moneyline,moneyline,,YES,KXMLBGAME-26JUL231215SDATL-ATL,66-80c,71.0,2.18,0.4,3987,True,WIN,29.0,0.372,0.5489,,,,favorite,below_avg_8_13,very_bad_5_25_plus,55_60
2026-07-29T04:53:11Z,2026-07-19,2026-07-26,expensive_yes,2026-07-23,SD@ATL,824893,SD,ATL,,full_game_total,full game totals,7.0,YES,KXMLBTOTAL-26JUL231215SDATL-7,66-80c,67.0,1.13,0.4,1867,True,WIN,33.0,,,,,,,,,
2026-07-29T04:53:11Z,2026-07-19,2026-07-26,expensive_yes,2026-07-23,SD@ATL,824893,SD,ATL,,full_game_total,full game totals,5.0,YES,KXMLBTOTAL-26JUL231215SDATL-5,81-99c,85.0,1.24,0.4,1867,True,WIN,15.0,,,,,,,,,
2026-07-29T04:53:11Z,2026-07-19,2026-07-26,expensive_yes,2026-07-23,SD@ATL,824893,SD,ATL,,full_game_total,full game totals,3.0,YES,KXMLBTOTAL-26JUL231215SDATL-3,81-99c,97.0,1.77,0.4,1867,True,WIN,3.0,,,,,,,,,
2026-07-29T04:53:11Z,2026-07-19,2026-07-26,expensive_yes,2026-07-23,SD@ATL,824893,SD,ATL,,full_game_total,full game totals,6.0,YES,KXMLBTOTAL-26JUL231215SDATL-6,66-80c,75.0,1.33,0.4,1867,True,WIN,25.0,,,,,,,,,
2026-07-29T04:53:11Z,2026-07-19,2026-07-26,expensive_yes,2026-07-23,SD@ATL,824893,SD,ATL,,full_game_total,full game totals,4.0,YES,KXMLBTOTAL-26JUL231215SDATL-4,81-99c,92.0,1.55,0.4,1867,True,WIN,8.0,,,,,,,,,
2026-07-29T04:53:11Z,2026-07-19,2026-07-26,expensive_yes,2026-07-23,SD@ATL,824893,SD,ATL,,full_game_total,full game totals,8.0,YES,KXMLBTOTAL-26JUL231215SDATL-8,56-65c,56.0,1.09,0.4,1867,True,WIN,44.0,,,,,,,,,
2026-07-29T04:53:11Z,2026-07-19,2026-07-26,expensive_yes,2026-07-23,SD@ATL,824893,SD,ATL,SD,team_total,team totals,3.0,YES,KXMLBTEAMTOTAL-26JUL231215SDATL-SD3,56-65c,58.0,2.53,0.4,1867,True,WIN,42.0,,,,,,underdog,strong_18_23,good_3_75_4_25,60_plus
2026-07-29T04:53:11Z,2026-07-19,2026-07-26,expensive_yes,2026-07-23,SD@ATL,824893,SD,ATL,ATL,team_total,team totals,3.0,YES,KXMLBTEAMTOTAL-26JUL231215SDATL-ATL3,81-99c,81.0,2.12,0.4,1867,True,WIN,19.0,,,,,,favorite,below_avg_8_13,very_bad_5_25_plus,55_60
2026-07-29T04:53:11Z,2026-07-19,2026-07-26,expensive_yes,2026-07-23,SD@ATL,824893,SD,ATL,ATL,team_total,team totals,4.0,YES,KXMLBTEAMTOTAL-26JUL231215SDATL-ATL4,66-80c,70.0,2.19,0.4,1867,True,WIN,30.0,0.1452,0.5883,,,,favorite,below_avg_8_13,very_bad_5_25_plus,55_60
2026-07-29T04:53:11Z,2026-07-19,2026-07-26,expensive_yes,2026-07-23,SD@ATL,824893,SD,ATL,ATL,team_total,team totals,5.0,YES,KXMLBTEAMTOTAL-26JUL231215SDATL-ATL5,56-65c,57.0,2.08,0.4,1867,True,WIN,43.0,,,,,,favorite,below_avg_8_13,very_bad_5_25_plus,55_60
2026-07-29T04:53:11Z,2026-07-19,2026-07-26,expensive_yes,2026-07-23,SD@ATL,824893,SD,ATL,SD,team_total,team totals,2.0,YES,KXMLBTEAMTOTAL-26JUL231215SDATL-SD2,66-80c,74.0,1.39,0.4,1867,True,WIN,26.0,,,,,,underdog,strong_18_23,good_3_75_4_25,60_plus
2026-07-29T04:53:11Z,2026-07-19,2026-07-26,expensive_yes,2026-07-23,SD@ATL,824893,SD,ATL,ATL,team_total,team totals,2.0,YES,KXMLBTEAMTOTAL-26JUL231215SDATL-ATL2,81-99c,92.0,2.18,0.4,1867,True,WIN,8.0,,,,,,favorite,below_avg_8_13,very_bad_5_25_plus,55_60
2026-07-29T04:53:11Z,2026-07-19,2026-07-26,expensive_yes,2026-07-23,SD@ATL,824893,SD,ATL,ATL,f5_winner,F5 winner,,YES,KXMLBF5-26JUL231215SDATL-ATL,56-65c,63.0,3.22,0.4,1867,True,WIN,37.0,,,,,,favorite,below_avg_8_13,very_bad_5_25_plus,55_60
2026-07-29T04:53:11Z,2026-07-19,2026-07-26,expensive_yes,2026-07-23,SD@ATL,824893,SD,ATL,,f5_total,F5 totals,4.0,YES,KXMLBF5TOTAL-26JUL231215SDATL-4,56-65c,63.0,2.26,0.4,1867,True,WIN,37.0,,,,,,,,,
2026-07-29T04:53:11Z,2026-07-19,2026-07-26,expensive_yes,2026-07-23,SD@ATL,824893,SD,ATL,,f5_total,F5 totals,1.0,YES,KXMLBF5TOTAL-26JUL231215SDATL-1,81-99c,97.0,11.18,0.4,1867,True,WIN,3.0,,,,,,,,,
2026-07-29T04:53:11Z,2026-07-19,2026-07-26,expensive_yes,2026-07-23,SD@ATL,824893,SD,ATL,,f5_total,F5 totals,2.0,YES,KXMLBF5TOTAL-26JUL231215SDATL-2,81-99c,88.0,11.5,0.4,1867,True,WIN,12.0,,,,,,,,,
2026-07-29T04:53:11Z,2026-07-19,2026-07-26,expensive_yes,2026-07-23,SD@ATL,824893,SD,ATL,,f5_total,F5 totals,3.0,YES,KXMLBF5TOTAL-26JUL231215SDATL-3,66-80c,75.0,4.28,0.4,1867,True,WIN,25.0,,,,,,,,,
2026-07-29T04:53:11Z,2026-07-19,2026-07-26,expensive_yes,2026-07-24,SEA@TEX,822872,SEA,TEX,,full_game_total,full game totals,3.0,YES,KXMLBTOTAL-26JUL242005SEATEX-3,81-99c,97.0,1.68,1.8,1188,True,WIN,3.0,,,,,,,,,
2026-07-29T04:53:11Z,2026-07-19,2026-07-26,expensive_yes,2026-07-24,SEA@TEX,822872,SEA,TEX,,full_game_total,full game totals,7.0,YES,KXMLBTOTAL-26JUL242005SEATEX-7,56-65c,63.0,1.41,1.8,1188,True,WIN,37.0,,,,,,,,,
2026-07-29T04:53:11Z,2026-07-19,2026-07-26,expensive_yes,2026-07-24,SEA@TEX,822872,SEA,TEX,,full_game_total,full game totals,6.0,YES,KXMLBTOTAL-26JUL242005SEATEX-6,66-80c,71.0,1.47,1.8,1188,True,WIN,29.0,,,,,,,,,
2026-07-29T04:53:11Z,2026-07-19,2026-07-26,expensive_yes,2026-07-24,SEA@TEX,822872,SEA,TEX,,full_game_total,full game totals,5.0,YES,KXMLBTOTAL-26JUL242005SEATEX-5,81-99c,83.0,1.49,1.8,1188,True,WIN,17.0,,,,,,,,,
2026-07-29T04:53:11Z,2026-07-19,2026-07-26,expensive_yes,2026-07-24,SEA@TEX,822872,SEA,TEX,,full_game_total,full game totals,4.0,YES,KXMLBTOTAL-26JUL242005SEATEX-4,81-99c,90.0,1.98,1.8,1188,True,WIN,10.0,,,,,,,,,
2026-07-29T04:53:11Z,2026-07-19,2026-07-26,expensive_yes,2026-07-24,SEA@TEX,822872,SEA,TEX,,full_game_total,full game totals,2.0,YES,KXMLBTOTAL-26JUL242005SEATEX-2,81-99c,98.0,2.13,1.8,1188,True,WIN,2.0,,,,,,,,,
2026-07-29T04:53:11Z,2026-07-19,2026-07-26,expensive_yes,2026-07-24,SEA@TEX,822872,SEA,TEX,SEA,team_total,team totals,3.0,YES,KXMLBTEAMTOTAL-26JUL242005SEATEX-SEA3,66-80c,70.0,3.51,1.8,1188,True,WIN,30.0,,,,,,favorite,below_avg_8_13,good_3_75_4_25,40_45
2026-07-29T04:53:11Z,2026-07-19,2026-07-26,expensive_yes,2026-07-24,SEA@TEX,822872,SEA,TEX,TEX,team_total,team totals,3.0,YES,KXMLBTEAMTOTAL-26JUL242005SEATEX-TEX3,66-80c,67.0,2.65,1.8,1188,True,WIN,33.0,,,,,,underdog,strong_18_23,good_3_75_4_25,50_55
2026-07-29T04:53:11Z,2026-07-19,2026-07-26,expensive_yes,2026-07-24,SEA@TEX,822872,SEA,TEX,SEA,team_total,team totals,2.0,YES,KXMLBTEAMTOTAL-26JUL242005SEATEX-SEA2,81-99c,84.0,5.49,1.8,1188,True,WIN,16.0,,,,,,favorite,below_avg_8_13,good_3_75_4_25,40_45
2026-07-29T04:53:11Z,2026-07-19,2026-07-26,expensive_yes,2026-07-24,SEA@TEX,822872,SEA,TEX,TEX,team_total,team totals,2.0,YES,KXMLBTEAMTOTAL-26JUL242005SEATEX-TEX2,81-99c,82.0,5.36,1.8,1188,True,WIN,18.0,,,,,,underdog,strong_18_23,good_3_75_4_25,50_55
2026-07-29T04:53:11Z,2026-07-19,2026-07-26,expensive_yes,2026-07-24,SEA@TEX,822872,SEA,TEX,,f5_total,F5 totals,3.0,YES,KXMLBF5TOTAL-26JUL242005SEATEX-3,66-80c,72.0,9.76,1.8,1188,True,WIN,28.0,,,,,,,,,
2026-07-29T04:53:11Z,2026-07-19,2026-07-26,expensive_yes,2026-07-24,SEA@TEX,822872,SEA,TEX,,f5_total,F5 totals,4.0,YES,KXMLBF5TOTAL-26JUL242005SEATEX-4,56-65c,57.0,8.94,1.8,1188,True,WIN,43.0,,,,,,,,,
2026-07-29T04:53:11Z,2026-07-19,2026-07-26,expensive_yes,2026-07-24,SEA@TEX,822872,SEA,TEX,,f5_total,F5 totals,2.0,YES,KXMLBF5TOTAL-26JUL242005SEATEX-2,81-99c,86.0,10.26,1.8,1188,True,WIN,14.0,,,,,,,,,
2026-07-29T04:53:11Z,2026-07-19,2026-07-26,expensive_yes,2026-07-24,SEA@TEX,822872,SEA,TEX,,f5_total,F5 totals,1.0,YES,KXMLBF5TOTAL-26JUL242005SEATEX-1,81-99c,95.0,17.65,1.8,1188,True,WIN,5.0,,,,,,,,,
2026-07-29T04:53:11Z,2026-07-19,2026-07-26,expensive_yes,2026-07-24,CLE@TB,822952,CLE,TB,TB,moneyline,moneyline,,YES,KXMLBGAME-26JUL241910CLETB-TB,56-65c,57.0,3.52,0.6,4297,True,WIN,43.0,0.0,0.472,,,,favorite,solid_13_18,good_3_75_4_25,50_55
2026-07-29T04:53:11Z,2026-07-19,2026-07-26,expensive_yes,2026-07-24,CLE@TB,822952,CLE,TB,,full_game_total,full game totals,2.0,YES,KXMLBTOTAL-26JUL241910CLETB-2,81-99c,98.0,2.09,0.6,1167,True,WIN,2.0,,,,,,,,,
2026-07-29T04:53:11Z,2026-07-19,2026-07-26,expensive_yes,2026-07-24,CLE@TB,822952,CLE,TB,,full_game_total,full game totals,3.0,YES,KXMLBTOTAL-26JUL241910CLETB-3,81-99c,95.0,1.83,0.6,1167,True,WIN,5.0,,,,,,,,,
2026-07-29T04:53:11Z,2026-07-19,2026-07-26,expensive_yes,2026-07-24,CLE@TB,822952,CLE,TB,,full_game_total,full game totals,4.0,YES,KXMLBTOTAL-26JUL241910CLETB-4,81-99c,87.0,2.15,0.6,1167,True,WIN,13.0,,,,,,,,,
2026-07-29T04:53:11Z,2026-07-19,2026-07-26,expensive_yes,2026-07-24,CLE@TB,822952,CLE,TB,,full_game_total,full game totals,5.0,YES,KXMLBTOTAL-26JUL241910CLETB-5,66-80c,80.0,1.5,0.6,1167,True,WIN,20.0,,,,,,,,,
2026-07-29T04:53:11Z,2026-07-19,2026-07-26,expensive_yes,2026-07-24,CLE@TB,822952,CLE,TB,,full_game_total,full game totals,6.0,YES,KXMLBTOTAL-26JUL241910CLETB-6,66-80c,68.0,1.39,0.6,1167,True,WIN,32.0,,,,,,,,,
2026-07-29T04:53:11Z,2026-07-19,2026-07-26,expensive_yes,2026-07-24,CLE@TB,822952,CLE,TB,,full_game_total,full game totals,7.0,YES,KXMLBTOTAL-26JUL241910CLETB-7,56-65c,59.0,1.19,0.6,1167,True,WIN,41.0,,,,,,,,,
2026-07-29T04:53:11Z,2026-07-19,2026-07-26,expensive_yes,2026-07-24,CLE@TB,822952,CLE,TB,TB,team_total,team totals,3.0,YES,KXMLBTEAMTOTAL-26JUL241910CLETB-TB3,66-80c,70.0,3.57,0.6,1167,True,WIN,30.0,,,,,,favorite,solid_13_18,good_3_75_4_25,50_55
2026-07-29T04:53:11Z,2026-07-19,2026-07-26,expensive_yes,2026-07-24,CLE@TB,822952,CLE,TB,TB,team_total,team totals,2.0,YES,KXMLBTEAMTOTAL-26JUL241910CLETB-TB2,81-99c,84.0,5.17,0.6,1167,True,WIN,16.0,,,,,,favorite,solid_13_18,good_3_75_4_25,50_55
2026-07-29T04:53:11Z,2026-07-19,2026-07-26,expensive_yes,2026-07-24,CLE@TB,822952,CLE,TB,CLE,team_total,team totals,3.0,YES,KXMLBTEAMTOTAL-26JUL241910CLETB-CLE3,56-65c,64.0,3.86,0.6,1167,True,WIN,36.0,,,,,,underdog,below_avg_8_13,bad_4_75_5_25,50_55
2026-07-29T04:53:11Z,2026-07-19,2026-07-26,expensive_yes,2026-07-24,CLE@TB,822952,CLE,TB,CLE,team_total,team totals,2.0,YES,KXMLBTEAMTOTAL-26JUL241910CLETB-CLE2,66-80c,79.0,5.06,0.6,1167,True,WIN,21.0,,,,,,underdog,below_avg_8_13,bad_4_75_5_25,50_55
2026-07-29T04:53:11Z,2026-07-19,2026-07-26,expensive_yes,2026-07-24,CLE@TB,822952,CLE,TB,,f5_total,F5 totals,3.0,YES,KXMLBF5TOTAL-26JUL241910CLETB-3,66-80c,73.0,9.52,0.6,1167,True,WIN,27.0,,,,,,,,,
2026-07-29T04:53:11Z,2026-07-19,2026-07-26,expensive_yes,2026-07-24,CLE@TB,822952,CLE,TB,,f5_total,F5 totals,4.0,YES,KXMLBF5TOTAL-26JUL241910CLETB-4,56-65c,61.0,8.65,0.6,1167,True,WIN,39.0,,,,,,,,,
2026-07-29T04:53:11Z,2026-07-19,2026-07-26,expensive_yes,2026-07-24,CLE@TB,822952,CLE,TB,,f5_total,F5 totals,2.0,YES,KXMLBF5TOTAL-26JUL241910CLETB-2,81-99c,90.0,9.33,0.6,1167,True,WIN,10.0,,,,,,,,,
2026-07-29T04:53:11Z,2026-07-19,2026-07-26,expensive_yes,2026-07-24,CLE@TB,822952,CLE,TB,,f5_total,F5 totals,1.0,YES,KXMLBF5TOTAL-26JUL241910CLETB-1,81-99c,96.0,19.93,0.6,1167,True,WIN,4.0,,,,,,,,,
2026-07-29T04:53:11Z,2026-07-19,2026-07-26,expensive_yes,2026-07-24,CIN@STL,823031,CIN,STL,STL,moneyline,moneyline,,YES,KXMLBGAME-26JUL242015CINSTL-STL,56-65c,58.0,2.32,1.1,4292,True,LOSE,-58.0,0.0345,0.472,,,,favorite,weak_lt_8,very_bad_5_25_plus,40_45
2026-07-29T04:53:11Z,2026-07-19,2026-07-26,expensive_yes,2026-07-24,CIN@STL,823031,CIN,STL,,full_game_total,full game totals,3.0,YES,KXMLBTOTAL-26JUL242015CINSTL-3,81-99c,97.0,2.1,1.1,1192,True,WIN,3.0,,,,,,,,,
2026-07-29T04:53:11Z,2026-07-19,2026-07-26,expensive_yes,2026-07-24,CIN@STL,823031,CIN,STL,,full_game_total,full game totals,5.0,YES,KXMLBTOTAL-26JUL242015CINSTL-5,81-99c,86.0,1.36,1.1,1192,True,WIN,14.0,,,,,,,,,
2026-07-29T04:53:11Z,2026-07-19,2026-07-26,expensive_yes,2026-07-24,CIN@STL,823031,CIN,STL,,full_game_total,full game totals,7.0,YES,KXMLBTOTAL-26JUL242015CINSTL-7,66-80c,69.0,1.34,1.1,1192,True,LOSE,-69.0,,,,,,,,,
2026-07-29T04:53:11Z,2026-07-19,2026-07-26,expensive_yes,2026-07-24,CIN@STL,823031,CIN,STL,,full_game_total,full game totals,8.0,YES,KXMLBTOTAL-26JUL242015CINSTL-8,56-65c,56.0,1.22,1.1,1192,True,LOSE,-56.0,,,,,,,,,
2026-07-29T04:53:11Z,2026-07-19,2026-07-26,expensive_yes,2026-07-24,CIN@STL,823031,CIN,STL,,full_game_total,full game totals,6.0,YES,KXMLBTOTAL-26JUL242015CINSTL-6,66-80c,75.0,1.79,1.1,1192,True,WIN,25.0,,,,,,,,,
2026-07-29T04:53:11Z,2026-07-19,2026-07-26,expensive_yes,2026-07-24,CIN@STL,823031,CIN,STL,,full_game_total,full game totals,4.0,YES,KXMLBTOTAL-26JUL242015CINSTL-4,81-99c,91.0,2.69,1.1,1192,True,WIN,9.0,,,,,,,,,
2026-07-29T04:53:11Z,2026-07-19,2026-07-26,expensive_yes,2026-07-24,CIN@STL,823031,CIN,STL,CIN,team_total,team totals,3.0,YES,KXMLBTEAMTOTAL-26JUL242015CINSTL-CIN3,66-80c,68.0,3.78,1.1,1192,True,WIN,32.0,,,,,,underdog,below_avg_8_13,avg_4_25_4_75,45_50
2026-07-29T04:53:11Z,2026-07-19,2026-07-26,expensive_yes,2026-07-24,CIN@STL,823031,CIN,STL,CIN,team_total,team totals,2.0,YES,KXMLBTEAMTOTAL-26JUL242015CINSTL-CIN2,81-99c,82.0,4.85,1.1,1192,True,WIN,18.0,,,,,,underdog,below_avg_8_13,avg_4_25_4_75,45_50
2026-07-29T04:53:11Z,2026-07-19,2026-07-26,expensive_yes,2026-07-24,CIN@STL,823031,CIN,STL,STL,team_total,team totals,4.0,YES,KXMLBTEAMTOTAL-26JUL242015CINSTL-STL4,56-65c,62.0,3.97,1.1,1192,True,LOSE,-62.0,0.1342,0.5883,,,,favorite,weak_lt_8,very_bad_5_25_plus,40_45
2026-07-29T04:53:11Z,2026-07-19,2026-07-26,expensive_yes,2026-07-24,CIN@STL,823031,CIN,STL,STL,team_total,team totals,2.0,YES,KXMLBTEAMTOTAL-26JUL242015CINSTL-STL2,81-99c,89.0,6.37,1.1,1192,True,WIN,11.0,,,,,,favorite,weak_lt_8,very_bad_5_25_plus,40_45
2026-07-29T04:53:11Z,2026-07-19,2026-07-26,expensive_yes,2026-07-24,CIN@STL,823031,CIN,STL,STL,team_total,team totals,3.0,YES,KXMLBTEAMTOTAL-26JUL242015CINSTL-STL3,66-80c,76.0,3.0,1.1,1192,True,LOSE,-76.0,,,,,,favorite,weak_lt_8,very_bad_5_25_plus,40_45
2026-07-29T04:53:11Z,2026-07-19,2026-07-26,expensive_yes,2026-07-24,CIN@STL,823031,CIN,STL,,f5_total,F5 totals,3.0,YES,KXMLBF5TOTAL-26JUL242015CINSTL-3,66-80c,74.0,9.82,1.1,1192,True,WIN,26.0,,,,,,,,,
2026-07-29T04:53:11Z,2026-07-19,2026-07-26,expensive_yes,2026-07-24,CIN@STL,823031,CIN,STL,,f5_total,F5 totals,4.0,YES,KXMLBF5TOTAL-26JUL242015CINSTL-4,56-65c,60.0,8.86,1.1,1192,True,LOSE,-60.0,,,,,,,,,
2026-07-29T04:53:11Z,2026-07-19,2026-07-26,expensive_yes,2026-07-24,CIN@STL,823031,CIN,STL,,f5_total,F5 totals,2.0,YES,KXMLBF5TOTAL-26JUL242015CINSTL-2,81-99c,86.0,17.15,1.1,1192,True,WIN,14.0,,,,,,,,,
2026-07-29T04:53:11Z,2026-07-19,2026-07-26,expensive_yes,2026-07-24,CIN@STL,823031,CIN,STL,,f5_total,F5 totals,1.0,YES,KXMLBF5TOTAL-26JUL242015CINSTL-1,81-99c,96.0,23.31,1.1,1192,True,WIN,4.0,,,,,,,,,
2026-07-29T04:53:11Z,2026-07-19,2026-07-26,expensive_yes,2026-07-24,LAA@SF,823196,LAA,SF,SF,moneyline,moneyline,,YES,KXMLBGAME-26JUL242215LAASF-SF,56-65c,60.0,2.97,0.8,4286,True,WIN,40.0,0.0839,0.472,,,,favorite,weak_lt_8,very_bad_5_25_plus,40_45
2026-07-29T04:53:11Z,2026-07-19,2026-07-26,expensive_yes,2026-07-24,LAA@SF,823196,LAA,SF,,full_game_total,full game totals,4.0,YES,KXMLBTOTAL-26JUL242215LAASF-4,81-99c,90.0,3.0,0.8,1246,True,WIN,10.0,,,,,,,,,
2026-07-29T04:53:11Z,2026-07-19,2026-07-26,expensive_yes,2026-07-24,LAA@SF,823196,LAA,SF,,full_game_total,full game totals,5.0,YES,KXMLBTOTAL-26JUL242215LAASF-5,81-99c,86.0,1.61,0.8,1246,True,WIN,14.0,,,,,,,,,
2026-07-29T04:53:11Z,2026-07-19,2026-07-26,expensive_yes,2026-07-24,LAA@SF,823196,LAA,SF,,full_game_total,full game totals,6.0,YES,KXMLBTOTAL-26JUL242215LAASF-6,66-80c,76.0,1.57,0.8,1246,True,WIN,24.0,,,,,,,,,
2026-07-29T04:53:11Z,2026-07-19,2026-07-26,expensive_yes,2026-07-24,LAA@SF,823196,LAA,SF,,full_game_total,full game totals,7.0,YES,KXMLBTOTAL-26JUL242215LAASF-7,66-80c,68.0,1.36,0.8,1246,True,WIN,32.0,,,,,,,,,
2026-07-29T04:53:11Z,2026-07-19,2026-07-26,expensive_yes,2026-07-24,LAA@SF,823196,LAA,SF,,full_game_total,full game totals,8.0,YES,KXMLBTOTAL-26JUL242215LAASF-8,56-65c,57.0,1.25,0.8,1246,True,WIN,43.0,,,,,,,,,
2026-07-29T04:53:11Z,2026-07-19,2026-07-26,expensive_yes,2026-07-24,LAA@SF,823196,LAA,SF,,full_game_total,full game totals,3.0,YES,KXMLBTOTAL-26JUL242215LAASF-3,81-99c,97.0,2.69,0.8,1246,True,WIN,3.0,,,,,,,,,
2026-07-29T04:53:11Z,2026-07-19,2026-07-26,expensive_yes,2026-07-24,LAA@SF,823196,LAA,SF,LAA,team_total,team totals,2.0,YES,KXMLBTEAMTOTAL-26JUL242215LAASF-LAA2,81-99c,82.0,6.13,0.8,1246,True,WIN,18.0,,,,,,underdog,weak_lt_8,avg_4_25_4_75,45_50
2026-07-29T04:53:11Z,2026-07-19,2026-07-26,expensive_yes,2026-07-24,LAA@SF,823196,LAA,SF,LAA,team_total,team totals,3.0,YES,KXMLBTEAMTOTAL-26JUL242215LAASF-LAA3,66-80c,67.0,4.75,0.8,1246,True,WIN,33.0,,,,,,underdog,weak_lt_8,avg_4_25_4_75,45_50
2026-07-29T04:53:11Z,2026-07-19,2026-07-26,expensive_yes,2026-07-24,LAA@SF,823196,LAA,SF,SF,team_total,team totals,3.0,YES,KXMLBTEAMTOTAL-26JUL242215LAASF-SF3,66-80c,78.0,4.11,0.8,1246,True,WIN,22.0,,,,,,favorite,weak_lt_8,very_bad_5_25_plus,40_45
2026-07-29T04:53:11Z,2026-07-19,2026-07-26,expensive_yes,2026-07-24,LAA@SF,823196,LAA,SF,SF,team_total,team totals,4.0,YES,KXMLBTEAMTOTAL-26JUL242215LAASF-SF4,56-65c,65.0,4.21,0.8,1246,True,WIN,35.0,0.2374,0.5667,,,,favorite,weak_lt_8,very_bad_5_25_plus,40_45
2026-07-29T04:53:11Z,2026-07-19,2026-07-26,expensive_yes,2026-07-24,LAA@SF,823196,LAA,SF,SF,team_total,team totals,2.0,YES,KXMLBTEAMTOTAL-26JUL242215LAASF-SF2,81-99c,89.0,6.52,0.8,1246,True,WIN,11.0,,,,,,favorite,weak_lt_8,very_bad_5_25_plus,40_45
2026-07-29T04:53:11Z,2026-07-19,2026-07-26,expensive_yes,2026-07-24,LAA@SF,823196,LAA,SF,,f5_total,F5 totals,4.0,YES,KXMLBF5TOTAL-26JUL242215LAASF-4,66-80c,79.0,9.27,0.8,1246,True,WIN,21.0,,,,,,,,,
2026-07-29T04:53:11Z,2026-07-19,2026-07-26,expensive_yes,2026-07-24,LAA@SF,823196,LAA,SF,,f5_total,F5 totals,5.0,YES,KXMLBF5TOTAL-26JUL242215LAASF-5,56-65c,58.0,8.63,0.8,1246,True,WIN,42.0,,,,,,,,,
2026-07-29T04:53:11Z,2026-07-19,2026-07-26,expensive_yes,2026-07-24,LAA@SF,823196,LAA,SF,,f5_total,F5 totals,2.0,YES,KXMLBF5TOTAL-26JUL242215LAASF-2,81-99c,89.0,10.52,0.8,1246,True,WIN,11.0,,,,,,,,,
2026-07-29T04:53:11Z,2026-07-19,2026-07-26,expensive_yes,2026-07-24,LAA@SF,823196,LAA,SF,,f5_total,F5 totals,3.0,YES,KXMLBF5TOTAL-26JUL242215LAASF-3,81-99c,84.0,9.59,0.8,1246,True,WIN,16.0,,,,,,,,,
2026-07-29T04:53:11Z,2026-07-19,2026-07-26,expensive_yes,2026-07-24,LAA@SF,823196,LAA,SF,,f5_total,F5 totals,1.0,YES,KXMLBF5TOTAL-26JUL242215LAASF-1,81-99c,98.0,19.39,0.8,1246,True,WIN,2.0,,,,,,,,,
2026-07-29T04:53:11Z,2026-07-19,2026-07-26,expensive_yes,2026-07-24,CHC@PIT,823352,CHC,PIT,,full_game_total,full game totals,3.0,YES,KXMLBTOTAL-26JUL241840CHCPIT-3,81-99c,97.0,3.15,1.9,1165,True,WIN,3.0,,,,,,,,,
2026-07-29T04:53:11Z,2026-07-19,2026-07-26,expensive_yes,2026-07-24,CHC@PIT,823352,CHC,PIT,,full_game_total,full game totals,7.0,YES,KXMLBTOTAL-26JUL241840CHCPIT-7,66-80c,66.0,1.4,1.9,1165,True,LOSE,-66.0,,,,,,,,,
2026-07-29T04:53:11Z,2026-07-19,2026-07-26,expensive_yes,2026-07-24,CHC@PIT,823352,CHC,PIT,,full_game_total,full game totals,5.0,YES,KXMLBTOTAL-26JUL241840CHCPIT-5,81-99c,85.0,1.81,1.9,1165,True,WIN,15.0,,,,,,,,,
2026-07-29T04:53:11Z,2026-07-19,2026-07-26,expensive_yes,2026-07-24,CHC@PIT,823352,CHC,PIT,,full_game_total,full game totals,6.0,YES,KXMLBTOTAL-26JUL241840CHCPIT-6,66-80c,73.0,1.6,1.9,1165,True,LOSE,-73.0,,,,,,,,,
2026-07-29T04:53:11Z,2026-07-19,2026-07-26,expensive_yes,2026-07-24,CHC@PIT,823352,CHC,PIT,,full_game_total,full game totals,4.0,YES,KXMLBTOTAL-26JUL241840CHCPIT-4,81-99c,90.0,2.09,1.9,1165,True,WIN,10.0,,,,,,,,,
2026-07-29T04:53:11Z,2026-07-19,2026-07-26,expensive_yes,2026-07-24,CHC@PIT,823352,CHC,PIT,PIT,team_total,team totals,2.0,YES,KXMLBTEAMTOTAL-26JUL241840CHCPIT-PIT2,81-99c,82.0,5.24,1.9,1165,True,WIN,18.0,,,,,,underdog,below_avg_8_13,avg_4_25_4_75,60_plus
2026-07-29T04:53:11Z,2026-07-19,2026-07-26,expensive_yes,2026-07-24,CHC@PIT,823352,CHC,PIT,CHC,team_total,team totals,2.0,YES,KXMLBTEAMTOTAL-26JUL241840CHCPIT-CHC2,81-99c,85.0,5.92,1.9,1165,True,WIN,15.0,,,,,,favorite,strong_18_23,excellent_lt_3_75,55_60
2026-07-29T04:53:11Z,2026-07-19,2026-07-26,expensive_yes,2026-07-24,CHC@PIT,823352,CHC,PIT,PIT,team_total,team totals,3.0,YES,KXMLBTEAMTOTAL-26JUL241840CHCPIT-PIT3,66-80c,69.0,4.16,1.9,1165,True,LOSE,-69.0,,,,,,underdog,below_avg_8_13,avg_4_25_4_75,60_plus
2026-07-29T04:53:11Z,2026-07-19,2026-07-26,expensive_yes,2026-07-24,CHC@PIT,823352,CHC,PIT,PIT,team_total,team totals,4.0,YES,KXMLBTEAMTOTAL-26JUL241840CHCPIT-PIT4,56-65c,57.0,4.57,1.9,1165,True,LOSE,-57.0,0.0508,0.531,,,,underdog,below_avg_8_13,avg_4_25_4_75,60_plus
2026-07-29T04:53:11Z,2026-07-19,2026-07-26,expensive_yes,2026-07-24,CHC@PIT,823352,CHC,PIT,CHC,team_total,team totals,4.0,YES,KXMLBTEAMTOTAL-26JUL241840CHCPIT-CHC4,56-65c,56.0,5.15,1.9,1165,True,LOSE,-56.0,0.0,0.531,,,,favorite,strong_18_23,excellent_lt_3_75,55_60
2026-07-29T04:53:11Z,2026-07-19,2026-07-26,expensive_yes,2026-07-24,CHC@PIT,823352,CHC,PIT,CHC,team_total,team totals,3.0,YES,KXMLBTEAMTOTAL-26JUL241840CHCPIT-CHC3,66-80c,70.0,3.79,1.9,1165,True,WIN,30.0,,,,,,favorite,strong_18_23,excellent_lt_3_75,55_60
2026-07-29T04:53:11Z,2026-07-19,2026-07-26,expensive_yes,2026-07-24,CHC@PIT,823352,CHC,PIT,,f5_total,F5 totals,4.0,YES,KXMLBF5TOTAL-26JUL241840CHCPIT-4,56-65c,60.0,8.6,1.9,1165,True,LOSE,-60.0,,,,,,,,,
2026-07-29T04:53:11Z,2026-07-19,2026-07-26,expensive_yes,2026-07-24,CHC@PIT,823352,CHC,PIT,,f5_total,F5 totals,3.0,YES,KXMLBF5TOTAL-26JUL241840CHCPIT-3,66-80c,73.0,10.28,1.9,1165,True,LOSE,-73.0,,,,,,,,,
2026-07-29T04:53:11Z,2026-07-19,2026-07-26,expensive_yes,2026-07-24,CHC@PIT,823352,CHC,PIT,,f5_total,F5 totals,1.0,YES,KXMLBF5TOTAL-26JUL241840CHCPIT-1,81-99c,96.0,19.18,1.9,1165,True,WIN,4.0,,,,,,,,,
2026-07-29T04:53:11Z,2026-07-19,2026-07-26,expensive_yes,2026-07-24,CHC@PIT,823352,CHC,PIT,,f5_total,F5 totals,2.0,YES,KXMLBF5TOTAL-26JUL241840CHCPIT-2,81-99c,84.0,18.61,1.9,1165,True,LOSE,-84.0,,,,,,,,,
2026-07-29T04:53:11Z,2026-07-19,2026-07-26,expensive_yes,2026-07-24,NYY@PHI,823434,NYY,PHI,PHI,moneyline,moneyline,,YES,KXMLBGAME-26JUL241845NYYPHI-PHI,56-65c,57.0,2.65,2.0,4297,True,LOSE,-57.0,0.0406,0.472,,,,underdog,solid_13_18,avg_4_25_4_75,40_45
2026-07-29T04:53:11Z,2026-07-19,2026-07-26,expensive_yes,2026-07-24,NYY@PHI,823434,NYY,PHI,,full_game_total,full game totals,6.0,YES,KXMLBTOTAL-26JUL241845NYYPHI-6,66-80c,69.0,1.53,2.0,1167,True,LOSE,-69.0,,,,,,,,,
2026-07-29T04:53:11Z,2026-07-19,2026-07-26,expensive_yes,2026-07-24,NYY@PHI,823434,NYY,PHI,,full_game_total,full game totals,4.0,YES,KXMLBTOTAL-26JUL241845NYYPHI-4,81-99c,88.0,1.92,2.0,1167,True,LOSE,-88.0,,,,,,,,,
2026-07-29T04:53:11Z,2026-07-19,2026-07-26,expensive_yes,2026-07-24,NYY@PHI,823434,NYY,PHI,,full_game_total,full game totals,7.0,YES,KXMLBTOTAL-26JUL241845NYYPHI-7,56-65c,61.0,1.2,2.0,1167,True,LOSE,-61.0,,,,,,,,,
2026-07-29T04:53:11Z,2026-07-19,2026-07-26,expensive_yes,2026-07-24,NYY@PHI,823434,NYY,PHI,,full_game_total,full game totals,5.0,YES,KXMLBTOTAL-26JUL241845NYYPHI-5,81-99c,81.0,1.49,2.0,1167,True,LOSE,-81.0,,,,,,,,,
2026-07-29T04:53:11Z,2026-07-19,2026-07-26,expensive_yes,2026-07-24,NYY@PHI,823434,NYY,PHI,,full_game_total,full game totals,3.0,YES,KXMLBTOTAL-26JUL241845NYYPHI-3,81-99c,95.0,2.85,2.0,1167,True,LOSE,-95.0,,,,,,,,,
2026-07-29T04:53:11Z,2026-07-19,2026-07-26,expensive_yes,2026-07-24,NYY@PHI,823434,NYY,PHI,NYY,team_total,team totals,3.0,YES,KXMLBTEAMTOTAL-26JUL241845NYYPHI-NYY3,56-65c,63.0,3.94,2.0,1167,True,LOSE,-63.0,,,,,,favorite,solid_13_18,good_3_75_4_25,45_50
2026-07-29T04:53:11Z,2026-07-19,2026-07-26,expensive_yes,2026-07-24,NYY@PHI,823434,NYY,PHI,NYY,team_total,team totals,2.0,YES,KXMLBTEAMTOTAL-26JUL241845NYYPHI-NYY2,66-80c,79.0,6.0,2.0,1167,True,LOSE,-79.0,,,,,,favorite,solid_13_18,good_3_75_4_25,45_50
2026-07-29T04:53:11Z,2026-07-19,2026-07-26,expensive_yes,2026-07-24,NYY@PHI,823434,NYY,PHI,PHI,team_total,team totals,3.0,YES,KXMLBTEAMTOTAL-26JUL241845NYYPHI-PHI3,66-80c,71.0,3.53,2.0,1167,True,LOSE,-71.0,,,,,,underdog,solid_13_18,avg_4_25_4_75,40_45
2026-07-29T04:53:11Z,2026-07-19,2026-07-26,expensive_yes,2026-07-24,NYY@PHI,823434,NYY,PHI,PHI,team_total,team totals,2.0,YES,KXMLBTEAMTOTAL-26JUL241845NYYPHI-PHI2,81-99c,84.0,7.23,2.0,1167,True,LOSE,-84.0,,,,,,underdog,solid_13_18,avg_4_25_4_75,40_45
2026-07-29T04:53:11Z,2026-07-19,2026-07-26,expensive_yes,2026-07-24,NYY@PHI,823434,NYY,PHI,,f5_total,F5 totals,3.0,YES,KXMLBF5TOTAL-26JUL241845NYYPHI-3,66-80c,69.0,15.7,2.0,1167,True,LOSE,-69.0,,,,,,,,,
2026-07-29T04:53:11Z,2026-07-19,2026-07-26,expensive_yes,2026-07-24,NYY@PHI,823434,NYY,PHI,,f5_total,F5 totals,2.0,YES,KXMLBF5TOTAL-26JUL241845NYYPHI-2,81-99c,83.0,16.1,2.0,1167,True,LOSE,-83.0,,,,,,,,,
2026-07-29T04:53:11Z,2026-07-19,2026-07-26,expensive_yes,2026-07-24,NYY@PHI,823434,NYY,PHI,,f5_total,F5 totals,1.0,YES,KXMLBF5TOTAL-26JUL241845NYYPHI-1,81-99c,95.0,19.15,2.0,1167,True,WIN,5.0,,,,,,,,,
2026-07-29T04:53:11Z,2026-07-19,2026-07-26,expensive_yes,2026-07-24,LAD@NYM,823601,LAD,NYM,,full_game_total,full game totals,4.0,YES,KXMLBTOTAL-26JUL241910LADNYM-4,81-99c,93.0,1.57,0.6,1177,True,WIN,7.0,,,,,,,,,
2026-07-29T04:53:11Z,2026-07-19,2026-07-26,expensive_yes,2026-07-24,LAD@NYM,823601,LAD,NYM,,full_game_total,full game totals,3.0,YES,KXMLBTOTAL-26JUL241910LADNYM-3,81-99c,98.0,2.3,0.6,1177,True,WIN,2.0,,,,,,,,,
2026-07-29T04:53:11Z,2026-07-19,2026-07-26,expensive_yes,2026-07-24,LAD@NYM,823601,LAD,NYM,,full_game_total,full game totals,5.0,YES,KXMLBTOTAL-26JUL241910LADNYM-5,81-99c,90.0,1.66,0.6,1177,True,WIN,10.0,,,,,,,,,
2026-07-29T04:53:11Z,2026-07-19,2026-07-26,expensive_yes,2026-07-24,LAD@NYM,823601,LAD,NYM,,full_game_total,full game totals,8.0,YES,KXMLBTOTAL-26JUL241910LADNYM-8,56-65c,62.0,1.34,0.6,1177,True,LOSE,-62.0,,,,,,,,,
2026-07-29T04:53:11Z,2026-07-19,2026-07-26,expensive_yes,2026-07-24,LAD@NYM,823601,LAD,NYM,,full_game_total,full game totals,6.0,YES,KXMLBTOTAL-26JUL241910LADNYM-6,66-80c,80.0,1.6,0.6,1177,True,WIN,20.0,,,,,,,,,
2026-07-29T04:53:11Z,2026-07-19,2026-07-26,expensive_yes,2026-07-24,LAD@NYM,823601,LAD,NYM,,full_game_total,full game totals,7.0,YES,KXMLBTOTAL-26JUL241910LADNYM-7,66-80c,74.0,1.25,0.6,1177,True,LOSE,-74.0,,,,,,,,,
2026-07-29T04:53:11Z,2026-07-19,2026-07-26,expensive_yes,2026-07-24,LAD@NYM,823601,LAD,NYM,NYM,team_total,team totals,4.0,YES,KXMLBTEAMTOTAL-26JUL241910LADNYM-NYM4,56-65c,58.0,4.06,0.6,1177,True,LOSE,-58.0,0.0,0.531,,,,underdog,below_avg_8_13,avg_4_25_4_75,40_45
2026-07-29T04:53:11Z,2026-07-19,2026-07-26,expensive_yes,2026-07-24,LAD@NYM,823601,LAD,NYM,LAD,team_total,team totals,3.0,YES,KXMLBTEAMTOTAL-26JUL241910LADNYM-LAD3,66-80c,78.0,3.95,0.6,1177,True,WIN,22.0,,,,,,favorite,weak_lt_8,bad_4_75_5_25,40_45
2026-07-29T04:53:11Z,2026-07-19,2026-07-26,expensive_yes,2026-07-24,LAD@NYM,823601,LAD,NYM,LAD,team_total,team totals,4.0,YES,KXMLBTEAMTOTAL-26JUL241910LADNYM-LAD4,66-80c,66.0,3.73,0.6,1177,True,WIN,34.0,0.1858,0.5883,,,,favorite,weak_lt_8,bad_4_75_5_25,40_45
2026-07-29T04:53:11Z,2026-07-19,2026-07-26,expensive_yes,2026-07-24,LAD@NYM,823601,LAD,NYM,NYM,team_total,team totals,2.0,YES,KXMLBTEAMTOTAL-26JUL241910LADNYM-NYM2,81-99c,86.0,4.35,0.6,1177,True,WIN,14.0,,,,,,underdog,below_avg_8_13,avg_4_25_4_75,40_45
2026-07-29T04:53:11Z,2026-07-19,2026-07-26,expensive_yes,2026-07-24,LAD@NYM,823601,LAD,NYM,LAD,team_total,team totals,2.0,YES,KXMLBTEAMTOTAL-26JUL241910LADNYM-LAD2,81-99c,89.0,8.84,0.6,1177,True,WIN,11.0,,,,,,favorite,weak_lt_8,bad_4_75_5_25,40_45
2026-07-29T04:53:11Z,2026-07-19,2026-07-26,expensive_yes,2026-07-24,LAD@NYM,823601,LAD,NYM,NYM,team_total,team totals,3.0,YES,KXMLBTEAMTOTAL-26JUL241910LADNYM-NYM3,66-80c,72.0,3.07,0.6,1177,True,LOSE,-72.0,,,,,,underdog,below_avg_8_13,avg_4_25_4_75,40_45
2026-07-29T04:53:11Z,2026-07-19,2026-07-26,expensive_yes,2026-07-24,LAD@NYM,823601,LAD,NYM,,f5_total,F5 totals,4.0,YES,KXMLBF5TOTAL-26JUL241910LADNYM-4,66-80c,67.0,10.07,0.6,1177,True,LOSE,-67.0,,,,,,,,,
2026-07-29T04:53:11Z,2026-07-19,2026-07-26,expensive_yes,2026-07-24,LAD@NYM,823601,LAD,NYM,,f5_total,F5 totals,3.0,YES,KXMLBF5TOTAL-26JUL241910LADNYM-3,66-80c,79.0,9.91,0.6,1177,True,LOSE,-79.0,,,,,,,,,
2026-07-29T04:53:11Z,2026-07-19,2026-07-26,expensive_yes,2026-07-24,LAD@NYM,823601,LAD,NYM,,f5_total,F5 totals,5.0,YES,KXMLBF5TOTAL-26JUL241910LADNYM-5,56-65c,57.0,8.99,0.6,1177,True,LOSE,-57.0,,,,,,,,,
2026-07-29T04:53:11Z,2026-07-19,2026-07-26,expensive_yes,2026-07-24,LAD@NYM,823601,LAD,NYM,,f5_total,F5 totals,2.0,YES,KXMLBF5TOTAL-26JUL241910LADNYM-2,81-99c,89.0,24.26,0.6,1177,True,WIN,11.0,,,,,,,,,
2026-07-29T04:53:11Z,2026-07-19,2026-07-26,expensive_yes,2026-07-24,LAD@NYM,823601,LAD,NYM,,f5_total,F5 totals,1.0,YES,KXMLBF5TOTAL-26JUL241910LADNYM-1,81-99c,97.0,21.26,0.6,1177,True,WIN,3.0,,,,,,,,,
2026-07-29T04:53:11Z,2026-07-19,2026-07-26,expensive_yes,2026-07-24,ATH@MIN,823680,ATH,MIN,MIN,moneyline,moneyline,,YES,KXMLBGAME-26JUL242010ATHMIN-MIN,56-65c,57.0,3.67,1.6,4290,True,LOSE,-57.0,0.3281,0.5489,,,,favorite,weak_lt_8,very_bad_5_25_plus,45_50
2026-07-29T04:53:11Z,2026-07-19,2026-07-26,expensive_yes,2026-07-24,ATH@MIN,823680,ATH,MIN,,full_game_total,full game totals,5.0,YES,KXMLBTOTAL-26JUL242010ATHMIN-5,81-99c,93.0,1.42,1.6,1190,True,LOSE,-93.0,,,,,,,,,
2026-07-29T04:53:11Z,2026-07-19,2026-07-26,expensive_yes,2026-07-24,ATH@MIN,823680,ATH,MIN,,full_game_total,full game totals,6.0,YES,KXMLBTOTAL-26JUL242010ATHMIN-6,81-99c,85.0,1.74,1.6,1190,True,LOSE,-85.0,,,,,,,,,
2026-07-29T04:53:11Z,2026-07-19,2026-07-26,expensive_yes,2026-07-24,ATH@MIN,823680,ATH,MIN,,full_game_total,full game totals,7.0,YES,KXMLBTOTAL-26JUL242010ATHMIN-7,66-80c,78.0,1.48,1.6,1190,True,LOSE,-78.0,,,,,,,,,
2026-07-29T04:53:11Z,2026-07-19,2026-07-26,expensive_yes,2026-07-24,ATH@MIN,823680,ATH,MIN,,full_game_total,full game totals,8.0,YES,KXMLBTOTAL-26JUL242010ATHMIN-8,66-80c,69.0,1.31,1.6,1190,True,LOSE,-69.0,,,,,,,,,
2026-07-29T04:53:11Z,2026-07-19,2026-07-26,expensive_yes,2026-07-24,ATH@MIN,823680,ATH,MIN,,full_game_total,full game totals,9.0,YES,KXMLBTOTAL-26JUL242010ATHMIN-9,56-65c,63.0,1.42,1.6,1190,True,LOSE,-63.0,,,,,,,,,
2026-07-29T04:53:11Z,2026-07-19,2026-07-26,expensive_yes,2026-07-24,ATH@MIN,823680,ATH,MIN,,full_game_total,full game totals,4.0,YES,KXMLBTOTAL-26JUL242010ATHMIN-4,81-99c,95.0,2.17,1.6,1190,True,LOSE,-95.0,,,,,,,,,
2026-07-29T04:53:11Z,2026-07-19,2026-07-26,expensive_yes,2026-07-24,ATH@MIN,823680,ATH,MIN,MIN,team_total,team totals,3.0,YES,KXMLBTEAMTOTAL-26JUL242010ATHMIN-MIN3,81-99c,82.0,4.15,1.6,1190,True,LOSE,-82.0,,,,,,favorite,weak_lt_8,very_bad_5_25_plus,45_50
2026-07-29T04:53:11Z,2026-07-19,2026-07-26,expensive_yes,2026-07-24,ATH@MIN,823680,ATH,MIN,ATH,team_total,team totals,2.0,YES,KXMLBTEAMTOTAL-26JUL242010ATHMIN-ATH2,81-99c,87.0,7.06,1.6,1190,True,WIN,13.0,,,,,,underdog,weak_lt_8,very_bad_5_25_plus,40_45
2026-07-29T04:53:11Z,2026-07-19,2026-07-26,expensive_yes,2026-07-24,ATH@MIN,823680,ATH,MIN,MIN,team_total,team totals,2.0,YES,KXMLBTEAMTOTAL-26JUL242010ATHMIN-MIN2,81-99c,91.0,9.87,1.6,1190,True,LOSE,-91.0,,,,,,favorite,weak_lt_8,very_bad_5_25_plus,45_50
2026-07-29T04:53:11Z,2026-07-19,2026-07-26,expensive_yes,2026-07-24,ATH@MIN,823680,ATH,MIN,MIN,team_total,team totals,4.0,YES,KXMLBTEAMTOTAL-26JUL242010ATHMIN-MIN4,66-80c,69.0,3.85,1.6,1190,True,LOSE,-69.0,0.4327,0.6395,,,,favorite,weak_lt_8,very_bad_5_25_plus,45_50
2026-07-29T04:53:11Z,2026-07-19,2026-07-26,expensive_yes,2026-07-24,ATH@MIN,823680,ATH,MIN,MIN,team_total,team totals,5.0,YES,KXMLBTEAMTOTAL-26JUL242010ATHMIN-MIN5,56-65c,57.0,4.84,1.6,1190,True,LOSE,-57.0,,,,,,favorite,weak_lt_8,very_bad_5_25_plus,45_50
2026-07-29T04:53:11Z,2026-07-19,2026-07-26,expensive_yes,2026-07-24,ATH@MIN,823680,ATH,MIN,ATH,team_total,team totals,3.0,YES,KXMLBTEAMTOTAL-26JUL242010ATHMIN-ATH3,66-80c,76.0,3.97,1.6,1190,True,LOSE,-76.0,,,,,,underdog,weak_lt_8,very_bad_5_25_plus,40_45
2026-07-29T04:53:11Z,2026-07-19,2026-07-26,expensive_yes,2026-07-24,ATH@MIN,823680,ATH,MIN,ATH,team_total,team totals,4.0,YES,KXMLBTEAMTOTAL-26JUL242010ATHMIN-ATH4,56-65c,63.0,3.1,1.6,1190,True,LOSE,-63.0,0.093,0.531,,,,underdog,weak_lt_8,very_bad_5_25_plus,40_45
2026-07-29T04:53:11Z,2026-07-19,2026-07-26,expensive_yes,2026-07-24,ATH@MIN,823680,ATH,MIN,,f5_total,F5 totals,5.0,YES,KXMLBF5TOTAL-26JUL242010ATHMIN-5,56-65c,60.0,8.68,1.6,1190,True,LOSE,-60.0,,,,,,,,,
2026-07-29T04:53:11Z,2026-07-19,2026-07-26,expensive_yes,2026-07-24,ATH@MIN,823680,ATH,MIN,,f5_total,F5 totals,3.0,YES,KXMLBF5TOTAL-26JUL242010ATHMIN-3,81-99c,84.0,10.59,1.6,1190,True,LOSE,-84.0,,,,,,,,,
2026-07-29T04:53:11Z,2026-07-19,2026-07-26,expensive_yes,2026-07-24,ATH@MIN,823680,ATH,MIN,,f5_total,F5 totals,2.0,YES,KXMLBF5TOTAL-26JUL242010ATHMIN-2,81-99c,91.0,26.82,1.6,1190,True,LOSE,-91.0,,,,,,,,,
2026-07-29T04:53:11Z,2026-07-19,2026-07-26,expensive_yes,2026-07-24,ATH@MIN,823680,ATH,MIN,,f5_total,F5 totals,4.0,YES,KXMLBF5TOTAL-26JUL242010ATHMIN-4,66-80c,73.0,9.4,1.6,1190,True,LOSE,-73.0,,,,,,,,,
2026-07-29T04:53:11Z,2026-07-19,2026-07-26,expensive_yes,2026-07-24,ATH@MIN,823680,ATH,MIN,,f5_total,F5 totals,1.0,YES,KXMLBF5TOTAL-26JUL242010ATHMIN-1,81-99c,98.0,21.95,1.6,1190,True,WIN,2.0,,,,,,,,,
2026-07-29T04:53:11Z,2026-07-19,2026-07-26,expensive_yes,2026-07-24,COL@MIL,823759,COL,MIL,MIL,moneyline,moneyline,,YES,KXMLBGAME-26JUL241610COLMIL-MIL,66-80c,70.0,2.73,2.0,4301,True,LOSE,-70.0,0.6285,0.6039,,,,favorite,weak_lt_8,very_bad_5_25_plus,45_50
2026-07-29T04:53:11Z,2026-07-19,2026-07-26,expensive_yes,2026-07-24,COL@MIL,823759,COL,MIL,MIL,spread_run_line,runline/spread,2.0,YES,KXMLBSPREAD-26JUL241610COLMIL-MIL2,56-65c,56.0,1.11,2.0,1101,True,LOSE,-56.0,,,,,,favorite,weak_lt_8,very_bad_5_25_plus,45_50
2026-07-29T04:53:11Z,2026-07-19,2026-07-26,expensive_yes,2026-07-24,COL@MIL,823759,COL,MIL,,full_game_total,full game totals,3.0,YES,KXMLBTOTAL-26JUL241610COLMIL-3,81-99c,97.0,2.09,2.0,1101,True,WIN,3.0,,,,,,,,,
2026-07-29T04:53:11Z,2026-07-19,2026-07-26,expensive_yes,2026-07-24,COL@MIL,823759,COL,MIL,,full_game_total,full game totals,8.0,YES,KXMLBTOTAL-26JUL241610COLMIL-8,56-65c,61.0,1.18,2.0,1101,True,LOSE,-61.0,,,,,,,,,
2026-07-29T04:53:11Z,2026-07-19,2026-07-26,expensive_yes,2026-07-24,COL@MIL,823759,COL,MIL,,full_game_total,full game totals,7.0,YES,KXMLBTOTAL-26JUL241610COLMIL-7,66-80c,72.0,1.21,2.0,1101,True,WIN,28.0,,,,,,,,,
2026-07-29T04:53:11Z,2026-07-19,2026-07-26,expensive_yes,2026-07-24,COL@MIL,823759,COL,MIL,,full_game_total,full game totals,5.0,YES,KXMLBTOTAL-26JUL241610COLMIL-5,81-99c,89.0,1.54,2.0,1101,True,WIN,11.0,,,,,,,,,
2026-07-29T04:53:11Z,2026-07-19,2026-07-26,expensive_yes,2026-07-24,COL@MIL,823759,COL,MIL,,full_game_total,full game totals,6.0,YES,KXMLBTOTAL-26JUL241610COLMIL-6,66-80c,79.0,1.4,2.0,1101,True,WIN,21.0,,,,,,,,,
2026-07-29T04:53:11Z,2026-07-19,2026-07-26,expensive_yes,2026-07-24,COL@MIL,823759,COL,MIL,,full_game_total,full game totals,4.0,YES,KXMLBTOTAL-26JUL241610COLMIL-4,81-99c,93.0,1.92,2.0,1101,True,WIN,7.0,,,,,,,,,
2026-07-29T04:53:11Z,2026-07-19,2026-07-26,expensive_yes,2026-07-24,COL@MIL,823759,COL,MIL,COL,team_total,team totals,3.0,YES,KXMLBTEAMTOTAL-26JUL241610COLMIL-COL3,56-65c,59.0,4.77,2.0,1101,True,WIN,41.0,,,,,,underdog,solid_13_18,avg_4_25_4_75,45_50
2026-07-29T04:53:11Z,2026-07-19,2026-07-26,expensive_yes,2026-07-24,COL@MIL,823759,COL,MIL,MIL,team_total,team totals,5.0,YES,KXMLBTEAMTOTAL-26JUL241610COLMIL-MIL5,56-65c,61.0,4.81,2.0,1101,True,LOSE,-61.0,,,,,,favorite,weak_lt_8,very_bad_5_25_plus,45_50
2026-07-29T04:53:11Z,2026-07-19,2026-07-26,expensive_yes,2026-07-24,COL@MIL,823759,COL,MIL,COL,team_total,team totals,2.0,YES,KXMLBTEAMTOTAL-26JUL241610COLMIL-COL2,66-80c,76.0,5.54,2.0,1101,True,WIN,24.0,,,,,,underdog,solid_13_18,avg_4_25_4_75,45_50
2026-07-29T04:53:11Z,2026-07-19,2026-07-26,expensive_yes,2026-07-24,COL@MIL,823759,COL,MIL,MIL,team_total,team totals,4.0,YES,KXMLBTEAMTOTAL-26JUL241610COLMIL-MIL4,66-80c,73.0,4.84,2.0,1101,True,LOSE,-73.0,0.5557,0.6395,,,,favorite,weak_lt_8,very_bad_5_25_plus,45_50
2026-07-29T04:53:11Z,2026-07-19,2026-07-26,expensive_yes,2026-07-24,COL@MIL,823759,COL,MIL,MIL,team_total,team totals,2.0,YES,KXMLBTEAMTOTAL-26JUL241610COLMIL-MIL2,81-99c,95.0,9.49,2.0,1101,True,WIN,5.0,,,,,,favorite,weak_lt_8,very_bad_5_25_plus,45_50
2026-07-29T04:53:11Z,2026-07-19,2026-07-26,expensive_yes,2026-07-24,COL@MIL,823759,COL,MIL,MIL,team_total,team totals,3.0,YES,KXMLBTEAMTOTAL-26JUL241610COLMIL-MIL3,81-99c,85.0,3.01,2.0,1101,True,LOSE,-85.0,,,,,,favorite,weak_lt_8,very_bad_5_25_plus,45_50
2026-07-29T04:53:11Z,2026-07-19,2026-07-26,expensive_yes,2026-07-24,COL@MIL,823759,COL,MIL,MIL,f5_winner,F5 winner,,YES,KXMLBF5-26JUL241610COLMIL-MIL,56-65c,60.0,3.53,2.0,1101,True,LOSE,-60.0,,,,,,favorite,weak_lt_8,very_bad_5_25_plus,45_50
2026-07-29T04:53:11Z,2026-07-19,2026-07-26,expensive_yes,2026-07-24,COL@MIL,823759,COL,MIL,,f5_total,F5 totals,2.0,YES,KXMLBF5TOTAL-26JUL241610COLMIL-2,81-99c,91.0,17.8,2.0,1101,True,WIN,9.0,,,,,,,,,
2026-07-29T04:53:11Z,2026-07-19,2026-07-26,expensive_yes,2026-07-24,COL@MIL,823759,COL,MIL,,f5_total,F5 totals,3.0,YES,KXMLBF5TOTAL-26JUL241610COLMIL-3,66-80c,77.0,10.25,2.0,1101,True,WIN,23.0,,,,,,,,,
2026-07-29T04:53:11Z,2026-07-19,2026-07-26,expensive_yes,2026-07-24,COL@MIL,823759,COL,MIL,,f5_total,F5 totals,4.0,YES,KXMLBF5TOTAL-26JUL241610COLMIL-4,66-80c,66.0,8.57,2.0,1101,True,WIN,34.0,,,,,,,,,
2026-07-29T04:53:11Z,2026-07-19,2026-07-26,expensive_yes,2026-07-24,COL@MIL,823759,COL,MIL,,f5_total,F5 totals,1.0,YES,KXMLBF5TOTAL-26JUL241610COLMIL-1,81-99c,98.0,18.78,2.0,1101,True,WIN,2.0,,,,,,,,,
2026-07-29T04:53:11Z,2026-07-19,2026-07-26,expensive_yes,2026-07-24,SD@MIA,823843,SD,MIA,,full_game_total,full game totals,6.0,YES,KXMLBTOTAL-26JUL241910SDMIA-6,66-80c,80.0,1.98,0.6,1047,True,WIN,20.0,,,,,,,,,
2026-07-29T04:53:11Z,2026-07-19,2026-07-26,expensive_yes,2026-07-24,SD@MIA,823843,SD,MIA,,full_game_total,full game totals,7.0,YES,KXMLBTOTAL-26JUL241910SDMIA-7,66-80c,74.0,1.94,0.6,1047,True,LOSE,-74.0,,,,,,,,,
2026-07-29T04:53:11Z,2026-07-19,2026-07-26,expensive_yes,2026-07-24,SD@MIA,823843,SD,MIA,,full_game_total,full game totals,9.0,YES,KXMLBTOTAL-26JUL241910SDMIA-9,56-65c,56.0,1.09,0.6,1047,True,LOSE,-56.0,,,,,,,,,
2026-07-29T04:53:11Z,2026-07-19,2026-07-26,expensive_yes,2026-07-24,SD@MIA,823843,SD,MIA,,full_game_total,full game totals,5.0,YES,KXMLBTOTAL-26JUL241910SDMIA-5,81-99c,89.0,1.61,0.6,1047,True,WIN,11.0,,,,,,,,,
2026-07-29T04:53:11Z,2026-07-19,2026-07-26,expensive_yes,2026-07-24,SD@MIA,823843,SD,MIA,,full_game_total,full game totals,4.0,YES,KXMLBTOTAL-26JUL241910SDMIA-4,81-99c,93.0,1.39,0.6,1047,True,WIN,7.0,,,,,,,,,
2026-07-29T04:53:11Z,2026-07-19,2026-07-26,expensive_yes,2026-07-24,SD@MIA,823843,SD,MIA,,full_game_total,full game totals,8.0,YES,KXMLBTOTAL-26JUL241910SDMIA-8,56-65c,64.0,1.67,0.6,1047,True,LOSE,-64.0,,,,,,,,,
2026-07-29T04:53:11Z,2026-07-19,2026-07-26,expensive_yes,2026-07-24,SD@MIA,823843,SD,MIA,MIA,team_total,team totals,3.0,YES,KXMLBTEAMTOTAL-26JUL241910SDMIA-MIA3,66-80c,77.0,4.49,0.6,1047,True,LOSE,-77.0,,,,,,favorite,weak_lt_8,very_bad_5_25_plus,40_45
2026-07-29T04:53:11Z,2026-07-19,2026-07-26,expensive_yes,2026-07-24,SD@MIA,823843,SD,MIA,MIA,team_total,team totals,4.0,YES,KXMLBTEAMTOTAL-26JUL241910SDMIA-MIA4,56-65c,64.0,5.07,0.6,1047,True,LOSE,-64.0,0.1337,0.5883,,,,favorite,weak_lt_8,very_bad_5_25_plus,40_45
2026-07-29T04:53:11Z,2026-07-19,2026-07-26,expensive_yes,2026-07-24,SD@MIA,823843,SD,MIA,SD,team_total,team totals,2.0,YES,KXMLBTEAMTOTAL-26JUL241910SDMIA-SD2,81-99c,85.0,11.16,0.6,1047,True,WIN,15.0,,,,,,underdog,weak_lt_8,very_bad_5_25_plus,55_60
2026-07-29T04:53:11Z,2026-07-19,2026-07-26,expensive_yes,2026-07-24,SD@MIA,823843,SD,MIA,SD,team_total,team totals,4.0,YES,KXMLBTEAMTOTAL-26JUL241910SDMIA-SD4,56-65c,60.0,6.03,0.6,1047,True,WIN,40.0,0.152,0.5883,,,,underdog,weak_lt_8,very_bad_5_25_plus,55_60
2026-07-29T04:53:11Z,2026-07-19,2026-07-26,expensive_yes,2026-07-24,SD@MIA,823843,SD,MIA,SD,team_total,team totals,3.0,YES,KXMLBTEAMTOTAL-26JUL241910SDMIA-SD3,66-80c,73.0,5.4,0.6,1047,True,WIN,27.0,,,,,,underdog,weak_lt_8,very_bad_5_25_plus,55_60
2026-07-29T04:53:11Z,2026-07-19,2026-07-26,expensive_yes,2026-07-24,SD@MIA,823843,SD,MIA,MIA,team_total,team totals,2.0,YES,KXMLBTEAMTOTAL-26JUL241910SDMIA-MIA2,81-99c,88.0,20.99,0.6,1047,True,WIN,12.0,,,,,,favorite,weak_lt_8,very_bad_5_25_plus,40_45
2026-07-29T04:53:11Z,2026-07-19,2026-07-26,expensive_yes,2026-07-24,SD@MIA,823843,SD,MIA,,f5_total,F5 totals,2.0,YES,KXMLBF5TOTAL-26JUL241910SDMIA-2,81-99c,89.0,32.04,0.6,1047,True,WIN,11.0,,,,,,,,,
2026-07-29T04:53:11Z,2026-07-19,2026-07-26,expensive_yes,2026-07-24,SD@MIA,823843,SD,MIA,,f5_total,F5 totals,3.0,YES,KXMLBF5TOTAL-26JUL241910SDMIA-3,66-80c,79.0,24.76,0.6,1047,True,WIN,21.0,,,,,,,,,
2026-07-29T04:53:11Z,2026-07-19,2026-07-26,expensive_yes,2026-07-24,SD@MIA,823843,SD,MIA,,f5_total,F5 totals,1.0,YES,KXMLBF5TOTAL-26JUL241910SDMIA-1,81-99c,97.0,24.45,0.6,1047,True,WIN,3.0,,,,,,,,,
2026-07-29T04:53:11Z,2026-07-19,2026-07-26,expensive_yes,2026-07-24,SD@MIA,823843,SD,MIA,,f5_total,F5 totals,4.0,YES,KXMLBF5TOTAL-26JUL241910SDMIA-4,56-65c,65.0,26.69,0.6,1047,True,WIN,35.0,,,,,,,,,
2026-07-29T04:53:11Z,2026-07-19,2026-07-26,expensive_yes,2026-07-24,KC@DET,824248,KC,DET,DET,moneyline,moneyline,,YES,KXMLBGAME-26JUL241840KCDET-DET,66-80c,71.0,2.23,1.9,4295,True,WIN,29.0,0.2585,0.5286,,,,favorite,missing,missing,45_50
2026-07-29T04:53:11Z,2026-07-19,2026-07-26,expensive_yes,2026-07-24,KC@DET,824248,KC,DET,,full_game_total,full game totals,7.0,YES,KXMLBTOTAL-26JUL241840KCDET-7,56-65c,61.0,1.43,1.9,1055,True,LOSE,-61.0,,,,,,,,,
2026-07-29T04:53:11Z,2026-07-19,2026-07-26,expensive_yes,2026-07-24,KC@DET,824248,KC,DET,,full_game_total,full game totals,5.0,YES,KXMLBTOTAL-26JUL241840KCDET-5,81-99c,81.0,1.72,1.9,1055,True,LOSE,-81.0,,,,,,,,,
2026-07-29T04:53:11Z,2026-07-19,2026-07-26,expensive_yes,2026-07-24,KC@DET,824248,KC,DET,,full_game_total,full game totals,3.0,YES,KXMLBTOTAL-26JUL241840KCDET-3,81-99c,95.0,2.66,1.9,1055,True,WIN,5.0,,,,,,,,,
2026-07-29T04:53:11Z,2026-07-19,2026-07-26,expensive_yes,2026-07-24,KC@DET,824248,KC,DET,,full_game_total,full game totals,4.0,YES,KXMLBTOTAL-26JUL241840KCDET-4,81-99c,87.0,3.23,1.9,1055,True,LOSE,-87.0,,,,,,,,,
2026-07-29T04:53:11Z,2026-07-19,2026-07-26,expensive_yes,2026-07-24,KC@DET,824248,KC,DET,,full_game_total,full game totals,6.0,YES,KXMLBTOTAL-26JUL241840KCDET-6,66-80c,69.0,1.65,1.9,1055,True,LOSE,-69.0,,,,,,,,,
2026-07-29T04:53:11Z,2026-07-19,2026-07-26,expensive_yes,2026-07-24,KC@DET,824248,KC,DET,KC,team_total,team totals,2.0,YES,KXMLBTEAMTOTAL-26JUL241840KCDET-KC2,66-80c,70.0,7.26,1.9,1055,True,LOSE,-70.0,,,,,,underdog,strong_18_23,excellent_lt_3_75,40_45
2026-07-29T04:53:11Z,2026-07-19,2026-07-26,expensive_yes,2026-07-24,KC@DET,824248,KC,DET,DET,team_total,team totals,4.0,YES,KXMLBTEAMTOTAL-26JUL241840KCDET-DET4,56-65c,65.0,7.2,1.9,1055,True,LOSE,-65.0,0.2648,0.5667,,,,favorite,missing,missing,45_50
2026-07-29T04:53:11Z,2026-07-19,2026-07-26,expensive_yes,2026-07-24,KC@DET,824248,KC,DET,DET,team_total,team totals,3.0,YES,KXMLBTEAMTOTAL-26JUL241840KCDET-DET3,66-80c,78.0,7.94,1.9,1055,True,LOSE,-78.0,,,,,,favorite,missing,missing,45_50
2026-07-29T04:53:11Z,2026-07-19,2026-07-26,expensive_yes,2026-07-24,KC@DET,824248,KC,DET,DET,team_total,team totals,2.0,YES,KXMLBTEAMTOTAL-26JUL241840KCDET-DET2,81-99c,88.0,12.58,1.9,1055,True,WIN,12.0,,,,,,favorite,missing,missing,45_50
2026-07-29T04:53:11Z,2026-07-19,2026-07-26,expensive_yes,2026-07-24,KC@DET,824248,KC,DET,DET,f5_winner,F5 winner,,YES,KXMLBF5-26JUL241840KCDET-DET,56-65c,63.0,4.91,1.9,1055,True,WIN,37.0,,,,,,favorite,missing,missing,45_50
2026-07-29T04:53:11Z,2026-07-19,2026-07-26,expensive_yes,2026-07-24,KC@DET,824248,KC,DET,,f5_total,F5 totals,3.0,YES,KXMLBF5TOTAL-26JUL241840KCDET-3,66-80c,71.0,15.54,1.9,1055,True,WIN,29.0,,,,,,,,,
2026-07-29T04:53:11Z,2026-07-19,2026-07-26,expensive_yes,2026-07-24,KC@DET,824248,KC,DET,,f5_total,F5 totals,1.0,YES,KXMLBF5TOTAL-26JUL241840KCDET-1,81-99c,95.0,21.72,1.9,1055,True,WIN,5.0,,,,,,,,,
2026-07-29T04:53:11Z,2026-07-19,2026-07-26,expensive_yes,2026-07-24,KC@DET,824248,KC,DET,,f5_total,F5 totals,4.0,YES,KXMLBF5TOTAL-26JUL241840KCDET-4,56-65c,57.0,15.48,1.9,1055,True,LOSE,-57.0,,,,,,,,,
2026-07-29T04:53:11Z,2026-07-19,2026-07-26,expensive_yes,2026-07-24,KC@DET,824248,KC,DET,,f5_total,F5 totals,2.0,YES,KXMLBF5TOTAL-26JUL241840KCDET-2,81-99c,85.0,14.39,1.9,1055,True,WIN,15.0,,,,,,,,,
2026-07-29T04:53:11Z,2026-07-19,2026-07-26,expensive_yes,2026-07-24,HOU@CWS,824573,HOU,CWS,CWS,moneyline,moneyline,,YES,KXMLBGAME-26JUL241940HOUCWS-CWS,56-65c,56.0,2.47,0.1,4289,True,LOSE,-56.0,0.1898,0.5039,,,,favorite,weak_lt_8,very_bad_5_25_plus,50_55
2026-07-29T04:53:11Z,2026-07-19,2026-07-26,expensive_yes,2026-07-24,HOU@CWS,824573,HOU,CWS,,full_game_total,full game totals,3.0,YES,KXMLBTOTAL-26JUL241940HOUCWS-3,81-99c,99.0,2.65,0.1,1179,True,WIN,1.0,,,,,,,,,
2026-07-29T04:53:11Z,2026-07-19,2026-07-26,expensive_yes,2026-07-24,HOU@CWS,824573,HOU,CWS,,full_game_total,full game totals,5.0,YES,KXMLBTOTAL-26JUL241940HOUCWS-5,81-99c,89.0,1.51,0.1,1179,True,WIN,11.0,,,,,,,,,
2026-07-29T04:53:11Z,2026-07-19,2026-07-26,expensive_yes,2026-07-24,HOU@CWS,824573,HOU,CWS,,full_game_total,full game totals,6.0,YES,KXMLBTOTAL-26JUL241940HOUCWS-6,66-80c,80.0,1.75,0.1,1179,True,WIN,20.0,,,,,,,,,
2026-07-29T04:53:11Z,2026-07-19,2026-07-26,expensive_yes,2026-07-24,HOU@CWS,824573,HOU,CWS,,full_game_total,full game totals,7.0,YES,KXMLBTOTAL-26JUL241940HOUCWS-7,66-80c,72.0,1.43,0.1,1179,True,WIN,28.0,,,,,,,,,
2026-07-29T04:53:11Z,2026-07-19,2026-07-26,expensive_yes,2026-07-24,HOU@CWS,824573,HOU,CWS,,full_game_total,full game totals,8.0,YES,KXMLBTOTAL-26JUL241940HOUCWS-8,56-65c,61.0,1.16,0.1,1179,True,WIN,39.0,,,,,,,,,
2026-07-29T04:53:11Z,2026-07-19,2026-07-26,expensive_yes,2026-07-24,HOU@CWS,824573,HOU,CWS,,full_game_total,full game totals,4.0,YES,KXMLBTOTAL-26JUL241940HOUCWS-4,81-99c,93.0,2.13,0.1,1179,True,WIN,7.0,,,,,,,,,
2026-07-29T04:53:11Z,2026-07-19,2026-07-26,expensive_yes,2026-07-24,HOU@CWS,824573,HOU,CWS,CWS,team_total,team totals,4.0,YES,KXMLBTEAMTOTAL-26JUL241940HOUCWS-CWS4,56-65c,63.0,3.93,0.1,1179,True,WIN,37.0,0.2053,0.5667,,,,favorite,weak_lt_8,very_bad_5_25_plus,50_55
2026-07-29T04:53:11Z,2026-07-19,2026-07-26,expensive_yes,2026-07-24,HOU@CWS,824573,HOU,CWS,CWS,team_total,team totals,2.0,YES,KXMLBTEAMTOTAL-26JUL241940HOUCWS-CWS2,81-99c,87.0,7.4,0.1,1179,True,WIN,13.0,,,,,,favorite,weak_lt_8,very_bad_5_25_plus,50_55
2026-07-29T04:53:11Z,2026-07-19,2026-07-26,expensive_yes,2026-07-24,HOU@CWS,824573,HOU,CWS,CWS,team_total,team totals,3.0,YES,KXMLBTEAMTOTAL-26JUL241940HOUCWS-CWS3,66-80c,78.0,3.36,0.1,1179,True,WIN,22.0,,,,,,favorite,weak_lt_8,very_bad_5_25_plus,50_55
2026-07-29T04:53:11Z,2026-07-19,2026-07-26,expensive_yes,2026-07-24,HOU@CWS,824573,HOU,CWS,HOU,team_total,team totals,4.0,YES,KXMLBTEAMTOTAL-26JUL241940HOUCWS-HOU4,56-65c,59.0,4.52,0.1,1179,True,WIN,41.0,0.0313,0.531,,,,underdog,weak_lt_8,very_bad_5_25_plus,45_50
2026-07-29T04:53:11Z,2026-07-19,2026-07-26,expensive_yes,2026-07-24,HOU@CWS,824573,HOU,CWS,HOU,team_total,team totals,3.0,YES,KXMLBTEAMTOTAL-26JUL241940HOUCWS-HOU3,66-80c,72.0,3.68,0.1,1179,True,WIN,28.0,,,,,,underdog,weak_lt_8,very_bad_5_25_plus,45_50
2026-07-29T04:53:11Z,2026-07-19,2026-07-26,expensive_yes,2026-07-24,HOU@CWS,824573,HOU,CWS,HOU,team_total,team totals,2.0,YES,KXMLBTEAMTOTAL-26JUL241940HOUCWS-HOU2,81-99c,86.0,4.37,0.1,1179,True,WIN,14.0,,,,,,underdog,weak_lt_8,very_bad_5_25_plus,45_50
2026-07-29T04:53:11Z,2026-07-19,2026-07-26,expensive_yes,2026-07-24,HOU@CWS,824573,HOU,CWS,,f5_total,F5 totals,4.0,YES,KXMLBF5TOTAL-26JUL241940HOUCWS-4,66-80c,68.0,8.87,0.1,1179,True,WIN,32.0,,,,,,,,,
2026-07-29T04:53:11Z,2026-07-19,2026-07-26,expensive_yes,2026-07-24,HOU@CWS,824573,HOU,CWS,,f5_total,F5 totals,3.0,YES,KXMLBF5TOTAL-26JUL241940HOUCWS-3,81-99c,87.0,9.91,0.1,1179,True,WIN,13.0,,,,,,,,,
2026-07-29T04:53:11Z,2026-07-19,2026-07-26,expensive_yes,2026-07-24,HOU@CWS,824573,HOU,CWS,,f5_total,F5 totals,2.0,YES,KXMLBF5TOTAL-26JUL241940HOUCWS-2,81-99c,88.0,18.86,0.1,1179,True,WIN,12.0,,,,,,,,,
2026-07-29T04:53:11Z,2026-07-19,2026-07-26,expensive_yes,2026-07-24,HOU@CWS,824573,HOU,CWS,,f5_total,F5 totals,5.0,YES,KXMLBF5TOTAL-26JUL241940HOUCWS-5,56-65c,57.0,8.35,0.1,1179,True,WIN,43.0,,,,,,,,,
2026-07-29T04:53:11Z,2026-07-19,2026-07-26,expensive_yes,2026-07-24,HOU@CWS,824573,HOU,CWS,,f5_total,F5 totals,1.0,YES,KXMLBF5TOTAL-26JUL241940HOUCWS-1,81-99c,98.0,19.16,0.1,1179,True,WIN,2.0,,,,,,,,,
2026-07-29T04:53:11Z,2026-07-19,2026-07-26,expensive_yes,2026-07-24,TOR@BOS,824733,TOR,BOS,,full_game_total,full game totals,3.0,YES,KXMLBTOTAL-26JUL241915TORBOS-3,81-99c,98.0,1.56,0.6,1049,True,WIN,2.0,,,,,,,,,
2026-07-29T04:53:11Z,2026-07-19,2026-07-26,expensive_yes,2026-07-24,TOR@BOS,824733,TOR,BOS,,full_game_total,full game totals,4.0,YES,KXMLBTOTAL-26JUL241915TORBOS-4,81-99c,93.0,2.77,0.6,1049,True,WIN,7.0,,,,,,,,,
2026-07-29T04:53:11Z,2026-07-19,2026-07-26,expensive_yes,2026-07-24,TOR@BOS,824733,TOR,BOS,,full_game_total,full game totals,5.0,YES,KXMLBTOTAL-26JUL241915TORBOS-5,81-99c,89.0,1.46,0.6,1049,True,WIN,11.0,,,,,,,,,
2026-07-29T04:53:11Z,2026-07-19,2026-07-26,expensive_yes,2026-07-24,TOR@BOS,824733,TOR,BOS,,full_game_total,full game totals,7.0,YES,KXMLBTOTAL-26JUL241915TORBOS-7,66-80c,72.0,1.08,0.6,1049,True,WIN,28.0,,,,,,,,,
2026-07-29T04:53:11Z,2026-07-19,2026-07-26,expensive_yes,2026-07-24,TOR@BOS,824733,TOR,BOS,,full_game_total,full game totals,8.0,YES,KXMLBTOTAL-26JUL241915TORBOS-8,56-65c,60.0,1.11,0.6,1049,True,WIN,40.0,,,,,,,,,
2026-07-29T04:53:11Z,2026-07-19,2026-07-26,expensive_yes,2026-07-24,TOR@BOS,824733,TOR,BOS,,full_game_total,full game totals,6.0,YES,KXMLBTOTAL-26JUL241915TORBOS-6,66-80c,78.0,1.26,0.6,1049,True,WIN,22.0,,,,,,,,,
2026-07-29T04:53:11Z,2026-07-19,2026-07-26,expensive_yes,2026-07-24,TOR@BOS,824733,TOR,BOS,BOS,team_total,team totals,3.0,YES,KXMLBTEAMTOTAL-26JUL241915TORBOS-BOS3,66-80c,75.0,2.41,0.6,1049,True,WIN,25.0,,,,,,favorite,weak_lt_8,very_bad_5_25_plus,55_60
2026-07-29T04:53:11Z,2026-07-19,2026-07-26,expensive_yes,2026-07-24,TOR@BOS,824733,TOR,BOS,BOS,team_total,team totals,2.0,YES,KXMLBTEAMTOTAL-26JUL241915TORBOS-BOS2,81-99c,88.0,2.9,0.6,1049,True,WIN,12.0,,,,,,favorite,weak_lt_8,very_bad_5_25_plus,55_60
2026-07-29T04:53:11Z,2026-07-19,2026-07-26,expensive_yes,2026-07-24,TOR@BOS,824733,TOR,BOS,BOS,team_total,team totals,4.0,YES,KXMLBTEAMTOTAL-26JUL241915TORBOS-BOS4,56-65c,63.0,2.35,0.6,1049,True,WIN,37.0,0.2373,0.5667,,,,favorite,weak_lt_8,very_bad_5_25_plus,55_60
2026-07-29T04:53:11Z,2026-07-19,2026-07-26,expensive_yes,2026-07-24,TOR@BOS,824733,TOR,BOS,TOR,team_total,team totals,3.0,YES,KXMLBTEAMTOTAL-26JUL241915TORBOS-TOR3,66-80c,73.0,2.15,0.6,1049,True,WIN,27.0,,,,,,underdog,strong_18_23,good_3_75_4_25,40_45
2026-07-29T04:53:11Z,2026-07-19,2026-07-26,expensive_yes,2026-07-24,TOR@BOS,824733,TOR,BOS,TOR,team_total,team totals,2.0,YES,KXMLBTEAMTOTAL-26JUL241915TORBOS-TOR2,81-99c,86.0,1.52,0.6,1049,True,WIN,14.0,,,,,,underdog,strong_18_23,good_3_75_4_25,40_45
2026-07-29T04:53:11Z,2026-07-19,2026-07-26,expensive_yes,2026-07-24,TOR@BOS,824733,TOR,BOS,TOR,team_total,team totals,4.0,YES,KXMLBTEAMTOTAL-26JUL241915TORBOS-TOR4,56-65c,58.0,2.18,0.6,1049,True,WIN,42.0,0.0,0.531,,,,underdog,strong_18_23,good_3_75_4_25,40_45
2026-07-29T04:53:11Z,2026-07-19,2026-07-26,expensive_yes,2026-07-24,TOR@BOS,824733,TOR,BOS,,f5_total,F5 totals,3.0,YES,KXMLBF5TOTAL-26JUL241915TORBOS-3,66-80c,76.0,2.9,0.6,1049,True,WIN,24.0,,,,,,,,,
2026-07-29T04:53:11Z,2026-07-19,2026-07-26,expensive_yes,2026-07-24,TOR@BOS,824733,TOR,BOS,,f5_total,F5 totals,2.0,YES,KXMLBF5TOTAL-26JUL241915TORBOS-2,81-99c,90.0,12.9,0.6,1049,True,WIN,10.0,,,,,,,,,
2026-07-29T04:53:11Z,2026-07-19,2026-07-26,expensive_yes,2026-07-24,TOR@BOS,824733,TOR,BOS,,f5_total,F5 totals,1.0,YES,KXMLBF5TOTAL-26JUL241915TORBOS-1,81-99c,98.0,13.2,0.6,1049,True,WIN,2.0,,,,,,,,,
2026-07-29T04:53:11Z,2026-07-19,2026-07-26,expensive_yes,2026-07-24,TOR@BOS,824733,TOR,BOS,,f5_total,F5 totals,4.0,YES,KXMLBF5TOTAL-26JUL241915TORBOS-4,56-65c,65.0,2.43,0.6,1049,True,LOSE,-65.0,,,,,,,,,
2026-07-29T04:53:11Z,2026-07-19,2026-07-26,expensive_yes,2026-07-24,ATL@BAL,824812,ATL,BAL,BAL,moneyline,moneyline,,YES,KXMLBGAME-26JUL241905ATLBAL-BAL,56-65c,56.0,3.87,0.6,4295,True,LOSE,-56.0,0.013,0.472,,,,underdog,below_avg_8_13,very_bad_5_25_plus,50_55
2026-07-29T04:53:11Z,2026-07-19,2026-07-26,expensive_yes,2026-07-24,ATL@BAL,824812,ATL,BAL,,full_game_total,full game totals,8.0,YES,KXMLBTOTAL-26JUL241905ATLBAL-8,56-65c,61.0,1.1,0.6,1045,True,WIN,39.0,,,,,,,,,
2026-07-29T04:53:11Z,2026-07-19,2026-07-26,expensive_yes,2026-07-24,ATL@BAL,824812,ATL,BAL,,full_game_total,full game totals,7.0,YES,KXMLBTOTAL-26JUL241905ATLBAL-7,66-80c,72.0,1.33,0.6,1045,True,WIN,28.0,,,,,,,,,
2026-07-29T04:53:11Z,2026-07-19,2026-07-26,expensive_yes,2026-07-24,ATL@BAL,824812,ATL,BAL,,full_game_total,full game totals,6.0,YES,KXMLBTOTAL-26JUL241905ATLBAL-6,66-80c,78.0,1.34,0.6,1045,True,WIN,22.0,,,,,,,,,
2026-07-29T04:53:11Z,2026-07-19,2026-07-26,expensive_yes,2026-07-24,ATL@BAL,824812,ATL,BAL,,full_game_total,full game totals,4.0,YES,KXMLBTOTAL-26JUL241905ATLBAL-4,81-99c,93.0,1.85,0.6,1045,True,WIN,7.0,,,,,,,,,
2026-07-29T04:53:11Z,2026-07-19,2026-07-26,expensive_yes,2026-07-24,ATL@BAL,824812,ATL,BAL,,full_game_total,full game totals,5.0,YES,KXMLBTOTAL-26JUL241905ATLBAL-5,81-99c,89.0,1.39,0.6,1045,True,WIN,11.0,,,,,,,,,
2026-07-29T04:53:11Z,2026-07-19,2026-07-26,expensive_yes,2026-07-24,ATL@BAL,824812,ATL,BAL,ATL,team_total,team totals,2.0,YES,KXMLBTEAMTOTAL-26JUL241905ATLBAL-ATL2,81-99c,86.0,3.35,0.6,1045,True,WIN,14.0,,,,,,favorite,below_avg_8_13,avg_4_25_4_75,55_60
2026-07-29T04:53:11Z,2026-07-19,2026-07-26,expensive_yes,2026-07-24,ATL@BAL,824812,ATL,BAL,ATL,team_total,team totals,3.0,YES,KXMLBTEAMTOTAL-26JUL241905ATLBAL-ATL3,66-80c,73.0,3.44,0.6,1045,True,WIN,27.0,,,,,,favorite,below_avg_8_13,avg_4_25_4_75,55_60
2026-07-29T04:53:11Z,2026-07-19,2026-07-26,expensive_yes,2026-07-24,ATL@BAL,824812,ATL,BAL,ATL,team_total,team totals,4.0,YES,KXMLBTEAMTOTAL-26JUL241905ATLBAL-ATL4,56-65c,58.0,3.05,0.6,1045,True,WIN,42.0,0.0,0.531,,,,favorite,below_avg_8_13,avg_4_25_4_75,55_60
2026-07-29T04:53:11Z,2026-07-19,2026-07-26,expensive_yes,2026-07-24,ATL@BAL,824812,ATL,BAL,BAL,team_total,team totals,4.0,YES,KXMLBTEAMTOTAL-26JUL241905ATLBAL-BAL4,56-65c,61.0,3.07,0.6,1045,True,WIN,39.0,0.0095,0.531,,,,underdog,below_avg_8_13,very_bad_5_25_plus,50_55
2026-07-29T04:53:11Z,2026-07-19,2026-07-26,expensive_yes,2026-07-24,ATL@BAL,824812,ATL,BAL,BAL,team_total,team totals,2.0,YES,KXMLBTEAMTOTAL-26JUL241905ATLBAL-BAL2,81-99c,89.0,3.11,0.6,1045,True,WIN,11.0,,,,,,underdog,below_avg_8_13,very_bad_5_25_plus,50_55
2026-07-29T04:53:11Z,2026-07-19,2026-07-26,expensive_yes,2026-07-24,ATL@BAL,824812,ATL,BAL,BAL,team_total,team totals,3.0,YES,KXMLBTEAMTOTAL-26JUL241905ATLBAL-BAL3,66-80c,77.0,3.09,0.6,1045,True,WIN,23.0,,,,,,underdog,below_avg_8_13,very_bad_5_25_plus,50_55
2026-07-29T04:53:11Z,2026-07-19,2026-07-26,expensive_yes,2026-07-24,ATL@BAL,824812,ATL,BAL,,f5_total,F5 totals,3.0,YES,KXMLBF5TOTAL-26JUL241905ATLBAL-3,66-80c,80.0,13.93,0.6,1045,True,WIN,20.0,,,,,,,,,
2026-07-29T04:53:11Z,2026-07-19,2026-07-26,expensive_yes,2026-07-24,ATL@BAL,824812,ATL,BAL,,f5_total,F5 totals,1.0,YES,KXMLBF5TOTAL-26JUL241905ATLBAL-1,81-99c,98.0,12.1,0.6,1045,True,WIN,2.0,,,,,,,,,
2026-07-29T04:53:11Z,2026-07-19,2026-07-26,expensive_yes,2026-07-24,ATL@BAL,824812,ATL,BAL,,f5_total,F5 totals,2.0,YES,KXMLBF5TOTAL-26JUL241905ATLBAL-2,81-99c,89.0,16.88,0.6,1045,True,WIN,11.0,,,,,,,,,
2026-07-29T04:53:11Z,2026-07-19,2026-07-26,expensive_yes,2026-07-24,ATL@BAL,824812,ATL,BAL,,f5_total,F5 totals,4.0,YES,KXMLBF5TOTAL-26JUL241905ATLBAL-4,66-80c,67.0,12.65,0.6,1045,True,WIN,33.0,,,,,,,,,
2026-07-29T04:53:11Z,2026-07-19,2026-07-26,expensive_yes,2026-07-25,SEA@TEX,822869,SEA,TEX,,full_game_total,full game totals,4.0,YES,KXMLBTOTAL-26JUL251915SEATEX-4,81-99c,87.0,1.49,1.0,1057,True,WIN,13.0,,,,,,,,,
2026-07-29T04:53:11Z,2026-07-19,2026-07-26,expensive_yes,2026-07-25,SEA@TEX,822869,SEA,TEX,,full_game_total,full game totals,5.0,YES,KXMLBTOTAL-26JUL251915SEATEX-5,81-99c,81.0,1.38,1.0,1057,True,WIN,19.0,,,,,,,,,
2026-07-29T04:53:11Z,2026-07-19,2026-07-26,expensive_yes,2026-07-25,SEA@TEX,822869,SEA,TEX,,full_game_total,full game totals,6.0,YES,KXMLBTOTAL-26JUL251915SEATEX-6,66-80c,68.0,1.15,1.0,1057,True,WIN,32.0,,,,,,,,,
2026-07-29T04:53:11Z,2026-07-19,2026-07-26,expensive_yes,2026-07-25,SEA@TEX,822869,SEA,TEX,,full_game_total,full game totals,2.0,YES,KXMLBTOTAL-26JUL251915SEATEX-2,81-99c,98.0,2.53,1.0,1057,True,WIN,2.0,,,,,,,,,
2026-07-29T04:53:11Z,2026-07-19,2026-07-26,expensive_yes,2026-07-25,SEA@TEX,822869,SEA,TEX,,full_game_total,full game totals,3.0,YES,KXMLBTOTAL-26JUL251915SEATEX-3,81-99c,95.0,2.61,1.0,1057,True,WIN,5.0,,,,,,,,,
2026-07-29T04:53:11Z,2026-07-19,2026-07-26,expensive_yes,2026-07-25,SEA@TEX,822869,SEA,TEX,,full_game_total,full game totals,7.0,YES,KXMLBTOTAL-26JUL251915SEATEX-7,56-65c,60.0,1.36,1.0,1057,True,WIN,40.0,,,,,,,,,
2026-07-29T04:53:11Z,2026-07-19,2026-07-26,expensive_yes,2026-07-25,SEA@TEX,822869,SEA,TEX,SEA,team_total,team totals,3.0,YES,KXMLBTEAMTOTAL-26JUL251915SEATEX-SEA3,66-80c,70.0,4.11,1.0,1057,True,LOSE,-70.0,,,,,,favorite,solid_13_18,excellent_lt_3_75,45_50
2026-07-29T04:53:11Z,2026-07-19,2026-07-26,expensive_yes,2026-07-25,SEA@TEX,822869,SEA,TEX,TEX,team_total,team totals,3.0,YES,KXMLBTEAMTOTAL-26JUL251915SEATEX-TEX3,66-80c,66.0,4.07,1.0,1057,True,WIN,34.0,,,,,,underdog,solid_13_18,good_3_75_4_25,50_55
2026-07-29T04:53:11Z,2026-07-19,2026-07-26,expensive_yes,2026-07-25,SEA@TEX,822869,SEA,TEX,SEA,team_total,team totals,2.0,YES,KXMLBTEAMTOTAL-26JUL251915SEATEX-SEA2,81-99c,83.0,4.81,1.0,1057,True,LOSE,-83.0,,,,,,favorite,solid_13_18,excellent_lt_3_75,45_50
2026-07-29T04:53:11Z,2026-07-19,2026-07-26,expensive_yes,2026-07-25,SEA@TEX,822869,SEA,TEX,TEX,team_total,team totals,2.0,YES,KXMLBTEAMTOTAL-26JUL251915SEATEX-TEX2,81-99c,82.0,4.75,1.0,1057,True,WIN,18.0,,,,,,underdog,solid_13_18,good_3_75_4_25,50_55
2026-07-29T04:53:11Z,2026-07-19,2026-07-26,expensive_yes,2026-07-25,SEA@TEX,822869,SEA,TEX,SEA,f5_winner,F5 winner,,YES,KXMLBF5-26JUL251915SEATEX-SEA,56-65c,65.0,6.66,1.0,1057,True,LOSE,-65.0,,,,,,favorite,solid_13_18,excellent_lt_3_75,45_50
2026-07-29T04:53:11Z,2026-07-19,2026-07-26,expensive_yes,2026-07-25,SEA@TEX,822869,SEA,TEX,,f5_total,F5 totals,4.0,YES,KXMLBF5TOTAL-26JUL251915SEATEX-4,56-65c,56.0,5.4,1.0,1057,True,WIN,44.0,,,,,,,,,
2026-07-29T04:53:11Z,2026-07-19,2026-07-26,expensive_yes,2026-07-25,SEA@TEX,822869,SEA,TEX,,f5_total,F5 totals,3.0,YES,KXMLBF5TOTAL-26JUL251915SEATEX-3,66-80c,72.0,7.85,1.0,1057,True,WIN,28.0,,,,,,,,,
2026-07-29T04:53:11Z,2026-07-19,2026-07-26,expensive_yes,2026-07-25,SEA@TEX,822869,SEA,TEX,,f5_total,F5 totals,2.0,YES,KXMLBF5TOTAL-26JUL251915SEATEX-2,81-99c,86.0,12.73,1.0,1057,True,WIN,14.0,,,,,,,,,
2026-07-29T04:53:11Z,2026-07-19,2026-07-26,expensive_yes,2026-07-25,SEA@TEX,822869,SEA,TEX,,f5_total,F5 totals,1.0,YES,KXMLBF5TOTAL-26JUL251915SEATEX-1,81-99c,96.0,13.43,1.0,1057,True,WIN,4.0,,,,,,,,,
2026-07-29T04:53:11Z,2026-07-19,2026-07-26,expensive_yes,2026-07-25,CLE@TB,822948,CLE,TB,,full_game_total,full game totals,5.0,YES,KXMLBTOTAL-26JUL251810CLETB-5,81-99c,84.0,1.78,1.9,1036,True,LOSE,-84.0,,,,,,,,,
2026-07-29T04:53:11Z,2026-07-19,2026-07-26,expensive_yes,2026-07-25,CLE@TB,822948,CLE,TB,,full_game_total,full game totals,3.0,YES,KXMLBTOTAL-26JUL251810CLETB-3,81-99c,97.0,2.35,1.9,1036,True,WIN,3.0,,,,,,,,,
2026-07-29T04:53:11Z,2026-07-19,2026-07-26,expensive_yes,2026-07-25,CLE@TB,822948,CLE,TB,,full_game_total,full game totals,2.0,YES,KXMLBTOTAL-26JUL251810CLETB-2,81-99c,99.0,2.08,1.9,1036,True,WIN,1.0,,,,,,,,,
2026-07-29T04:53:11Z,2026-07-19,2026-07-26,expensive_yes,2026-07-25,CLE@TB,822948,CLE,TB,,full_game_total,full game totals,4.0,YES,KXMLBTOTAL-26JUL251810CLETB-4,81-99c,90.0,1.53,1.9,1036,True,LOSE,-90.0,,,,,,,,,
2026-07-29T04:53:11Z,2026-07-19,2026-07-26,expensive_yes,2026-07-25,CLE@TB,822948,CLE,TB,,full_game_total,full game totals,6.0,YES,KXMLBTOTAL-26JUL251810CLETB-6,66-80c,73.0,1.43,1.9,1036,True,LOSE,-73.0,,,,,,,,,
2026-07-29T04:53:11Z,2026-07-19,2026-07-26,expensive_yes,2026-07-25,CLE@TB,822948,CLE,TB,,full_game_total,full game totals,7.0,YES,KXMLBTOTAL-26JUL251810CLETB-7,56-65c,65.0,1.38,1.9,1036,True,LOSE,-65.0,,,,,,,,,
2026-07-29T04:53:11Z,2026-07-19,2026-07-26,expensive_yes,2026-07-25,CLE@TB,822948,CLE,TB,TB,team_total,team totals,2.0,YES,KXMLBTEAMTOTAL-26JUL251810CLETB-TB2,81-99c,85.0,8.15,1.9,1036,True,WIN,15.0,,,,,,favorite,below_avg_8_13,very_bad_5_25_plus,45_50
2026-07-29T04:53:11Z,2026-07-19,2026-07-26,expensive_yes,2026-07-25,CLE@TB,822948,CLE,TB,CLE,team_total,team totals,3.0,YES,KXMLBTEAMTOTAL-26JUL251810CLETB-CLE3,66-80c,68.0,5.71,1.9,1036,True,LOSE,-68.0,,,,,,underdog,weak_lt_8,very_bad_5_25_plus,45_50
2026-07-29T04:53:11Z,2026-07-19,2026-07-26,expensive_yes,2026-07-25,CLE@TB,822948,CLE,TB,TB,team_total,team totals,3.0,YES,KXMLBTEAMTOTAL-26JUL251810CLETB-TB3,66-80c,72.0,5.66,1.9,1036,True,WIN,28.0,,,,,,favorite,below_avg_8_13,very_bad_5_25_plus,45_50
2026-07-29T04:53:11Z,2026-07-19,2026-07-26,expensive_yes,2026-07-25,CLE@TB,822948,CLE,TB,CLE,team_total,team totals,2.0,YES,KXMLBTEAMTOTAL-26JUL251810CLETB-CLE2,81-99c,83.0,5.75,1.9,1036,True,LOSE,-83.0,,,,,,underdog,weak_lt_8,very_bad_5_25_plus,45_50
2026-07-29T04:53:11Z,2026-07-19,2026-07-26,expensive_yes,2026-07-25,CLE@TB,822948,CLE,TB,TB,team_total,team totals,4.0,YES,KXMLBTEAMTOTAL-26JUL251810CLETB-TB4,56-65c,56.0,7.02,1.9,1036,True,LOSE,-56.0,0.0565,0.531,,,,favorite,below_avg_8_13,very_bad_5_25_plus,45_50
2026-07-29T04:53:11Z,2026-07-19,2026-07-26,expensive_yes,2026-07-25,CLE@TB,822948,CLE,TB,,f5_total,F5 totals,3.0,YES,KXMLBF5TOTAL-26JUL251810CLETB-3,66-80c,75.0,10.12,1.9,1036,True,LOSE,-75.0,,,,,,,,,
2026-07-29T04:53:11Z,2026-07-19,2026-07-26,expensive_yes,2026-07-25,CLE@TB,822948,CLE,TB,,f5_total,F5 totals,4.0,YES,KXMLBF5TOTAL-26JUL251810CLETB-4,56-65c,62.0,7.78,1.9,1036,True,LOSE,-62.0,,,,,,,,,
2026-07-29T04:53:11Z,2026-07-19,2026-07-26,expensive_yes,2026-07-25,CLE@TB,822948,CLE,TB,,f5_total,F5 totals,2.0,YES,KXMLBF5TOTAL-26JUL251810CLETB-2,81-99c,87.0,15.12,1.9,1036,True,WIN,13.0,,,,,,,,,
2026-07-29T04:53:11Z,2026-07-19,2026-07-26,expensive_yes,2026-07-25,CLE@TB,822948,CLE,TB,,f5_total,F5 totals,1.0,YES,KXMLBF5TOTAL-26JUL251810CLETB-1,81-99c,97.0,15.55,1.9,1036,True,WIN,3.0,,,,,,,,,
2026-07-29T04:53:11Z,2026-07-19,2026-07-26,expensive_yes,2026-07-25,CIN@STL,823027,CIN,STL,,full_game_total,full game totals,3.0,YES,KXMLBTOTAL-26JUL251915CINSTL-3,81-99c,97.0,2.89,1.0,1057,True,WIN,3.0,,,,,,,,,
2026-07-29T04:53:11Z,2026-07-19,2026-07-26,expensive_yes,2026-07-25,CIN@STL,823027,CIN,STL,,full_game_total,full game totals,7.0,YES,KXMLBTOTAL-26JUL251915CINSTL-7,66-80c,66.0,1.07,1.0,1057,True,WIN,34.0,,,,,,,,,
2026-07-29T04:53:11Z,2026-07-19,2026-07-26,expensive_yes,2026-07-25,CIN@STL,823027,CIN,STL,,full_game_total,full game totals,4.0,YES,KXMLBTOTAL-26JUL251915CINSTL-4,81-99c,90.0,2.42,1.0,1057,True,WIN,10.0,,,,,,,,,
2026-07-29T04:53:11Z,2026-07-19,2026-07-26,expensive_yes,2026-07-25,CIN@STL,823027,CIN,STL,,full_game_total,full game totals,5.0,YES,KXMLBTOTAL-26JUL251915CINSTL-5,81-99c,85.0,1.22,1.0,1057,True,WIN,15.0,,,,,,,,,
2026-07-29T04:53:11Z,2026-07-19,2026-07-26,expensive_yes,2026-07-25,CIN@STL,823027,CIN,STL,,full_game_total,full game totals,6.0,YES,KXMLBTOTAL-26JUL251915CINSTL-6,66-80c,74.0,1.47,1.0,1057,True,WIN,26.0,,,,,,,,,
2026-07-29T04:53:11Z,2026-07-19,2026-07-26,expensive_yes,2026-07-25,CIN@STL,823027,CIN,STL,STL,team_total,team totals,3.0,YES,KXMLBTEAMTOTAL-26JUL251915CINSTL-STL3,66-80c,72.0,4.29,1.0,1057,True,WIN,28.0,,,,,,favorite,elite_23_plus,excellent_lt_3_75,40_45
2026-07-29T04:53:11Z,2026-07-19,2026-07-26,expensive_yes,2026-07-25,CIN@STL,823027,CIN,STL,CIN,team_total,team totals,3.0,YES,KXMLBTEAMTOTAL-26JUL251915CINSTL-CIN3,66-80c,72.0,4.13,1.0,1057,True,LOSE,-72.0,,,,,,underdog,weak_lt_8,bad_4_75_5_25,45_50
2026-07-29T04:53:11Z,2026-07-19,2026-07-26,expensive_yes,2026-07-25,CIN@STL,823027,CIN,STL,CIN,team_total,team totals,4.0,YES,KXMLBTEAMTOTAL-26JUL251915CINSTL-CIN4,56-65c,56.0,5.38,1.0,1057,True,LOSE,-56.0,0.0481,0.531,,,,underdog,weak_lt_8,bad_4_75_5_25,45_50
2026-07-29T04:53:11Z,2026-07-19,2026-07-26,expensive_yes,2026-07-25,CIN@STL,823027,CIN,STL,STL,team_total,team totals,2.0,YES,KXMLBTEAMTOTAL-26JUL251915CINSTL-STL2,81-99c,86.0,4.39,1.0,1057,True,WIN,14.0,,,,,,favorite,elite_23_plus,excellent_lt_3_75,40_45
2026-07-29T04:53:11Z,2026-07-19,2026-07-26,expensive_yes,2026-07-25,CIN@STL,823027,CIN,STL,CIN,team_total,team totals,2.0,YES,KXMLBTEAMTOTAL-26JUL251915CINSTL-CIN2,81-99c,82.0,3.99,1.0,1057,True,LOSE,-82.0,,,,,,underdog,weak_lt_8,bad_4_75_5_25,45_50
2026-07-29T04:53:11Z,2026-07-19,2026-07-26,expensive_yes,2026-07-25,CIN@STL,823027,CIN,STL,,f5_total,F5 totals,4.0,YES,KXMLBF5TOTAL-26JUL251915CINSTL-4,56-65c,61.0,5.18,1.0,1057,True,LOSE,-61.0,,,,,,,,,
2026-07-29T04:53:11Z,2026-07-19,2026-07-26,expensive_yes,2026-07-25,CIN@STL,823027,CIN,STL,,f5_total,F5 totals,3.0,YES,KXMLBF5TOTAL-26JUL251915CINSTL-3,66-80c,75.0,10.04,1.0,1057,True,LOSE,-75.0,,,,,,,,,
2026-07-29T04:53:11Z,2026-07-19,2026-07-26,expensive_yes,2026-07-25,CIN@STL,823027,CIN,STL,,f5_total,F5 totals,2.0,YES,KXMLBF5TOTAL-26JUL251915CINSTL-2,81-99c,88.0,13.53,1.0,1057,True,LOSE,-88.0,,,,,,,,,
2026-07-29T04:53:11Z,2026-07-19,2026-07-26,expensive_yes,2026-07-25,CIN@STL,823027,CIN,STL,,f5_total,F5 totals,1.0,YES,KXMLBF5TOTAL-26JUL251915CINSTL-1,81-99c,97.0,16.01,1.0,1057,True,WIN,3.0,,,,,,,,,
2026-07-29T04:53:11Z,2026-07-19,2026-07-26,expensive_yes,2026-07-25,LAA@SF,823197,LAA,SF,,full_game_total,full game totals,4.0,YES,KXMLBTOTAL-26JUL251605LAASF-4,81-99c,94.0,1.79,0.4,958,True,WIN,6.0,,,,,,,,,
2026-07-29T04:53:11Z,2026-07-19,2026-07-26,expensive_yes,2026-07-25,LAA@SF,823197,LAA,SF,,full_game_total,full game totals,3.0,YES,KXMLBTOTAL-26JUL251605LAASF-3,81-99c,99.0,3.11,0.4,958,True,WIN,1.0,,,,,,,,,
2026-07-29T04:53:11Z,2026-07-19,2026-07-26,expensive_yes,2026-07-25,LAA@SF,823197,LAA,SF,,full_game_total,full game totals,9.0,YES,KXMLBTOTAL-26JUL251605LAASF-9,56-65c,57.0,1.15,0.4,957,True,WIN,43.0,,,,,,,,,
2026-07-29T04:53:11Z,2026-07-19,2026-07-26,expensive_yes,2026-07-25,LAA@SF,823197,LAA,SF,,full_game_total,full game totals,8.0,YES,KXMLBTOTAL-26JUL251605LAASF-8,56-65c,65.0,1.09,0.4,958,True,WIN,35.0,,,,,,,,,
2026-07-29T04:53:11Z,2026-07-19,2026-07-26,expensive_yes,2026-07-25,LAA@SF,823197,LAA,SF,,full_game_total,full game totals,5.0,YES,KXMLBTOTAL-26JUL251605LAASF-5,81-99c,90.0,1.21,0.4,958,True,WIN,10.0,,,,,,,,,
2026-07-29T04:53:11Z,2026-07-19,2026-07-26,expensive_yes,2026-07-25,LAA@SF,823197,LAA,SF,,full_game_total,full game totals,7.0,YES,KXMLBTOTAL-26JUL251605LAASF-7,66-80c,74.0,1.19,0.4,958,True,WIN,26.0,,,,,,,,,
2026-07-29T04:53:11Z,2026-07-19,2026-07-26,expensive_yes,2026-07-25,LAA@SF,823197,LAA,SF,,full_game_total,full game totals,6.0,YES,KXMLBTOTAL-26JUL251605LAASF-6,81-99c,82.0,1.34,0.4,958,True,WIN,18.0,,,,,,,,,
2026-07-29T04:53:11Z,2026-07-19,2026-07-26,expensive_yes,2026-07-25,LAA@SF,823197,LAA,SF,LAA,team_total,team totals,2.0,YES,KXMLBTEAMTOTAL-26JUL251605LAASF-LAA2,81-99c,86.0,3.35,0.4,958,True,WIN,14.0,,,,,,underdog,weak_lt_8,very_bad_5_25_plus,lt_40
2026-07-29T04:53:11Z,2026-07-19,2026-07-26,expensive_yes,2026-07-25,LAA@SF,823197,LAA,SF,SF,team_total,team totals,2.0,YES,KXMLBTEAMTOTAL-26JUL251605LAASF-SF2,81-99c,90.0,5.35,0.4,958,True,WIN,10.0,,,,,,favorite,weak_lt_8,very_bad_5_25_plus,45_50
2026-07-29T04:53:11Z,2026-07-19,2026-07-26,expensive_yes,2026-07-25,LAA@SF,823197,LAA,SF,LAA,team_total,team totals,3.0,YES,KXMLBTEAMTOTAL-26JUL251605LAASF-LAA3,66-80c,74.0,3.36,0.4,958,True,LOSE,-74.0,,,,,,underdog,weak_lt_8,very_bad_5_25_plus,lt_40
2026-07-29T04:53:11Z,2026-07-19,2026-07-26,expensive_yes,2026-07-25,LAA@SF,823197,LAA,SF,LAA,team_total,team totals,4.0,YES,KXMLBTEAMTOTAL-26JUL251605LAASF-LAA4,56-65c,60.0,2.86,0.4,958,True,LOSE,-60.0,0.0085,0.531,,,,underdog,weak_lt_8,very_bad_5_25_plus,lt_40
2026-07-29T04:53:11Z,2026-07-19,2026-07-26,expensive_yes,2026-07-25,LAA@SF,823197,LAA,SF,SF,team_total,team totals,3.0,YES,KXMLBTEAMTOTAL-26JUL251605LAASF-SF3,66-80c,76.0,4.99,0.4,958,True,WIN,24.0,,,,,,favorite,weak_lt_8,very_bad_5_25_plus,45_50
2026-07-29T04:53:11Z,2026-07-19,2026-07-26,expensive_yes,2026-07-25,LAA@SF,823197,LAA,SF,SF,team_total,team totals,4.0,YES,KXMLBTEAMTOTAL-26JUL251605LAASF-SF4,56-65c,64.0,4.63,0.4,958,True,WIN,36.0,0.1925,0.5883,,,,favorite,weak_lt_8,very_bad_5_25_plus,45_50
2026-07-29T04:53:11Z,2026-07-19,2026-07-26,expensive_yes,2026-07-25,LAA@SF,823197,LAA,SF,,f5_total,F5 totals,1.0,YES,KXMLBF5TOTAL-26JUL251605LAASF-1,81-99c,96.0,15.49,0.4,958,True,WIN,4.0,,,,,,,,,
2026-07-29T04:53:11Z,2026-07-19,2026-07-26,expensive_yes,2026-07-25,LAA@SF,823197,LAA,SF,,f5_total,F5 totals,5.0,YES,KXMLBF5TOTAL-26JUL251605LAASF-5,56-65c,58.0,4.86,0.4,958,True,WIN,42.0,,,,,,,,,
2026-07-29T04:53:11Z,2026-07-19,2026-07-26,expensive_yes,2026-07-25,LAA@SF,823197,LAA,SF,,f5_total,F5 totals,3.0,YES,KXMLBF5TOTAL-26JUL251605LAASF-3,81-99c,83.0,8.08,0.4,958,True,WIN,17.0,,,,,,,,,
2026-07-29T04:53:11Z,2026-07-19,2026-07-26,expensive_yes,2026-07-25,LAA@SF,823197,LAA,SF,,f5_total,F5 totals,4.0,YES,KXMLBF5TOTAL-26JUL251605LAASF-4,66-80c,71.0,5.24,0.4,958,True,WIN,29.0,,,,,,,,,
2026-07-29T04:53:11Z,2026-07-19,2026-07-26,expensive_yes,2026-07-25,LAA@SF,823197,LAA,SF,,f5_total,F5 totals,2.0,YES,KXMLBF5TOTAL-26JUL251605LAASF-2,81-99c,90.0,14.84,0.4,958,True,WIN,10.0,,,,,,,,,
2026-07-29T04:53:11Z,2026-07-19,2026-07-26,expensive_yes,2026-07-25,CHC@PIT,823355,CHC,PIT,,full_game_total,full game totals,3.0,YES,KXMLBTOTAL-26JUL251840CHCPIT-3,81-99c,96.0,2.63,0.9,1050,True,WIN,4.0,,,,,,,,,
2026-07-29T04:53:11Z,2026-07-19,2026-07-26,expensive_yes,2026-07-25,CHC@PIT,823355,CHC,PIT,,full_game_total,full game totals,4.0,YES,KXMLBTOTAL-26JUL251840CHCPIT-4,81-99c,89.0,1.72,0.9,1050,True,WIN,11.0,,,,,,,,,
2026-07-29T04:53:11Z,2026-07-19,2026-07-26,expensive_yes,2026-07-25,CHC@PIT,823355,CHC,PIT,,full_game_total,full game totals,5.0,YES,KXMLBTOTAL-26JUL251840CHCPIT-5,81-99c,83.0,1.59,0.9,1050,True,WIN,17.0,,,,,,,,,
2026-07-29T04:53:11Z,2026-07-19,2026-07-26,expensive_yes,2026-07-25,CHC@PIT,823355,CHC,PIT,,full_game_total,full game totals,6.0,YES,KXMLBTOTAL-26JUL251840CHCPIT-6,66-80c,72.0,1.2,0.9,1050,True,WIN,28.0,,,,,,,,,
2026-07-29T04:53:11Z,2026-07-19,2026-07-26,expensive_yes,2026-07-25,CHC@PIT,823355,CHC,PIT,,full_game_total,full game totals,7.0,YES,KXMLBTOTAL-26JUL251840CHCPIT-7,56-65c,63.0,1.33,0.9,1050,True,WIN,37.0,,,,,,,,,
2026-07-29T04:53:11Z,2026-07-19,2026-07-26,expensive_yes,2026-07-25,CHC@PIT,823355,CHC,PIT,,full_game_total,full game totals,2.0,YES,KXMLBTOTAL-26JUL251840CHCPIT-2,81-99c,99.0,2.96,0.9,1050,True,WIN,1.0,,,,,,,,,
2026-07-29T04:53:11Z,2026-07-19,2026-07-26,expensive_yes,2026-07-25,CHC@PIT,823355,CHC,PIT,PIT,team_total,team totals,2.0,YES,KXMLBTEAMTOTAL-26JUL251840CHCPIT-PIT2,81-99c,86.0,5.24,0.9,1050,True,LOSE,-86.0,,,,,,underdog,solid_13_18,excellent_lt_3_75,55_60
2026-07-29T04:53:11Z,2026-07-19,2026-07-26,expensive_yes,2026-07-25,CHC@PIT,823355,CHC,PIT,CHC,team_total,team totals,3.0,YES,KXMLBTEAMTOTAL-26JUL251840CHCPIT-CHC3,66-80c,67.0,4.64,0.9,1050,True,WIN,33.0,,,,,,favorite,solid_13_18,good_3_75_4_25,50_55
2026-07-29T04:53:11Z,2026-07-19,2026-07-26,expensive_yes,2026-07-25,CHC@PIT,823355,CHC,PIT,CHC,team_total,team totals,2.0,YES,KXMLBTEAMTOTAL-26JUL251840CHCPIT-CHC2,81-99c,82.0,4.82,0.9,1050,True,WIN,18.0,,,,,,favorite,solid_13_18,good_3_75_4_25,50_55
2026-07-29T04:53:11Z,2026-07-19,2026-07-26,expensive_yes,2026-07-25,CHC@PIT,823355,CHC,PIT,PIT,team_total,team totals,3.0,YES,KXMLBTEAMTOTAL-26JUL251840CHCPIT-PIT3,66-80c,71.0,4.28,0.9,1050,True,LOSE,-71.0,,,,,,underdog,solid_13_18,excellent_lt_3_75,55_60
2026-07-29T04:53:11Z,2026-07-19,2026-07-26,expensive_yes,2026-07-25,CHC@PIT,823355,CHC,PIT,,f5_total,F5 totals,3.0,YES,KXMLBF5TOTAL-26JUL251840CHCPIT-3,66-80c,70.0,7.05,0.9,1050,True,WIN,30.0,,,,,,,,,
2026-07-29T04:53:11Z,2026-07-19,2026-07-26,expensive_yes,2026-07-25,CHC@PIT,823355,CHC,PIT,,f5_total,F5 totals,4.0,YES,KXMLBF5TOTAL-26JUL251840CHCPIT-4,56-65c,56.0,5.47,0.9,1050,True,LOSE,-56.0,,,,,,,,,
2026-07-29T04:53:11Z,2026-07-19,2026-07-26,expensive_yes,2026-07-25,CHC@PIT,823355,CHC,PIT,,f5_total,F5 totals,2.0,YES,KXMLBF5TOTAL-26JUL251840CHCPIT-2,81-99c,84.0,8.76,0.9,1050,True,WIN,16.0,,,,,,,,,
2026-07-29T04:53:11Z,2026-07-19,2026-07-26,expensive_yes,2026-07-25,CHC@PIT,823355,CHC,PIT,,f5_total,F5 totals,1.0,YES,KXMLBF5TOTAL-26JUL251840CHCPIT-1,81-99c,96.0,14.03,0.9,1050,True,WIN,4.0,,,,,,,,,
2026-07-29T04:53:11Z,2026-07-19,2026-07-26,expensive_yes,2026-07-25,NYY@PHI,823435,NYY,PHI,,full_game_total,full game totals,6.0,YES,KXMLBTOTAL-26JUL251805NYYPHI-6,81-99c,81.0,1.49,1.2,954,True,LOSE,-81.0,,,,,,,,,
2026-07-29T04:53:11Z,2026-07-19,2026-07-26,expensive_yes,2026-07-25,NYY@PHI,823435,NYY,PHI,,full_game_total,full game totals,7.0,YES,KXMLBTOTAL-26JUL251805NYYPHI-7,66-80c,74.0,1.16,1.2,954,True,LOSE,-74.0,,,,,,,,,
2026-07-29T04:53:11Z,2026-07-19,2026-07-26,expensive_yes,2026-07-25,NYY@PHI,823435,NYY,PHI,,full_game_total,full game totals,4.0,YES,KXMLBTOTAL-26JUL251805NYYPHI-4,81-99c,93.0,1.96,1.2,954,True,WIN,7.0,,,,,,,,,
2026-07-29T04:53:11Z,2026-07-19,2026-07-26,expensive_yes,2026-07-25,NYY@PHI,823435,NYY,PHI,,full_game_total,full game totals,5.0,YES,KXMLBTOTAL-26JUL251805NYYPHI-5,81-99c,89.0,1.22,1.2,954,True,LOSE,-89.0,,,,,,,,,
2026-07-29T04:53:11Z,2026-07-19,2026-07-26,expensive_yes,2026-07-25,NYY@PHI,823435,NYY,PHI,,full_game_total,full game totals,3.0,YES,KXMLBTOTAL-26JUL251805NYYPHI-3,81-99c,98.0,3.04,1.2,954,True,WIN,2.0,,,,,,,,,
2026-07-29T04:53:11Z,2026-07-19,2026-07-26,expensive_yes,2026-07-25,NYY@PHI,823435,NYY,PHI,,full_game_total,full game totals,8.0,YES,KXMLBTOTAL-26JUL251805NYYPHI-8,56-65c,63.0,1.01,1.2,954,True,LOSE,-63.0,,,,,,,,,
2026-07-29T04:53:11Z,2026-07-19,2026-07-26,expensive_yes,2026-07-25,NYY@PHI,823435,NYY,PHI,,full_game_total,full game totals,9.0,YES,KXMLBTOTAL-26JUL251805NYYPHI-9,56-65c,56.0,1.24,1.2,954,True,LOSE,-56.0,,,,,,,,,
2026-07-29T04:53:11Z,2026-07-19,2026-07-26,expensive_yes,2026-07-25,NYY@PHI,823435,NYY,PHI,NYY,team_total,team totals,3.0,YES,KXMLBTEAMTOTAL-26JUL251805NYYPHI-NYY3,66-80c,75.0,1.18,1.2,954,True,WIN,25.0,,,,,,favorite,strong_18_23,good_3_75_4_25,45_50
2026-07-29T04:53:11Z,2026-07-19,2026-07-26,expensive_yes,2026-07-25,NYY@PHI,823435,NYY,PHI,NYY,team_total,team totals,2.0,YES,KXMLBTEAMTOTAL-26JUL251805NYYPHI-NYY2,81-99c,87.0,1.99,1.2,954,True,WIN,13.0,,,,,,favorite,strong_18_23,good_3_75_4_25,45_50
2026-07-29T04:53:11Z,2026-07-19,2026-07-26,expensive_yes,2026-07-25,NYY@PHI,823435,NYY,PHI,PHI,team_total,team totals,4.0,YES,KXMLBTEAMTOTAL-26JUL251805NYYPHI-PHI4,56-65c,59.0,2.53,1.2,954,True,LOSE,-59.0,0.0449,0.531,,,,underdog,solid_13_18,good_3_75_4_25,40_45
2026-07-29T04:53:11Z,2026-07-19,2026-07-26,expensive_yes,2026-07-25,NYY@PHI,823435,NYY,PHI,PHI,team_total,team totals,3.0,YES,KXMLBTEAMTOTAL-26JUL251805NYYPHI-PHI3,66-80c,72.0,1.62,1.2,954,True,LOSE,-72.0,,,,,,underdog,solid_13_18,good_3_75_4_25,40_45
2026-07-29T04:53:11Z,2026-07-19,2026-07-26,expensive_yes,2026-07-25,NYY@PHI,823435,NYY,PHI,NYY,team_total,team totals,4.0,YES,KXMLBTEAMTOTAL-26JUL251805NYYPHI-NYY4,56-65c,63.0,1.11,1.2,954,True,LOSE,-63.0,0.0,0.531,,,,favorite,strong_18_23,good_3_75_4_25,45_50
2026-07-29T04:53:11Z,2026-07-19,2026-07-26,expensive_yes,2026-07-25,NYY@PHI,823435,NYY,PHI,PHI,team_total,team totals,2.0,YES,KXMLBTEAMTOTAL-26JUL251805NYYPHI-PHI2,81-99c,86.0,3.38,1.2,954,True,LOSE,-86.0,,,,,,underdog,solid_13_18,good_3_75_4_25,40_45
2026-07-29T04:53:11Z,2026-07-19,2026-07-26,expensive_yes,2026-07-25,NYY@PHI,823435,NYY,PHI,,f5_total,F5 totals,1.0,YES,KXMLBF5TOTAL-26JUL251805NYYPHI-1,81-99c,99.0,12.04,1.2,954,True,WIN,1.0,,,,,,,,,
2026-07-29T04:53:11Z,2026-07-19,2026-07-26,expensive_yes,2026-07-25,NYY@PHI,823435,NYY,PHI,,f5_total,F5 totals,2.0,YES,KXMLBF5TOTAL-26JUL251805NYYPHI-2,81-99c,91.0,10.67,1.2,954,True,WIN,9.0,,,,,,,,,
2026-07-29T04:53:11Z,2026-07-19,2026-07-26,expensive_yes,2026-07-25,NYY@PHI,823435,NYY,PHI,,f5_total,F5 totals,5.0,YES,KXMLBF5TOTAL-26JUL251805NYYPHI-5,56-65c,56.0,2.09,1.2,954,True,LOSE,-56.0,,,,,,,,,
2026-07-29T04:53:11Z,2026-07-19,2026-07-26,expensive_yes,2026-07-25,NYY@PHI,823435,NYY,PHI,,f5_total,F5 totals,4.0,YES,KXMLBF5TOTAL-26JUL251805NYYPHI-4,66-80c,68.0,4.04,1.2,954,True,LOSE,-68.0,,,,,,,,,
2026-07-29T04:53:11Z,2026-07-19,2026-07-26,expensive_yes,2026-07-25,NYY@PHI,823435,NYY,PHI,,f5_total,F5 totals,3.0,YES,KXMLBF5TOTAL-26JUL251805NYYPHI-3,81-99c,81.0,8.51,1.2,954,True,LOSE,-81.0,,,,,,,,,
2026-07-29T04:53:11Z,2026-07-19,2026-07-26,expensive_yes,2026-07-25,LAD@NYM,823600,LAD,NYM,LAD,moneyline,moneyline,,YES,KXMLBGAME-26JUL251915LADNYM-LAD,56-65c,60.0,2.44,1.0,4336,True,WIN,40.0,0.1576,0.5039,,,,favorite,below_avg_8_13,bad_4_75_5_25,45_50
2026-07-29T04:53:11Z,2026-07-19,2026-07-26,expensive_yes,2026-07-25,LAD@NYM,823600,LAD,NYM,,full_game_total,full game totals,5.0,YES,KXMLBTOTAL-26JUL251915LADNYM-5,66-80c,80.0,1.33,1.0,1057,True,WIN,20.0,,,,,,,,,
2026-07-29T04:53:11Z,2026-07-19,2026-07-26,expensive_yes,2026-07-25,LAD@NYM,823600,LAD,NYM,,full_game_total,full game totals,6.0,YES,KXMLBTOTAL-26JUL251915LADNYM-6,66-80c,69.0,1.47,1.0,1057,True,WIN,31.0,,,,,,,,,
2026-07-29T04:53:11Z,2026-07-19,2026-07-26,expensive_yes,2026-07-25,LAD@NYM,823600,LAD,NYM,,full_game_total,full game totals,7.0,YES,KXMLBTOTAL-26JUL251915LADNYM-7,56-65c,59.0,1.4,1.0,1057,True,WIN,41.0,,,,,,,,,
2026-07-29T04:53:11Z,2026-07-19,2026-07-26,expensive_yes,2026-07-25,LAD@NYM,823600,LAD,NYM,,full_game_total,full game totals,3.0,YES,KXMLBTOTAL-26JUL251915LADNYM-3,81-99c,95.0,2.57,1.0,1057,True,WIN,5.0,,,,,,,,,
2026-07-29T04:53:11Z,2026-07-19,2026-07-26,expensive_yes,2026-07-25,LAD@NYM,823600,LAD,NYM,,full_game_total,full game totals,4.0,YES,KXMLBTOTAL-26JUL251915LADNYM-4,81-99c,86.0,2.42,1.0,1057,True,WIN,14.0,,,,,,,,,
2026-07-29T04:53:11Z,2026-07-19,2026-07-26,expensive_yes,2026-07-25,LAD@NYM,823600,LAD,NYM,LAD,team_total,team totals,3.0,YES,KXMLBTEAMTOTAL-26JUL251915LADNYM-LAD3,66-80c,72.0,4.06,1.0,1057,True,WIN,28.0,,,,,,favorite,below_avg_8_13,bad_4_75_5_25,45_50
2026-07-29T04:53:11Z,2026-07-19,2026-07-26,expensive_yes,2026-07-25,LAD@NYM,823600,LAD,NYM,LAD,team_total,team totals,2.0,YES,KXMLBTEAMTOTAL-26JUL251915LADNYM-LAD2,81-99c,85.0,4.66,1.0,1057,True,WIN,15.0,,,,,,favorite,below_avg_8_13,bad_4_75_5_25,45_50
2026-07-29T04:53:11Z,2026-07-19,2026-07-26,expensive_yes,2026-07-25,LAD@NYM,823600,LAD,NYM,NYM,team_total,team totals,3.0,YES,KXMLBTEAMTOTAL-26JUL251915LADNYM-NYM3,56-65c,61.0,4.03,1.0,1057,True,WIN,39.0,,,,,,underdog,solid_13_18,good_3_75_4_25,40_45
2026-07-29T04:53:11Z,2026-07-19,2026-07-26,expensive_yes,2026-07-25,LAD@NYM,823600,LAD,NYM,LAD,team_total,team totals,4.0,YES,KXMLBTEAMTOTAL-26JUL251915LADNYM-LAD4,56-65c,59.0,3.86,1.0,1057,True,WIN,41.0,0.1833,0.5883,,,,favorite,below_avg_8_13,bad_4_75_5_25,45_50
2026-07-29T04:53:11Z,2026-07-19,2026-07-26,expensive_yes,2026-07-25,LAD@NYM,823600,LAD,NYM,NYM,team_total,team totals,2.0,YES,KXMLBTEAMTOTAL-26JUL251915LADNYM-NYM2,66-80c,78.0,4.3,1.0,1057,True,WIN,22.0,,,,,,underdog,solid_13_18,good_3_75_4_25,40_45
2026-07-29T04:53:11Z,2026-07-19,2026-07-26,expensive_yes,2026-07-25,LAD@NYM,823600,LAD,NYM,,f5_total,F5 totals,3.0,YES,KXMLBF5TOTAL-26JUL251915LADNYM-3,66-80c,70.0,7.29,1.0,1057,True,WIN,30.0,,,,,,,,,
2026-07-29T04:53:11Z,2026-07-19,2026-07-26,expensive_yes,2026-07-25,LAD@NYM,823600,LAD,NYM,,f5_total,F5 totals,2.0,YES,KXMLBF5TOTAL-26JUL251915LADNYM-2,81-99c,84.0,12.97,1.0,1057,True,WIN,16.0,,,,,,,,,
2026-07-29T04:53:11Z,2026-07-19,2026-07-26,expensive_yes,2026-07-25,LAD@NYM,823600,LAD,NYM,,f5_total,F5 totals,1.0,YES,KXMLBF5TOTAL-26JUL251915LADNYM-1,81-99c,95.0,15.07,1.0,1057,True,WIN,5.0,,,,,,,,,
2026-07-29T04:53:11Z,2026-07-19,2026-07-26,expensive_yes,2026-07-25,ATH@MIN,823679,ATH,MIN,MIN,moneyline,moneyline,,YES,KXMLBGAME-26JUL251910ATHMIN-MIN,56-65c,59.0,3.69,1.9,4333,True,WIN,41.0,0.3281,0.5489,,,,favorite,weak_lt_8,very_bad_5_25_plus,45_50
2026-07-29T04:53:11Z,2026-07-19,2026-07-26,expensive_yes,2026-07-25,ATH@MIN,823679,ATH,MIN,,full_game_total,full game totals,6.0,YES,KXMLBTOTAL-26JUL251910ATHMIN-6,81-99c,86.0,1.67,1.9,984,True,LOSE,-86.0,,,,,,,,,
2026-07-29T04:53:11Z,2026-07-19,2026-07-26,expensive_yes,2026-07-25,ATH@MIN,823679,ATH,MIN,,full_game_total,full game totals,9.0,YES,KXMLBTOTAL-26JUL251910ATHMIN-9,56-65c,64.0,1.1,1.9,984,True,LOSE,-64.0,,,,,,,,,
2026-07-29T04:53:11Z,2026-07-19,2026-07-26,expensive_yes,2026-07-25,ATH@MIN,823679,ATH,MIN,,full_game_total,full game totals,8.0,YES,KXMLBTOTAL-26JUL251910ATHMIN-8,66-80c,72.0,1.46,1.9,984,True,LOSE,-72.0,,,,,,,,,
2026-07-29T04:53:11Z,2026-07-19,2026-07-26,expensive_yes,2026-07-25,ATH@MIN,823679,ATH,MIN,,full_game_total,full game totals,7.0,YES,KXMLBTOTAL-26JUL251910ATHMIN-7,66-80c,80.0,1.4,1.9,984,True,LOSE,-80.0,,,,,,,,,
2026-07-29T04:53:11Z,2026-07-19,2026-07-26,expensive_yes,2026-07-25,ATH@MIN,823679,ATH,MIN,,full_game_total,full game totals,5.0,YES,KXMLBTOTAL-26JUL251910ATHMIN-5,81-99c,92.0,1.42,1.9,984,True,LOSE,-92.0,,,,,,,,,
2026-07-29T04:53:11Z,2026-07-19,2026-07-26,expensive_yes,2026-07-25,ATH@MIN,823679,ATH,MIN,ATH,team_total,team totals,3.0,YES,KXMLBTEAMTOTAL-26JUL251910ATHMIN-ATH3,66-80c,77.0,2.48,1.9,984,True,LOSE,-77.0,,,,,,underdog,weak_lt_8,very_bad_5_25_plus,45_50
2026-07-29T04:53:11Z,2026-07-19,2026-07-26,expensive_yes,2026-07-25,ATH@MIN,823679,ATH,MIN,MIN,team_total,team totals,5.0,YES,KXMLBTEAMTOTAL-26JUL251910ATHMIN-MIN5,56-65c,59.0,2.37,1.9,984,True,LOSE,-59.0,,,,,,favorite,weak_lt_8,very_bad_5_25_plus,45_50
2026-07-29T04:53:11Z,2026-07-19,2026-07-26,expensive_yes,2026-07-25,ATH@MIN,823679,ATH,MIN,ATH,team_total,team totals,4.0,YES,KXMLBTEAMTOTAL-26JUL251910ATHMIN-ATH4,56-65c,63.0,2.33,1.9,984,True,LOSE,-63.0,0.0481,0.531,,,,underdog,weak_lt_8,very_bad_5_25_plus,45_50
2026-07-29T04:53:11Z,2026-07-19,2026-07-26,expensive_yes,2026-07-25,ATH@MIN,823679,ATH,MIN,MIN,team_total,team totals,3.0,YES,KXMLBTEAMTOTAL-26JUL251910ATHMIN-MIN3,81-99c,82.0,1.99,1.9,984,True,LOSE,-82.0,,,,,,favorite,weak_lt_8,very_bad_5_25_plus,45_50
2026-07-29T04:53:11Z,2026-07-19,2026-07-26,expensive_yes,2026-07-25,ATH@MIN,823679,ATH,MIN,MIN,team_total,team totals,2.0,YES,KXMLBTEAMTOTAL-26JUL251910ATHMIN-MIN2,81-99c,91.0,2.83,1.9,984,True,WIN,9.0,,,,,,favorite,weak_lt_8,very_bad_5_25_plus,45_50
2026-07-29T04:53:11Z,2026-07-19,2026-07-26,expensive_yes,2026-07-25,ATH@MIN,823679,ATH,MIN,MIN,team_total,team totals,4.0,YES,KXMLBTEAMTOTAL-26JUL251910ATHMIN-MIN4,66-80c,70.0,2.51,1.9,984,True,LOSE,-70.0,0.4327,0.6395,,,,favorite,weak_lt_8,very_bad_5_25_plus,45_50
2026-07-29T04:53:11Z,2026-07-19,2026-07-26,expensive_yes,2026-07-25,ATH@MIN,823679,ATH,MIN,ATH,team_total,team totals,2.0,YES,KXMLBTEAMTOTAL-26JUL251910ATHMIN-ATH2,81-99c,88.0,2.61,1.9,984,True,LOSE,-88.0,,,,,,underdog,weak_lt_8,very_bad_5_25_plus,45_50
2026-07-29T04:53:11Z,2026-07-19,2026-07-26,expensive_yes,2026-07-25,ATH@MIN,823679,ATH,MIN,,f5_total,F5 totals,2.0,YES,KXMLBF5TOTAL-26JUL251910ATHMIN-2,81-99c,92.0,11.59,1.9,984,True,LOSE,-92.0,,,,,,,,,
2026-07-29T04:53:11Z,2026-07-19,2026-07-26,expensive_yes,2026-07-25,ATH@MIN,823679,ATH,MIN,,f5_total,F5 totals,1.0,YES,KXMLBF5TOTAL-26JUL251910ATHMIN-1,81-99c,98.0,11.03,1.9,984,True,LOSE,-98.0,,,,,,,,,
2026-07-29T04:53:11Z,2026-07-19,2026-07-26,expensive_yes,2026-07-25,ATH@MIN,823679,ATH,MIN,,f5_total,F5 totals,4.0,YES,KXMLBF5TOTAL-26JUL251910ATHMIN-4,66-80c,78.0,9.2,1.9,984,True,LOSE,-78.0,,,,,,,,,
2026-07-29T04:53:11Z,2026-07-19,2026-07-26,expensive_yes,2026-07-25,ATH@MIN,823679,ATH,MIN,,f5_total,F5 totals,5.0,YES,KXMLBF5TOTAL-26JUL251910ATHMIN-5,66-80c,66.0,7.81,1.9,984,True,LOSE,-66.0,,,,,,,,,
2026-07-29T04:53:11Z,2026-07-19,2026-07-26,expensive_yes,2026-07-25,ATH@MIN,823679,ATH,MIN,,f5_total,F5 totals,3.0,YES,KXMLBF5TOTAL-26JUL251910ATHMIN-3,81-99c,88.0,9.05,1.9,984,True,LOSE,-88.0,,,,,,,,,
2026-07-29T04:53:11Z,2026-07-19,2026-07-26,expensive_yes,2026-07-25,COL@MIL,823758,COL,MIL,MIL,moneyline,moneyline,,YES,KXMLBGAME-26JUL251910COLMIL-MIL,66-80c,69.0,3.1,1.9,4333,True,WIN,31.0,0.4251,0.6039,,,,favorite,weak_lt_8,very_bad_5_25_plus,50_55
2026-07-29T04:53:11Z,2026-07-19,2026-07-26,expensive_yes,2026-07-25,COL@MIL,823758,COL,MIL,,full_game_total,full game totals,6.0,YES,KXMLBTOTAL-26JUL251910COLMIL-6,81-99c,82.0,1.82,1.9,1054,True,WIN,18.0,,,,,,,,,
2026-07-29T04:53:11Z,2026-07-19,2026-07-26,expensive_yes,2026-07-25,COL@MIL,823758,COL,MIL,,full_game_total,full game totals,5.0,YES,KXMLBTOTAL-26JUL251910COLMIL-5,81-99c,89.0,2.06,1.9,1054,True,WIN,11.0,,,,,,,,,
2026-07-29T04:53:11Z,2026-07-19,2026-07-26,expensive_yes,2026-07-25,COL@MIL,823758,COL,MIL,,full_game_total,full game totals,4.0,YES,KXMLBTOTAL-26JUL251910COLMIL-4,81-99c,93.0,2.28,1.9,1054,True,WIN,7.0,,,,,,,,,
2026-07-29T04:53:11Z,2026-07-19,2026-07-26,expensive_yes,2026-07-25,COL@MIL,823758,COL,MIL,,full_game_total,full game totals,3.0,YES,KXMLBTOTAL-26JUL251910COLMIL-3,81-99c,99.0,2.5,1.9,1054,True,WIN,1.0,,,,,,,,,
2026-07-29T04:53:11Z,2026-07-19,2026-07-26,expensive_yes,2026-07-25,COL@MIL,823758,COL,MIL,,full_game_total,full game totals,9.0,YES,KXMLBTOTAL-26JUL251910COLMIL-9,56-65c,57.0,1.05,1.9,1054,True,WIN,43.0,,,,,,,,,
2026-07-29T04:53:11Z,2026-07-19,2026-07-26,expensive_yes,2026-07-25,COL@MIL,823758,COL,MIL,,full_game_total,full game totals,7.0,YES,KXMLBTOTAL-26JUL251910COLMIL-7,66-80c,75.0,1.27,1.9,1054,True,WIN,25.0,,,,,,,,,
2026-07-29T04:53:11Z,2026-07-19,2026-07-26,expensive_yes,2026-07-25,COL@MIL,823758,COL,MIL,,full_game_total,full game totals,8.0,YES,KXMLBTOTAL-26JUL251910COLMIL-8,56-65c,64.0,1.24,1.9,1054,True,WIN,36.0,,,,,,,,,
2026-07-29T04:53:11Z,2026-07-19,2026-07-26,expensive_yes,2026-07-25,COL@MIL,823758,COL,MIL,MIL,team_total,team totals,2.0,YES,KXMLBTEAMTOTAL-26JUL251910COLMIL-MIL2,81-99c,91.0,5.18,1.9,1054,True,WIN,9.0,,,,,,favorite,weak_lt_8,very_bad_5_25_plus,50_55
2026-07-29T04:53:11Z,2026-07-19,2026-07-26,expensive_yes,2026-07-25,COL@MIL,823758,COL,MIL,MIL,team_total,team totals,5.0,YES,KXMLBTEAMTOTAL-26JUL251910COLMIL-MIL5,56-65c,59.0,4.49,1.9,1054,True,WIN,41.0,,,,,,favorite,weak_lt_8,very_bad_5_25_plus,50_55
2026-07-29T04:53:11Z,2026-07-19,2026-07-26,expensive_yes,2026-07-25,COL@MIL,823758,COL,MIL,MIL,team_total,team totals,4.0,YES,KXMLBTEAMTOTAL-26JUL251910COLMIL-MIL4,66-80c,72.0,3.72,1.9,1054,True,WIN,28.0,0.3338,0.6174,,,,favorite,weak_lt_8,very_bad_5_25_plus,50_55
2026-07-29T04:53:11Z,2026-07-19,2026-07-26,expensive_yes,2026-07-25,COL@MIL,823758,COL,MIL,COL,team_total,team totals,2.0,YES,KXMLBTEAMTOTAL-26JUL251910COLMIL-COL2,81-99c,81.0,4.53,1.9,1054,True,WIN,19.0,,,,,,underdog,below_avg_8_13,avg_4_25_4_75,45_50
2026-07-29T04:53:11Z,2026-07-19,2026-07-26,expensive_yes,2026-07-25,COL@MIL,823758,COL,MIL,COL,team_total,team totals,3.0,YES,KXMLBTEAMTOTAL-26JUL251910COLMIL-COL3,56-65c,65.0,4.09,1.9,1054,True,WIN,35.0,,,,,,underdog,below_avg_8_13,avg_4_25_4_75,45_50
2026-07-29T04:53:11Z,2026-07-19,2026-07-26,expensive_yes,2026-07-25,COL@MIL,823758,COL,MIL,MIL,team_total,team totals,3.0,YES,KXMLBTEAMTOTAL-26JUL251910COLMIL-MIL3,81-99c,84.0,4.19,1.9,1054,True,WIN,16.0,,,,,,favorite,weak_lt_8,very_bad_5_25_plus,50_55
2026-07-29T04:53:11Z,2026-07-19,2026-07-26,expensive_yes,2026-07-25,COL@MIL,823758,COL,MIL,MIL,f5_winner,F5 winner,,YES,KXMLBF5-26JUL251910COLMIL-MIL,56-65c,57.0,6.78,1.9,1054,True,WIN,43.0,,,,,,favorite,weak_lt_8,very_bad_5_25_plus,50_55
2026-07-29T04:53:11Z,2026-07-19,2026-07-26,expensive_yes,2026-07-25,COL@MIL,823758,COL,MIL,,f5_total,F5 totals,5.0,YES,KXMLBF5TOTAL-26JUL251910COLMIL-5,56-65c,58.0,5.23,1.9,1054,True,WIN,42.0,,,,,,,,,
2026-07-29T04:53:11Z,2026-07-19,2026-07-26,expensive_yes,2026-07-25,COL@MIL,823758,COL,MIL,,f5_total,F5 totals,2.0,YES,KXMLBF5TOTAL-26JUL251910COLMIL-2,81-99c,92.0,13.54,1.9,1054,True,WIN,8.0,,,,,,,,,
2026-07-29T04:53:11Z,2026-07-19,2026-07-26,expensive_yes,2026-07-25,COL@MIL,823758,COL,MIL,,f5_total,F5 totals,1.0,YES,KXMLBF5TOTAL-26JUL251910COLMIL-1,81-99c,97.0,16.14,1.9,1054,True,WIN,3.0,,,,,,,,,
2026-07-29T04:53:11Z,2026-07-19,2026-07-26,expensive_yes,2026-07-25,COL@MIL,823758,COL,MIL,,f5_total,F5 totals,4.0,YES,KXMLBF5TOTAL-26JUL251910COLMIL-4,66-80c,71.0,8.78,1.9,1054,True,WIN,29.0,,,,,,,,,
2026-07-29T04:53:11Z,2026-07-19,2026-07-26,expensive_yes,2026-07-25,COL@MIL,823758,COL,MIL,,f5_total,F5 totals,3.0,YES,KXMLBF5TOTAL-26JUL251910COLMIL-3,81-99c,82.0,9.27,1.9,1054,True,WIN,18.0,,,,,,,,,
2026-07-29T04:53:11Z,2026-07-19,2026-07-26,expensive_yes,2026-07-25,SD@MIA,823841,SD,MIA,MIA,moneyline,moneyline,,YES,KXMLBGAME-26JUL251610SDMIA-MIA,56-65c,58.0,3.41,0.2,4382,True,LOSE,-58.0,0.0,0.472,,,,favorite,weak_lt_8,very_bad_5_25_plus,40_45
2026-07-29T04:53:11Z,2026-07-19,2026-07-26,expensive_yes,2026-07-25,SD@MIA,823841,SD,MIA,,full_game_total,full game totals,5.0,YES,KXMLBTOTAL-26JUL251610SDMIA-5,81-99c,85.0,1.3,0.2,972,True,WIN,15.0,,,,,,,,,
2026-07-29T04:53:11Z,2026-07-19,2026-07-26,expensive_yes,2026-07-25,SD@MIA,823841,SD,MIA,,full_game_total,full game totals,3.0,YES,KXMLBTOTAL-26JUL251610SDMIA-3,81-99c,97.0,3.37,0.2,972,True,WIN,3.0,,,,,,,,,
2026-07-29T04:53:11Z,2026-07-19,2026-07-26,expensive_yes,2026-07-25,SD@MIA,823841,SD,MIA,,full_game_total,full game totals,4.0,YES,KXMLBTOTAL-26JUL251610SDMIA-4,81-99c,90.0,2.93,0.2,972,True,WIN,10.0,,,,,,,,,
2026-07-29T04:53:11Z,2026-07-19,2026-07-26,expensive_yes,2026-07-25,SD@MIA,823841,SD,MIA,,full_game_total,full game totals,6.0,YES,KXMLBTOTAL-26JUL251610SDMIA-6,66-80c,73.0,1.51,0.2,972,True,WIN,27.0,,,,,,,,,
2026-07-29T04:53:11Z,2026-07-19,2026-07-26,expensive_yes,2026-07-25,SD@MIA,823841,SD,MIA,,full_game_total,full game totals,7.0,YES,KXMLBTOTAL-26JUL251610SDMIA-7,66-80c,66.0,1.35,0.2,972,True,WIN,34.0,,,,,,,,,
2026-07-29T04:53:11Z,2026-07-19,2026-07-26,expensive_yes,2026-07-25,SD@MIA,823841,SD,MIA,MIA,team_total,team totals,4.0,YES,KXMLBTEAMTOTAL-26JUL251610SDMIA-MIA4,56-65c,60.0,4.79,0.2,972,True,LOSE,-60.0,0.0894,0.531,,,,favorite,weak_lt_8,very_bad_5_25_plus,40_45
2026-07-29T04:53:11Z,2026-07-19,2026-07-26,expensive_yes,2026-07-25,SD@MIA,823841,SD,MIA,SD,team_total,team totals,2.0,YES,KXMLBTEAMTOTAL-26JUL251610SDMIA-SD2,81-99c,82.0,5.51,0.2,972,True,WIN,18.0,,,,,,underdog,strong_18_23,good_3_75_4_25,60_plus
2026-07-29T04:53:11Z,2026-07-19,2026-07-26,expensive_yes,2026-07-25,SD@MIA,823841,SD,MIA,SD,team_total,team totals,3.0,YES,KXMLBTEAMTOTAL-26JUL251610SDMIA-SD3,66-80c,68.0,4.45,0.2,972,True,WIN,32.0,,,,,,underdog,strong_18_23,good_3_75_4_25,60_plus
2026-07-29T04:53:11Z,2026-07-19,2026-07-26,expensive_yes,2026-07-25,SD@MIA,823841,SD,MIA,MIA,team_total,team totals,2.0,YES,KXMLBTEAMTOTAL-26JUL251610SDMIA-MIA2,81-99c,88.0,6.06,0.2,972,True,WIN,12.0,,,,,,favorite,weak_lt_8,very_bad_5_25_plus,40_45
2026-07-29T04:53:11Z,2026-07-19,2026-07-26,expensive_yes,2026-07-25,SD@MIA,823841,SD,MIA,MIA,team_total,team totals,3.0,YES,KXMLBTEAMTOTAL-26JUL251610SDMIA-MIA3,66-80c,74.0,3.3,0.2,972,True,LOSE,-74.0,,,,,,favorite,weak_lt_8,very_bad_5_25_plus,40_45
2026-07-29T04:53:11Z,2026-07-19,2026-07-26,expensive_yes,2026-07-25,SD@MIA,823841,SD,MIA,,f5_total,F5 totals,4.0,YES,KXMLBF5TOTAL-26JUL251610SDMIA-4,56-65c,62.0,6.99,0.2,972,True,LOSE,-62.0,,,,,,,,,
2026-07-29T04:53:11Z,2026-07-19,2026-07-26,expensive_yes,2026-07-25,SD@MIA,823841,SD,MIA,,f5_total,F5 totals,3.0,YES,KXMLBF5TOTAL-26JUL251610SDMIA-3,66-80c,77.0,9.17,0.2,972,True,WIN,23.0,,,,,,,,,
2026-07-29T04:53:11Z,2026-07-19,2026-07-26,expensive_yes,2026-07-25,SD@MIA,823841,SD,MIA,,f5_total,F5 totals,2.0,YES,KXMLBF5TOTAL-26JUL251610SDMIA-2,81-99c,89.0,15.56,0.2,972,True,WIN,11.0,,,,,,,,,
2026-07-29T04:53:11Z,2026-07-19,2026-07-26,expensive_yes,2026-07-25,SD@MIA,823841,SD,MIA,,f5_total,F5 totals,1.0,YES,KXMLBF5TOTAL-26JUL251610SDMIA-1,81-99c,98.0,16.92,0.2,972,True,WIN,2.0,,,,,,,,,
2026-07-29T04:53:11Z,2026-07-19,2026-07-26,expensive_yes,2026-07-25,KC@DET,824244,KC,DET,DET,moneyline,moneyline,,YES,KXMLBGAME-26JUL251310KCDET-DET,56-65c,61.0,3.85,0.4,4377,True,LOSE,-61.0,0.1609,0.5039,,,,favorite,below_avg_8_13,bad_4_75_5_25,45_50
2026-07-29T04:53:11Z,2026-07-19,2026-07-26,expensive_yes,2026-07-25,KC@DET,824244,KC,DET,,full_game_total,full game totals,5.0,YES,KXMLBTOTAL-26JUL251310KCDET-5,81-99c,84.0,1.44,0.4,837,True,WIN,16.0,,,,,,,,,
2026-07-29T04:53:11Z,2026-07-19,2026-07-26,expensive_yes,2026-07-25,KC@DET,824244,KC,DET,,full_game_total,full game totals,4.0,YES,KXMLBTOTAL-26JUL251310KCDET-4,81-99c,90.0,2.54,0.4,837,True,WIN,10.0,,,,,,,,,
2026-07-29T04:53:11Z,2026-07-19,2026-07-26,expensive_yes,2026-07-25,KC@DET,824244,KC,DET,,full_game_total,full game totals,3.0,YES,KXMLBTOTAL-26JUL251310KCDET-3,81-99c,96.0,1.81,0.4,837,True,WIN,4.0,,,,,,,,,
2026-07-29T04:53:11Z,2026-07-19,2026-07-26,expensive_yes,2026-07-25,KC@DET,824244,KC,DET,,full_game_total,full game totals,7.0,YES,KXMLBTOTAL-26JUL251310KCDET-7,56-65c,65.0,1.11,0.4,837,True,LOSE,-65.0,,,,,,,,,
2026-07-29T04:53:11Z,2026-07-19,2026-07-26,expensive_yes,2026-07-25,KC@DET,824244,KC,DET,,full_game_total,full game totals,6.0,YES,KXMLBTOTAL-26JUL251310KCDET-6,66-80c,74.0,1.57,0.4,837,True,LOSE,-74.0,,,,,,,,,
2026-07-29T04:53:11Z,2026-07-19,2026-07-26,expensive_yes,2026-07-25,KC@DET,824244,KC,DET,DET,team_total,team totals,3.0,YES,KXMLBTEAMTOTAL-26JUL251310KCDET-DET3,66-80c,77.0,4.97,0.4,837,True,LOSE,-77.0,,,,,,favorite,below_avg_8_13,bad_4_75_5_25,45_50
2026-07-29T04:53:11Z,2026-07-19,2026-07-26,expensive_yes,2026-07-25,KC@DET,824244,KC,DET,KC,team_total,team totals,2.0,YES,KXMLBTEAMTOTAL-26JUL251310KCDET-KC2,66-80c,80.0,6.24,0.4,837,True,WIN,20.0,,,,,,underdog,solid_13_18,avg_4_25_4_75,40_45
2026-07-29T04:53:11Z,2026-07-19,2026-07-26,expensive_yes,2026-07-25,KC@DET,824244,KC,DET,DET,team_total,team totals,4.0,YES,KXMLBTEAMTOTAL-26JUL251310KCDET-DET4,56-65c,63.0,5.13,0.4,837,True,LOSE,-63.0,0.1005,0.5883,,,,favorite,below_avg_8_13,bad_4_75_5_25,45_50
2026-07-29T04:53:11Z,2026-07-19,2026-07-26,expensive_yes,2026-07-25,KC@DET,824244,KC,DET,KC,team_total,team totals,3.0,YES,KXMLBTEAMTOTAL-26JUL251310KCDET-KC3,56-65c,65.0,5.44,0.4,837,True,WIN,35.0,,,,,,underdog,solid_13_18,avg_4_25_4_75,40_45
2026-07-29T04:53:11Z,2026-07-19,2026-07-26,expensive_yes,2026-07-25,KC@DET,824244,KC,DET,DET,team_total,team totals,2.0,YES,KXMLBTEAMTOTAL-26JUL251310KCDET-DET2,81-99c,88.0,6.14,0.4,837,True,WIN,12.0,,,,,,favorite,below_avg_8_13,bad_4_75_5_25,45_50
2026-07-29T04:53:11Z,2026-07-19,2026-07-26,expensive_yes,2026-07-25,KC@DET,824244,KC,DET,,f5_total,F5 totals,3.0,YES,KXMLBF5TOTAL-26JUL251310KCDET-3,66-80c,74.0,9.82,0.4,837,True,WIN,26.0,,,,,,,,,
2026-07-29T04:53:11Z,2026-07-19,2026-07-26,expensive_yes,2026-07-25,KC@DET,824244,KC,DET,,f5_total,F5 totals,2.0,YES,KXMLBF5TOTAL-26JUL251310KCDET-2,81-99c,88.0,16.76,0.4,837,True,WIN,12.0,,,,,,,,,
2026-07-29T04:53:11Z,2026-07-19,2026-07-26,expensive_yes,2026-07-25,KC@DET,824244,KC,DET,,f5_total,F5 totals,4.0,YES,KXMLBF5TOTAL-26JUL251310KCDET-4,56-65c,61.0,6.47,0.4,837,True,LOSE,-61.0,,,,,,,,,
2026-07-29T04:53:11Z,2026-07-19,2026-07-26,expensive_yes,2026-07-25,KC@DET,824244,KC,DET,,f5_total,F5 totals,1.0,YES,KXMLBF5TOTAL-26JUL251310KCDET-1,81-99c,96.0,17.76,0.4,837,True,WIN,4.0,,,,,,,,,
2026-07-29T04:53:11Z,2026-07-19,2026-07-26,expensive_yes,2026-07-25,HOU@CWS,824571,HOU,CWS,,full_game_total,full game totals,8.0,YES,KXMLBTOTAL-26JUL251910HOUCWS-8,56-65c,59.0,1.12,1.9,1064,True,LOSE,-59.0,,,,,,,,,
2026-07-29T04:53:11Z,2026-07-19,2026-07-26,expensive_yes,2026-07-25,HOU@CWS,824571,HOU,CWS,,full_game_total,full game totals,3.0,YES,KXMLBTOTAL-26JUL251910HOUCWS-3,81-99c,97.0,3.28,1.9,1064,True,WIN,3.0,,,,,,,,,
2026-07-29T04:53:11Z,2026-07-19,2026-07-26,expensive_yes,2026-07-25,HOU@CWS,824571,HOU,CWS,,full_game_total,full game totals,4.0,YES,KXMLBTOTAL-26JUL251910HOUCWS-4,81-99c,92.0,3.13,1.9,1064,True,WIN,8.0,,,,,,,,,
2026-07-29T04:53:11Z,2026-07-19,2026-07-26,expensive_yes,2026-07-25,HOU@CWS,824571,HOU,CWS,,full_game_total,full game totals,5.0,YES,KXMLBTOTAL-26JUL251910HOUCWS-5,81-99c,88.0,1.73,1.9,1064,True,WIN,12.0,,,,,,,,,
2026-07-29T04:53:11Z,2026-07-19,2026-07-26,expensive_yes,2026-07-25,HOU@CWS,824571,HOU,CWS,,full_game_total,full game totals,6.0,YES,KXMLBTOTAL-26JUL251910HOUCWS-6,66-80c,75.0,1.49,1.9,1064,True,LOSE,-75.0,,,,,,,,,
2026-07-29T04:53:11Z,2026-07-19,2026-07-26,expensive_yes,2026-07-25,HOU@CWS,824571,HOU,CWS,,full_game_total,full game totals,7.0,YES,KXMLBTOTAL-26JUL251910HOUCWS-7,66-80c,70.0,1.12,1.9,1064,True,LOSE,-70.0,,,,,,,,,
2026-07-29T04:53:11Z,2026-07-19,2026-07-26,expensive_yes,2026-07-25,HOU@CWS,824571,HOU,CWS,HOU,team_total,team totals,4.0,YES,KXMLBTEAMTOTAL-26JUL251910HOUCWS-HOU4,56-65c,57.0,5.49,1.9,1064,True,WIN,43.0,0.0,0.531,,,,underdog,strong_18_23,good_3_75_4_25,45_50
2026-07-29T04:53:11Z,2026-07-19,2026-07-26,expensive_yes,2026-07-25,HOU@CWS,824571,HOU,CWS,HOU,team_total,team totals,3.0,YES,KXMLBTEAMTOTAL-26JUL251910HOUCWS-HOU3,66-80c,71.0,5.2,1.9,1064,True,WIN,29.0,,,,,,underdog,strong_18_23,good_3_75_4_25,45_50
2026-07-29T04:53:11Z,2026-07-19,2026-07-26,expensive_yes,2026-07-25,HOU@CWS,824571,HOU,CWS,CWS,team_total,team totals,3.0,YES,KXMLBTEAMTOTAL-26JUL251910HOUCWS-CWS3,66-80c,71.0,4.46,1.9,1064,True,LOSE,-71.0,,,,,,favorite,weak_lt_8,very_bad_5_25_plus,55_60
2026-07-29T04:53:11Z,2026-07-19,2026-07-26,expensive_yes,2026-07-25,HOU@CWS,824571,HOU,CWS,CWS,team_total,team totals,4.0,YES,KXMLBTEAMTOTAL-26JUL251910HOUCWS-CWS4,56-65c,58.0,4.32,1.9,1064,True,LOSE,-58.0,0.1933,0.5883,,,,favorite,weak_lt_8,very_bad_5_25_plus,55_60
2026-07-29T04:53:11Z,2026-07-19,2026-07-26,expensive_yes,2026-07-25,HOU@CWS,824571,HOU,CWS,CWS,team_total,team totals,2.0,YES,KXMLBTEAMTOTAL-26JUL251910HOUCWS-CWS2,81-99c,84.0,6.09,1.9,1064,True,LOSE,-84.0,,,,,,favorite,weak_lt_8,very_bad_5_25_plus,55_60
2026-07-29T04:53:11Z,2026-07-19,2026-07-26,expensive_yes,2026-07-25,HOU@CWS,824571,HOU,CWS,HOU,team_total,team totals,2.0,YES,KXMLBTEAMTOTAL-26JUL251910HOUCWS-HOU2,81-99c,85.0,5.32,1.9,1064,True,WIN,15.0,,,,,,underdog,strong_18_23,good_3_75_4_25,45_50
2026-07-29T04:53:11Z,2026-07-19,2026-07-26,expensive_yes,2026-07-25,HOU@CWS,824571,HOU,CWS,,f5_total,F5 totals,2.0,YES,KXMLBF5TOTAL-26JUL251910HOUCWS-2,81-99c,89.0,14.14,1.9,1064,True,LOSE,-89.0,,,,,,,,,
2026-07-29T04:53:11Z,2026-07-19,2026-07-26,expensive_yes,2026-07-25,HOU@CWS,824571,HOU,CWS,,f5_total,F5 totals,3.0,YES,KXMLBF5TOTAL-26JUL251910HOUCWS-3,66-80c,78.0,8.89,1.9,1064,True,LOSE,-78.0,,,,,,,,,
2026-07-29T04:53:11Z,2026-07-19,2026-07-26,expensive_yes,2026-07-25,HOU@CWS,824571,HOU,CWS,,f5_total,F5 totals,4.0,YES,KXMLBF5TOTAL-26JUL251910HOUCWS-4,56-65c,64.0,6.57,1.9,1064,True,LOSE,-64.0,,,,,,,,,
2026-07-29T04:53:11Z,2026-07-19,2026-07-26,expensive_yes,2026-07-25,HOU@CWS,824571,HOU,CWS,,f5_total,F5 totals,1.0,YES,KXMLBF5TOTAL-26JUL251910HOUCWS-1,81-99c,96.0,16.64,1.9,1064,True,LOSE,-96.0,,,,,,,,,
2026-07-29T04:53:11Z,2026-07-19,2026-07-26,expensive_yes,2026-07-25,TOR@BOS,824734,TOR,BOS,,full_game_total,full game totals,5.0,YES,KXMLBTOTAL-26JUL251610TORBOS-5,66-80c,79.0,1.63,0.2,972,True,WIN,21.0,,,,,,,,,
2026-07-29T04:53:11Z,2026-07-19,2026-07-26,expensive_yes,2026-07-25,TOR@BOS,824734,TOR,BOS,,full_game_total,full game totals,3.0,YES,KXMLBTOTAL-26JUL251610TORBOS-3,81-99c,95.0,3.07,0.2,972,True,WIN,5.0,,,,,,,,,
2026-07-29T04:53:11Z,2026-07-19,2026-07-26,expensive_yes,2026-07-25,TOR@BOS,824734,TOR,BOS,,full_game_total,full game totals,6.0,YES,KXMLBTOTAL-26JUL251610TORBOS-6,66-80c,67.0,1.07,0.2,972,True,WIN,33.0,,,,,,,,,
2026-07-29T04:53:11Z,2026-07-19,2026-07-26,expensive_yes,2026-07-25,TOR@BOS,824734,TOR,BOS,,full_game_total,full game totals,7.0,YES,KXMLBTOTAL-26JUL251610TORBOS-7,56-65c,57.0,1.1,0.2,972,True,LOSE,-57.0,,,,,,,,,
2026-07-29T04:53:11Z,2026-07-19,2026-07-26,expensive_yes,2026-07-25,TOR@BOS,824734,TOR,BOS,,full_game_total,full game totals,2.0,YES,KXMLBTOTAL-26JUL251610TORBOS-2,81-99c,98.0,1.78,0.2,972,True,WIN,2.0,,,,,,,,,
2026-07-29T04:53:11Z,2026-07-19,2026-07-26,expensive_yes,2026-07-25,TOR@BOS,824734,TOR,BOS,,full_game_total,full game totals,4.0,YES,KXMLBTOTAL-26JUL251610TORBOS-4,81-99c,87.0,1.7,0.2,972,True,WIN,13.0,,,,,,,,,
2026-07-29T04:53:11Z,2026-07-19,2026-07-26,expensive_yes,2026-07-25,TOR@BOS,824734,TOR,BOS,BOS,team_total,team totals,3.0,YES,KXMLBTEAMTOTAL-26JUL251610TORBOS-BOS3,66-80c,67.0,3.14,0.2,972,True,LOSE,-67.0,,,,,,favorite,elite_23_plus,excellent_lt_3_75,55_60
2026-07-29T04:53:11Z,2026-07-19,2026-07-26,expensive_yes,2026-07-25,TOR@BOS,824734,TOR,BOS,TOR,team_total,team totals,2.0,YES,KXMLBTEAMTOTAL-26JUL251610TORBOS-TOR2,81-99c,82.0,5.38,0.2,972,True,WIN,18.0,,,,,,underdog,solid_13_18,avg_4_25_4_75,40_45
2026-07-29T04:53:11Z,2026-07-19,2026-07-26,expensive_yes,2026-07-25,TOR@BOS,824734,TOR,BOS,BOS,team_total,team totals,2.0,YES,KXMLBTEAMTOTAL-26JUL251610TORBOS-BOS2,81-99c,82.0,5.11,0.2,972,True,LOSE,-82.0,,,,,,favorite,elite_23_plus,excellent_lt_3_75,55_60
2026-07-29T04:53:11Z,2026-07-19,2026-07-26,expensive_yes,2026-07-25,TOR@BOS,824734,TOR,BOS,TOR,team_total,team totals,3.0,YES,KXMLBTEAMTOTAL-26JUL251610TORBOS-TOR3,66-80c,67.0,4.94,0.2,972,True,WIN,33.0,,,,,,underdog,solid_13_18,avg_4_25_4_75,40_45
2026-07-29T04:53:11Z,2026-07-19,2026-07-26,expensive_yes,2026-07-25,TOR@BOS,824734,TOR,BOS,,f5_total,F5 totals,3.0,YES,KXMLBF5TOTAL-26JUL251610TORBOS-3,66-80c,67.0,9.38,0.2,972,True,WIN,33.0,,,,,,,,,
2026-07-29T04:53:11Z,2026-07-19,2026-07-26,expensive_yes,2026-07-25,TOR@BOS,824734,TOR,BOS,,f5_total,F5 totals,2.0,YES,KXMLBF5TOTAL-26JUL251610TORBOS-2,81-99c,84.0,9.49,0.2,972,True,WIN,16.0,,,,,,,,,
2026-07-29T04:53:11Z,2026-07-19,2026-07-26,expensive_yes,2026-07-25,TOR@BOS,824734,TOR,BOS,,f5_total,F5 totals,1.0,YES,KXMLBF5TOTAL-26JUL251610TORBOS-1,81-99c,95.0,13.33,0.2,972,True,WIN,5.0,,,,,,,,,
2026-07-29T04:53:11Z,2026-07-19,2026-07-26,expensive_yes,2026-07-25,ATL@BAL,824811,ATL,BAL,,full_game_total,full game totals,4.0,YES,KXMLBTOTAL-26JUL251905ATLBAL-4,81-99c,94.0,1.66,0.8,1062,True,WIN,6.0,,,,,,,,,
2026-07-29T04:53:11Z,2026-07-19,2026-07-26,expensive_yes,2026-07-25,ATL@BAL,824811,ATL,BAL,,full_game_total,full game totals,5.0,YES,KXMLBTOTAL-26JUL251905ATLBAL-5,81-99c,91.0,1.51,0.8,1062,True,WIN,9.0,,,,,,,,,
2026-07-29T04:53:11Z,2026-07-19,2026-07-26,expensive_yes,2026-07-25,ATL@BAL,824811,ATL,BAL,,full_game_total,full game totals,6.0,YES,KXMLBTOTAL-26JUL251905ATLBAL-6,81-99c,82.0,1.41,0.8,1062,True,LOSE,-82.0,,,,,,,,,
2026-07-29T04:53:11Z,2026-07-19,2026-07-26,expensive_yes,2026-07-25,ATL@BAL,824811,ATL,BAL,,full_game_total,full game totals,7.0,YES,KXMLBTOTAL-26JUL251905ATLBAL-7,66-80c,75.0,1.51,0.8,1062,True,LOSE,-75.0,,,,,,,,,
2026-07-29T04:53:11Z,2026-07-19,2026-07-26,expensive_yes,2026-07-25,ATL@BAL,824811,ATL,BAL,,full_game_total,full game totals,8.0,YES,KXMLBTOTAL-26JUL251905ATLBAL-8,56-65c,64.0,1.18,0.8,1062,True,LOSE,-64.0,,,,,,,,,
2026-07-29T04:53:11Z,2026-07-19,2026-07-26,expensive_yes,2026-07-25,ATL@BAL,824811,ATL,BAL,,full_game_total,full game totals,9.0,YES,KXMLBTOTAL-26JUL251905ATLBAL-9,56-65c,57.0,1.18,0.8,1062,True,LOSE,-57.0,,,,,,,,,
2026-07-29T04:53:11Z,2026-07-19,2026-07-26,expensive_yes,2026-07-25,ATL@BAL,824811,ATL,BAL,BAL,team_total,team totals,4.0,YES,KXMLBTEAMTOTAL-26JUL251905ATLBAL-BAL4,56-65c,63.0,4.87,0.8,1062,True,LOSE,-63.0,0.2833,0.5667,,,,underdog,weak_lt_8,bad_4_75_5_25,50_55
2026-07-29T04:53:11Z,2026-07-19,2026-07-26,expensive_yes,2026-07-25,ATL@BAL,824811,ATL,BAL,ATL,team_total,team totals,4.0,YES,KXMLBTEAMTOTAL-26JUL251905ATLBAL-ATL4,56-65c,64.0,5.13,0.8,1062,True,LOSE,-64.0,0.0,0.531,,,,favorite,solid_13_18,avg_4_25_4_75,55_60
2026-07-29T04:53:11Z,2026-07-19,2026-07-26,expensive_yes,2026-07-25,ATL@BAL,824811,ATL,BAL,ATL,team_total,team totals,3.0,YES,KXMLBTEAMTOTAL-26JUL251905ATLBAL-ATL3,66-80c,77.0,5.23,0.8,1062,True,LOSE,-77.0,,,,,,favorite,solid_13_18,avg_4_25_4_75,55_60
2026-07-29T04:53:11Z,2026-07-19,2026-07-26,expensive_yes,2026-07-25,ATL@BAL,824811,ATL,BAL,ATL,team_total,team totals,2.0,YES,KXMLBTEAMTOTAL-26JUL251905ATLBAL-ATL2,81-99c,89.0,5.6,0.8,1062,True,WIN,11.0,,,,,,favorite,solid_13_18,avg_4_25_4_75,55_60
2026-07-29T04:53:11Z,2026-07-19,2026-07-26,expensive_yes,2026-07-25,ATL@BAL,824811,ATL,BAL,BAL,team_total,team totals,3.0,YES,KXMLBTEAMTOTAL-26JUL251905ATLBAL-BAL3,66-80c,77.0,4.87,0.8,1062,True,WIN,23.0,,,,,,underdog,weak_lt_8,bad_4_75_5_25,50_55
2026-07-29T04:53:11Z,2026-07-19,2026-07-26,expensive_yes,2026-07-25,ATL@BAL,824811,ATL,BAL,BAL,team_total,team totals,2.0,YES,KXMLBTEAMTOTAL-26JUL251905ATLBAL-BAL2,81-99c,89.0,5.19,0.8,1062,True,WIN,11.0,,,,,,underdog,weak_lt_8,bad_4_75_5_25,50_55
2026-07-29T04:53:11Z,2026-07-19,2026-07-26,expensive_yes,2026-07-25,ATL@BAL,824811,ATL,BAL,,f5_total,F5 totals,5.0,YES,KXMLBF5TOTAL-26JUL251905ATLBAL-5,56-65c,59.0,6.18,0.8,1062,True,LOSE,-59.0,,,,,,,,,
2026-07-29T04:53:11Z,2026-07-19,2026-07-26,expensive_yes,2026-07-25,ATL@BAL,824811,ATL,BAL,,f5_total,F5 totals,4.0,YES,KXMLBF5TOTAL-26JUL251905ATLBAL-4,66-80c,72.0,9.87,0.8,1062,True,LOSE,-72.0,,,,,,,,,
2026-07-29T04:53:11Z,2026-07-19,2026-07-26,expensive_yes,2026-07-25,ATL@BAL,824811,ATL,BAL,,f5_total,F5 totals,3.0,YES,KXMLBF5TOTAL-26JUL251905ATLBAL-3,81-99c,83.0,10.41,0.8,1062,True,LOSE,-83.0,,,,,,,,,
2026-07-29T04:53:11Z,2026-07-19,2026-07-26,expensive_yes,2026-07-25,ATL@BAL,824811,ATL,BAL,,f5_total,F5 totals,2.0,YES,KXMLBF5TOTAL-26JUL251905ATLBAL-2,81-99c,92.0,17.57,0.8,1062,True,WIN,8.0,,,,,,,,,
2026-07-29T04:53:11Z,2026-07-19,2026-07-26,expensive_yes,2026-07-25,ATL@BAL,824811,ATL,BAL,,f5_total,F5 totals,1.0,YES,KXMLBF5TOTAL-26JUL251905ATLBAL-1,81-99c,98.0,18.02,0.8,1062,True,WIN,2.0,,,,,,,,,
2026-07-29T04:53:11Z,2026-07-19,2026-07-26,expensive_yes,2026-07-26,SEA@TEX,822870,SEA,TEX,,full_game_total,full game totals,5.0,YES,KXMLBTOTAL-26JUL261435SEATEX-5,66-80c,80.0,1.23,1.0,927,True,WIN,20.0,,,,,,,,,
2026-07-29T04:53:11Z,2026-07-19,2026-07-26,expensive_yes,2026-07-26,SEA@TEX,822870,SEA,TEX,,full_game_total,full game totals,3.0,YES,KXMLBTOTAL-26JUL261435SEATEX-3,81-99c,95.0,2.12,1.0,927,True,WIN,5.0,,,,,,,,,
2026-07-29T04:53:11Z,2026-07-19,2026-07-26,expensive_yes,2026-07-26,SEA@TEX,822870,SEA,TEX,,full_game_total,full game totals,7.0,YES,KXMLBTOTAL-26JUL261435SEATEX-7,56-65c,59.0,1.11,1.0,927,True,WIN,41.0,,,,,,,,,
2026-07-29T04:53:11Z,2026-07-19,2026-07-26,expensive_yes,2026-07-26,SEA@TEX,822870,SEA,TEX,,full_game_total,full game totals,6.0,YES,KXMLBTOTAL-26JUL261435SEATEX-6,66-80c,67.0,1.09,1.0,927,True,WIN,33.0,,,,,,,,,
2026-07-29T04:53:11Z,2026-07-19,2026-07-26,expensive_yes,2026-07-26,SEA@TEX,822870,SEA,TEX,,full_game_total,full game totals,2.0,YES,KXMLBTOTAL-26JUL261435SEATEX-2,81-99c,98.0,1.81,1.0,927,True,WIN,2.0,,,,,,,,,
2026-07-29T04:53:11Z,2026-07-19,2026-07-26,expensive_yes,2026-07-26,SEA@TEX,822870,SEA,TEX,,full_game_total,full game totals,4.0,YES,KXMLBTOTAL-26JUL261435SEATEX-4,81-99c,87.0,1.51,1.0,927,True,WIN,13.0,,,,,,,,,
2026-07-29T04:53:11Z,2026-07-19,2026-07-26,expensive_yes,2026-07-26,SEA@TEX,822870,SEA,TEX,SEA,team_total,team totals,2.0,YES,KXMLBTEAMTOTAL-26JUL261435SEATEX-SEA2,81-99c,82.0,2.22,1.0,927,True,WIN,18.0,,,,,,favorite,strong_18_23,excellent_lt_3_75,45_50
2026-07-29T04:53:11Z,2026-07-19,2026-07-26,expensive_yes,2026-07-26,SEA@TEX,822870,SEA,TEX,TEX,team_total,team totals,2.0,YES,KXMLBTEAMTOTAL-26JUL261435SEATEX-TEX2,81-99c,81.0,2.54,1.0,927,True,WIN,19.0,,,,,,underdog,solid_13_18,good_3_75_4_25,50_55
2026-07-29T04:53:11Z,2026-07-19,2026-07-26,expensive_yes,2026-07-26,SEA@TEX,822870,SEA,TEX,SEA,team_total,team totals,3.0,YES,KXMLBTEAMTOTAL-26JUL261435SEATEX-SEA3,66-80c,66.0,2.21,1.0,927,True,WIN,34.0,,,,,,favorite,strong_18_23,excellent_lt_3_75,45_50
2026-07-29T04:53:11Z,2026-07-19,2026-07-26,expensive_yes,2026-07-26,SEA@TEX,822870,SEA,TEX,TEX,team_total,team totals,3.0,YES,KXMLBTEAMTOTAL-26JUL261435SEATEX-TEX3,66-80c,66.0,2.44,1.0,927,True,WIN,34.0,,,,,,underdog,solid_13_18,good_3_75_4_25,50_55
2026-07-29T04:53:11Z,2026-07-19,2026-07-26,expensive_yes,2026-07-26,SEA@TEX,822870,SEA,TEX,,f5_total,F5 totals,2.0,YES,KXMLBF5TOTAL-26JUL261435SEATEX-2,81-99c,83.0,9.07,1.0,927,True,WIN,17.0,,,,,,,,,
2026-07-29T04:53:11Z,2026-07-19,2026-07-26,expensive_yes,2026-07-26,SEA@TEX,822870,SEA,TEX,,f5_total,F5 totals,3.0,YES,KXMLBF5TOTAL-26JUL261435SEATEX-3,66-80c,68.0,6.62,1.0,927,True,WIN,32.0,,,,,,,,,
2026-07-29T04:53:11Z,2026-07-19,2026-07-26,expensive_yes,2026-07-26,SEA@TEX,822870,SEA,TEX,,f5_total,F5 totals,1.0,YES,KXMLBF5TOTAL-26JUL261435SEATEX-1,81-99c,95.0,10.48,1.0,927,True,WIN,5.0,,,,,,,,,
2026-07-29T04:53:11Z,2026-07-19,2026-07-26,expensive_yes,2026-07-26,CLE@TB,822950,CLE,TB,,full_game_total,full game totals,6.0,YES,KXMLBTOTAL-26JUL261215CLETB-6,56-65c,63.0,1.29,0.5,834,True,LOSE,-63.0,,,,,,,,,
2026-07-29T04:53:11Z,2026-07-19,2026-07-26,expensive_yes,2026-07-26,CLE@TB,822950,CLE,TB,,full_game_total,full game totals,3.0,YES,KXMLBTOTAL-26JUL261215CLETB-3,81-99c,94.0,2.85,0.5,834,True,LOSE,-94.0,,,,,,,,,
2026-07-29T04:53:11Z,2026-07-19,2026-07-26,expensive_yes,2026-07-26,CLE@TB,822950,CLE,TB,,full_game_total,full game totals,4.0,YES,KXMLBTOTAL-26JUL261215CLETB-4,81-99c,83.0,1.55,0.5,834,True,LOSE,-83.0,,,,,,,,,
2026-07-29T04:53:11Z,2026-07-19,2026-07-26,expensive_yes,2026-07-26,CLE@TB,822950,CLE,TB,,full_game_total,full game totals,5.0,YES,KXMLBTOTAL-26JUL261215CLETB-5,66-80c,77.0,1.16,0.5,834,True,LOSE,-77.0,,,,,,,,,
2026-07-29T04:53:11Z,2026-07-19,2026-07-26,expensive_yes,2026-07-26,CLE@TB,822950,CLE,TB,,full_game_total,full game totals,2.0,YES,KXMLBTOTAL-26JUL261215CLETB-2,81-99c,97.0,2.65,0.5,834,True,LOSE,-97.0,,,,,,,,,
2026-07-29T04:53:11Z,2026-07-19,2026-07-26,expensive_yes,2026-07-26,CLE@TB,822950,CLE,TB,TB,team_total,team totals,2.0,YES,KXMLBTEAMTOTAL-26JUL261215CLETB-TB2,66-80c,80.0,3.08,0.5,834,True,LOSE,-80.0,,,,,,favorite,weak_lt_8,bad_4_75_5_25,50_55
2026-07-29T04:53:11Z,2026-07-19,2026-07-26,expensive_yes,2026-07-26,CLE@TB,822950,CLE,TB,TB,team_total,team totals,3.0,YES,KXMLBTEAMTOTAL-26JUL261215CLETB-TB3,56-65c,65.0,2.63,0.5,834,True,LOSE,-65.0,,,,,,favorite,weak_lt_8,bad_4_75_5_25,50_55
2026-07-29T04:53:11Z,2026-07-19,2026-07-26,expensive_yes,2026-07-26,CLE@TB,822950,CLE,TB,CLE,team_total,team totals,3.0,YES,KXMLBTEAMTOTAL-26JUL261215CLETB-CLE3,56-65c,61.0,3.14,0.5,834,True,LOSE,-61.0,,,,,,underdog,solid_13_18,good_3_75_4_25,45_50
2026-07-29T04:53:11Z,2026-07-19,2026-07-26,expensive_yes,2026-07-26,CLE@TB,822950,CLE,TB,CLE,team_total,team totals,2.0,YES,KXMLBTEAMTOTAL-26JUL261215CLETB-CLE2,66-80c,76.0,2.89,0.5,834,True,LOSE,-76.0,,,,,,underdog,solid_13_18,good_3_75_4_25,45_50
2026-07-29T04:53:11Z,2026-07-19,2026-07-26,expensive_yes,2026-07-26,CLE@TB,822950,CLE,TB,,f5_total,F5 totals,3.0,YES,KXMLBF5TOTAL-26JUL261215CLETB-3,56-65c,65.0,9.51,0.5,834,True,LOSE,-65.0,,,,,,,,,
2026-07-29T04:53:11Z,2026-07-19,2026-07-26,expensive_yes,2026-07-26,CLE@TB,822950,CLE,TB,,f5_total,F5 totals,1.0,YES,KXMLBF5TOTAL-26JUL261215CLETB-1,81-99c,95.0,11.78,0.5,834,True,WIN,5.0,,,,,,,,,
2026-07-29T04:53:11Z,2026-07-19,2026-07-26,expensive_yes,2026-07-26,CLE@TB,822950,CLE,TB,,f5_total,F5 totals,2.0,YES,KXMLBF5TOTAL-26JUL261215CLETB-2,81-99c,83.0,8.16,0.5,834,True,LOSE,-83.0,,,,,,,,,
2026-07-29T04:53:11Z,2026-07-19,2026-07-26,expensive_yes,2026-07-26,CIN@STL,823028,CIN,STL,,full_game_total,full game totals,8.0,YES,KXMLBTOTAL-26JUL261415CINSTL-8,56-65c,59.0,1.13,0.7,915,True,WIN,41.0,,,,,,,,,
2026-07-29T04:53:11Z,2026-07-19,2026-07-26,expensive_yes,2026-07-26,CIN@STL,823028,CIN,STL,,full_game_total,full game totals,7.0,YES,KXMLBTOTAL-26JUL261415CINSTL-7,66-80c,70.0,1.02,0.7,915,True,WIN,30.0,,,,,,,,,
2026-07-29T04:53:11Z,2026-07-19,2026-07-26,expensive_yes,2026-07-26,CIN@STL,823028,CIN,STL,,full_game_total,full game totals,4.0,YES,KXMLBTOTAL-26JUL261415CINSTL-4,81-99c,92.0,2.57,0.7,915,True,WIN,8.0,,,,,,,,,
2026-07-29T04:53:11Z,2026-07-19,2026-07-26,expensive_yes,2026-07-26,CIN@STL,823028,CIN,STL,,full_game_total,full game totals,3.0,YES,KXMLBTOTAL-26JUL261415CINSTL-3,81-99c,97.0,2.14,0.7,915,True,WIN,3.0,,,,,,,,,
2026-07-29T04:53:11Z,2026-07-19,2026-07-26,expensive_yes,2026-07-26,CIN@STL,823028,CIN,STL,,full_game_total,full game totals,5.0,YES,KXMLBTOTAL-26JUL261415CINSTL-5,81-99c,88.0,1.38,0.7,915,True,WIN,12.0,,,,,,,,,
2026-07-29T04:53:11Z,2026-07-19,2026-07-26,expensive_yes,2026-07-26,CIN@STL,823028,CIN,STL,,full_game_total,full game totals,6.0,YES,KXMLBTOTAL-26JUL261415CINSTL-6,66-80c,77.0,1.47,0.7,915,True,WIN,23.0,,,,,,,,,
2026-07-29T04:53:11Z,2026-07-19,2026-07-26,expensive_yes,2026-07-26,CIN@STL,823028,CIN,STL,CIN,team_total,team totals,3.0,YES,KXMLBTEAMTOTAL-26JUL261415CINSTL-CIN3,66-80c,72.0,2.54,0.7,915,True,WIN,28.0,,,,,,underdog,below_avg_8_13,avg_4_25_4_75,45_50
2026-07-29T04:53:11Z,2026-07-19,2026-07-26,expensive_yes,2026-07-26,CIN@STL,823028,CIN,STL,CIN,team_total,team totals,2.0,YES,KXMLBTEAMTOTAL-26JUL261415CINSTL-CIN2,81-99c,84.0,2.21,0.7,915,True,WIN,16.0,,,,,,underdog,below_avg_8_13,avg_4_25_4_75,45_50
2026-07-29T04:53:11Z,2026-07-19,2026-07-26,expensive_yes,2026-07-26,CIN@STL,823028,CIN,STL,CIN,team_total,team totals,4.0,YES,KXMLBTEAMTOTAL-26JUL261415CINSTL-CIN4,56-65c,58.0,2.79,0.7,915,True,WIN,42.0,0.0,0.531,,,,underdog,below_avg_8_13,avg_4_25_4_75,45_50
2026-07-29T04:53:11Z,2026-07-19,2026-07-26,expensive_yes,2026-07-26,CIN@STL,823028,CIN,STL,STL,team_total,team totals,2.0,YES,KXMLBTEAMTOTAL-26JUL261415CINSTL-STL2,81-99c,86.0,2.51,0.7,915,True,WIN,14.0,,,,,,favorite,below_avg_8_13,bad_4_75_5_25,40_45
2026-07-29T04:53:11Z,2026-07-19,2026-07-26,expensive_yes,2026-07-26,CIN@STL,823028,CIN,STL,STL,team_total,team totals,4.0,YES,KXMLBTEAMTOTAL-26JUL261415CINSTL-STL4,56-65c,60.0,2.54,0.7,915,True,LOSE,-60.0,0.0856,0.531,,,,favorite,below_avg_8_13,bad_4_75_5_25,40_45
2026-07-29T04:53:11Z,2026-07-19,2026-07-26,expensive_yes,2026-07-26,CIN@STL,823028,CIN,STL,STL,team_total,team totals,3.0,YES,KXMLBTEAMTOTAL-26JUL261415CINSTL-STL3,66-80c,75.0,2.46,0.7,915,True,WIN,25.0,,,,,,favorite,below_avg_8_13,bad_4_75_5_25,40_45
2026-07-29T04:53:11Z,2026-07-19,2026-07-26,expensive_yes,2026-07-26,CIN@STL,823028,CIN,STL,,f5_total,F5 totals,3.0,YES,KXMLBF5TOTAL-26JUL261415CINSTL-3,66-80c,79.0,8.67,0.7,915,True,WIN,21.0,,,,,,,,,
2026-07-29T04:53:11Z,2026-07-19,2026-07-26,expensive_yes,2026-07-26,CIN@STL,823028,CIN,STL,,f5_total,F5 totals,2.0,YES,KXMLBF5TOTAL-26JUL261415CINSTL-2,81-99c,90.0,10.98,0.7,915,True,WIN,10.0,,,,,,,,,
2026-07-29T04:53:11Z,2026-07-19,2026-07-26,expensive_yes,2026-07-26,CIN@STL,823028,CIN,STL,,f5_total,F5 totals,4.0,YES,KXMLBF5TOTAL-26JUL261415CINSTL-4,66-80c,67.0,8.57,0.7,915,True,WIN,33.0,,,,,,,,,
2026-07-29T04:53:11Z,2026-07-19,2026-07-26,expensive_yes,2026-07-26,CIN@STL,823028,CIN,STL,,f5_total,F5 totals,1.0,YES,KXMLBF5TOTAL-26JUL261415CINSTL-1,81-99c,97.0,10.33,0.7,915,True,WIN,3.0,,,,,,,,,
2026-07-29T04:53:11Z,2026-07-19,2026-07-26,expensive_yes,2026-07-26,LAA@SF,823194,LAA,SF,,full_game_total,full game totals,3.0,YES,KXMLBTOTAL-26JUL261605LAASF-3,81-99c,98.0,2.4,0.3,976,True,WIN,2.0,,,,,,,,,
2026-07-29T04:53:11Z,2026-07-19,2026-07-26,expensive_yes,2026-07-26,LAA@SF,823194,LAA,SF,,full_game_total,full game totals,8.0,YES,KXMLBTOTAL-26JUL261605LAASF-8,56-65c,58.0,1.09,0.3,976,True,LOSE,-58.0,,,,,,,,,
2026-07-29T04:53:11Z,2026-07-19,2026-07-26,expensive_yes,2026-07-26,LAA@SF,823194,LAA,SF,,full_game_total,full game totals,7.0,YES,KXMLBTOTAL-26JUL261605LAASF-7,66-80c,70.0,1.15,0.3,976,True,WIN,30.0,,,,,,,,,
2026-07-29T04:53:11Z,2026-07-19,2026-07-26,expensive_yes,2026-07-26,LAA@SF,823194,LAA,SF,,full_game_total,full game totals,4.0,YES,KXMLBTOTAL-26JUL261605LAASF-4,81-99c,92.0,2.0,0.3,976,True,WIN,8.0,,,,,,,,,
2026-07-29T04:53:11Z,2026-07-19,2026-07-26,expensive_yes,2026-07-26,LAA@SF,823194,LAA,SF,,full_game_total,full game totals,6.0,YES,KXMLBTOTAL-26JUL261605LAASF-6,66-80c,76.0,1.32,0.3,976,True,WIN,24.0,,,,,,,,,
2026-07-29T04:53:11Z,2026-07-19,2026-07-26,expensive_yes,2026-07-26,LAA@SF,823194,LAA,SF,,full_game_total,full game totals,5.0,YES,KXMLBTOTAL-26JUL261605LAASF-5,81-99c,87.0,1.6,0.3,976,True,WIN,13.0,,,,,,,,,
2026-07-29T04:53:11Z,2026-07-19,2026-07-26,expensive_yes,2026-07-26,LAA@SF,823194,LAA,SF,SF,team_total,team totals,4.0,YES,KXMLBTEAMTOTAL-26JUL261605LAASF-SF4,56-65c,57.0,3.91,0.3,976,True,LOSE,-57.0,0.2025,0.5667,,,,favorite,weak_lt_8,avg_4_25_4_75,45_50
2026-07-29T04:53:11Z,2026-07-19,2026-07-26,expensive_yes,2026-07-26,LAA@SF,823194,LAA,SF,LAA,team_total,team totals,2.0,YES,KXMLBTEAMTOTAL-26JUL261605LAASF-LAA2,81-99c,87.0,2.27,0.3,976,True,WIN,13.0,,,,,,underdog,weak_lt_8,very_bad_5_25_plus,lt_40
2026-07-29T04:53:11Z,2026-07-19,2026-07-26,expensive_yes,2026-07-26,LAA@SF,823194,LAA,SF,LAA,team_total,team totals,4.0,YES,KXMLBTEAMTOTAL-26JUL261605LAASF-LAA4,56-65c,62.0,3.43,0.3,976,True,WIN,38.0,0.0,0.531,,,,underdog,weak_lt_8,very_bad_5_25_plus,lt_40
2026-07-29T04:53:11Z,2026-07-19,2026-07-26,expensive_yes,2026-07-26,LAA@SF,823194,LAA,SF,SF,team_total,team totals,2.0,YES,KXMLBTEAMTOTAL-26JUL261605LAASF-SF2,81-99c,86.0,2.15,0.3,976,True,WIN,14.0,,,,,,favorite,weak_lt_8,avg_4_25_4_75,45_50
2026-07-29T04:53:11Z,2026-07-19,2026-07-26,expensive_yes,2026-07-26,LAA@SF,823194,LAA,SF,LAA,team_total,team totals,3.0,YES,KXMLBTEAMTOTAL-26JUL261605LAASF-LAA3,66-80c,75.0,2.91,0.3,976,True,WIN,25.0,,,,,,underdog,weak_lt_8,very_bad_5_25_plus,lt_40
2026-07-29T04:53:11Z,2026-07-19,2026-07-26,expensive_yes,2026-07-26,LAA@SF,823194,LAA,SF,SF,team_total,team totals,3.0,YES,KXMLBTEAMTOTAL-26JUL261605LAASF-SF3,66-80c,72.0,2.87,0.3,976,True,WIN,28.0,,,,,,favorite,weak_lt_8,avg_4_25_4_75,45_50
2026-07-29T04:53:11Z,2026-07-19,2026-07-26,expensive_yes,2026-07-26,LAA@SF,823194,LAA,SF,,f5_total,F5 totals,4.0,YES,KXMLBF5TOTAL-26JUL261605LAASF-4,56-65c,65.0,6.55,0.3,976,True,WIN,35.0,,,,,,,,,
2026-07-29T04:53:11Z,2026-07-19,2026-07-26,expensive_yes,2026-07-26,LAA@SF,823194,LAA,SF,,f5_total,F5 totals,2.0,YES,KXMLBF5TOTAL-26JUL261605LAASF-2,81-99c,87.0,11.44,0.3,976,True,WIN,13.0,,,,,,,,,
2026-07-29T04:53:11Z,2026-07-19,2026-07-26,expensive_yes,2026-07-26,LAA@SF,823194,LAA,SF,,f5_total,F5 totals,1.0,YES,KXMLBF5TOTAL-26JUL261605LAASF-1,81-99c,96.0,10.56,0.3,976,True,WIN,4.0,,,,,,,,,
2026-07-29T04:53:11Z,2026-07-19,2026-07-26,expensive_yes,2026-07-26,LAA@SF,823194,LAA,SF,,f5_total,F5 totals,3.0,YES,KXMLBF5TOTAL-26JUL261605LAASF-3,66-80c,76.0,7.78,0.3,976,True,WIN,24.0,,,,,,,,,
2026-07-29T04:53:11Z,2026-07-19,2026-07-26,expensive_yes,2026-07-26,CHC@PIT,823354,CHC,PIT,PIT,moneyline,moneyline,,YES,KXMLBGAME-26JUL261335CHCPIT-PIT,56-65c,57.0,1.46,0.9,3175,True,WIN,43.0,0.1061,0.5039,,,,underdog,below_avg_8_13,very_bad_5_25_plus,50_55
2026-07-29T04:53:11Z,2026-07-19,2026-07-26,expensive_yes,2026-07-26,CHC@PIT,823354,CHC,PIT,,full_game_total,full game totals,4.0,YES,KXMLBTOTAL-26JUL261335CHCPIT-4,81-99c,94.0,2.51,0.9,895,True,WIN,6.0,,,,,,,,,
2026-07-29T04:53:11Z,2026-07-19,2026-07-26,expensive_yes,2026-07-26,CHC@PIT,823354,CHC,PIT,,full_game_total,full game totals,6.0,YES,KXMLBTOTAL-26JUL261335CHCPIT-6,66-80c,80.0,1.66,0.9,895,True,WIN,20.0,,,,,,,,,
2026-07-29T04:53:11Z,2026-07-19,2026-07-26,expensive_yes,2026-07-26,CHC@PIT,823354,CHC,PIT,,full_game_total,full game totals,8.0,YES,KXMLBTOTAL-26JUL261335CHCPIT-8,56-65c,63.0,1.07,0.9,895,True,WIN,37.0,,,,,,,,,
2026-07-29T04:53:11Z,2026-07-19,2026-07-26,expensive_yes,2026-07-26,CHC@PIT,823354,CHC,PIT,,full_game_total,full game totals,5.0,YES,KXMLBTOTAL-26JUL261335CHCPIT-5,81-99c,90.0,1.48,0.9,895,True,WIN,10.0,,,,,,,,,
2026-07-29T04:53:11Z,2026-07-19,2026-07-26,expensive_yes,2026-07-26,CHC@PIT,823354,CHC,PIT,,full_game_total,full game totals,3.0,YES,KXMLBTOTAL-26JUL261335CHCPIT-3,81-99c,98.0,2.35,0.9,895,True,WIN,2.0,,,,,,,,,
2026-07-29T04:53:11Z,2026-07-19,2026-07-26,expensive_yes,2026-07-26,CHC@PIT,823354,CHC,PIT,,full_game_total,full game totals,7.0,YES,KXMLBTOTAL-26JUL261335CHCPIT-7,66-80c,73.0,1.16,0.9,895,True,WIN,27.0,,,,,,,,,
2026-07-29T04:53:11Z,2026-07-19,2026-07-26,expensive_yes,2026-07-26,CHC@PIT,823354,CHC,PIT,CHC,team_total,team totals,2.0,YES,KXMLBTEAMTOTAL-26JUL261335CHCPIT-CHC2,81-99c,85.0,2.18,0.9,895,True,WIN,15.0,,,,,,favorite,strong_18_23,good_3_75_4_25,50_55
2026-07-29T04:53:11Z,2026-07-19,2026-07-26,expensive_yes,2026-07-26,CHC@PIT,823354,CHC,PIT,PIT,team_total,team totals,4.0,YES,KXMLBTEAMTOTAL-26JUL261335CHCPIT-PIT4,56-65c,65.0,2.85,0.9,895,True,WIN,35.0,0.1159,0.5883,,,,underdog,below_avg_8_13,very_bad_5_25_plus,50_55
2026-07-29T04:53:11Z,2026-07-19,2026-07-26,expensive_yes,2026-07-26,CHC@PIT,823354,CHC,PIT,CHC,team_total,team totals,3.0,YES,KXMLBTEAMTOTAL-26JUL261335CHCPIT-CHC3,66-80c,72.0,2.74,0.9,895,True,WIN,28.0,,,,,,favorite,strong_18_23,good_3_75_4_25,50_55
2026-07-29T04:53:11Z,2026-07-19,2026-07-26,expensive_yes,2026-07-26,CHC@PIT,823354,CHC,PIT,PIT,team_total,team totals,2.0,YES,KXMLBTEAMTOTAL-26JUL261335CHCPIT-PIT2,81-99c,90.0,3.11,0.9,895,True,WIN,10.0,,,,,,underdog,below_avg_8_13,very_bad_5_25_plus,50_55
2026-07-29T04:53:11Z,2026-07-19,2026-07-26,expensive_yes,2026-07-26,CHC@PIT,823354,CHC,PIT,PIT,team_total,team totals,3.0,YES,KXMLBTEAMTOTAL-26JUL261335CHCPIT-PIT3,66-80c,78.0,2.18,0.9,895,True,WIN,22.0,,,,,,underdog,below_avg_8_13,very_bad_5_25_plus,50_55
2026-07-29T04:53:11Z,2026-07-19,2026-07-26,expensive_yes,2026-07-26,CHC@PIT,823354,CHC,PIT,CHC,team_total,team totals,4.0,YES,KXMLBTEAMTOTAL-26JUL261335CHCPIT-CHC4,56-65c,57.0,2.79,0.9,895,True,WIN,43.0,0.1037,0.5883,,,,favorite,strong_18_23,good_3_75_4_25,50_55
2026-07-29T04:53:11Z,2026-07-19,2026-07-26,expensive_yes,2026-07-26,CHC@PIT,823354,CHC,PIT,,f5_total,F5 totals,4.0,YES,KXMLBF5TOTAL-26JUL261335CHCPIT-4,66-80c,67.0,7.33,0.9,895,True,WIN,33.0,,,,,,,,,
2026-07-29T04:53:11Z,2026-07-19,2026-07-26,expensive_yes,2026-07-26,CHC@PIT,823354,CHC,PIT,,f5_total,F5 totals,2.0,YES,KXMLBF5TOTAL-26JUL261335CHCPIT-2,81-99c,91.0,11.13,0.9,895,True,WIN,9.0,,,,,,,,,
2026-07-29T04:53:11Z,2026-07-19,2026-07-26,expensive_yes,2026-07-26,CHC@PIT,823354,CHC,PIT,,f5_total,F5 totals,1.0,YES,KXMLBF5TOTAL-26JUL261335CHCPIT-1,81-99c,97.0,11.25,0.9,895,True,WIN,3.0,,,,,,,,,
2026-07-29T04:53:11Z,2026-07-19,2026-07-26,expensive_yes,2026-07-26,CHC@PIT,823354,CHC,PIT,,f5_total,F5 totals,3.0,YES,KXMLBF5TOTAL-26JUL261335CHCPIT-3,66-80c,79.0,8.26,0.9,895,True,WIN,21.0,,,,,,,,,
2026-07-29T04:53:11Z,2026-07-19,2026-07-26,expensive_yes,2026-07-26,NYY@PHI,823433,NYY,PHI,PHI,moneyline,moneyline,,YES,KXMLBGAME-26JUL261920NYYPHI-PHI,66-80c,66.0,2.09,1.1,3030,True,WIN,34.0,0.0,0.472,,,,underdog,weak_lt_8,very_bad_5_25_plus,40_45
2026-07-29T04:53:11Z,2026-07-19,2026-07-26,expensive_yes,2026-07-26,NYY@PHI,823433,NYY,PHI,,full_game_total,full game totals,6.0,YES,KXMLBTOTAL-26JUL261920NYYPHI-6,66-80c,74.0,1.39,1.1,1150,True,WIN,26.0,,,,,,,,,
2026-07-29T04:53:11Z,2026-07-19,2026-07-26,expensive_yes,2026-07-26,NYY@PHI,823433,NYY,PHI,,full_game_total,full game totals,7.0,YES,KXMLBTOTAL-26JUL261920NYYPHI-7,66-80c,66.0,1.1,1.1,1150,True,WIN,34.0,,,,,,,,,
2026-07-29T04:53:11Z,2026-07-19,2026-07-26,expensive_yes,2026-07-26,NYY@PHI,823433,NYY,PHI,,full_game_total,full game totals,5.0,YES,KXMLBTOTAL-26JUL261920NYYPHI-5,81-99c,85.0,1.19,1.1,1150,True,WIN,15.0,,,,,,,,,
2026-07-29T04:53:11Z,2026-07-19,2026-07-26,expensive_yes,2026-07-26,NYY@PHI,823433,NYY,PHI,,full_game_total,full game totals,4.0,YES,KXMLBTOTAL-26JUL261920NYYPHI-4,81-99c,90.0,2.73,1.1,1150,True,WIN,10.0,,,,,,,,,
2026-07-29T04:53:11Z,2026-07-19,2026-07-26,expensive_yes,2026-07-26,NYY@PHI,823433,NYY,PHI,,full_game_total,full game totals,3.0,YES,KXMLBTOTAL-26JUL261920NYYPHI-3,81-99c,96.0,1.4,1.1,1150,True,WIN,4.0,,,,,,,,,
2026-07-29T04:53:11Z,2026-07-19,2026-07-26,expensive_yes,2026-07-26,NYY@PHI,823433,NYY,PHI,PHI,team_total,team totals,3.0,YES,KXMLBTEAMTOTAL-26JUL261920NYYPHI-PHI3,66-80c,77.0,4.28,1.1,1150,True,WIN,23.0,,,,,,underdog,weak_lt_8,very_bad_5_25_plus,40_45
2026-07-29T04:53:11Z,2026-07-19,2026-07-26,expensive_yes,2026-07-26,NYY@PHI,823433,NYY,PHI,NYY,team_total,team totals,2.0,YES,KXMLBTEAMTOTAL-26JUL261920NYYPHI-NYY2,66-80c,75.0,4.2,1.1,1150,True,WIN,25.0,,,,,,favorite,solid_13_18,excellent_lt_3_75,40_45
2026-07-29T04:53:11Z,2026-07-19,2026-07-26,expensive_yes,2026-07-26,NYY@PHI,823433,NYY,PHI,PHI,team_total,team totals,4.0,YES,KXMLBTEAMTOTAL-26JUL261920NYYPHI-PHI4,56-65c,64.0,4.06,1.1,1150,True,WIN,36.0,0.0481,0.531,,,,underdog,weak_lt_8,very_bad_5_25_plus,40_45
2026-07-29T04:53:11Z,2026-07-19,2026-07-26,expensive_yes,2026-07-26,NYY@PHI,823433,NYY,PHI,NYY,team_total,team totals,3.0,YES,KXMLBTEAMTOTAL-26JUL261920NYYPHI-NYY3,56-65c,60.0,4.25,1.1,1150,True,WIN,40.0,,,,,,favorite,solid_13_18,excellent_lt_3_75,40_45
2026-07-29T04:53:11Z,2026-07-19,2026-07-26,expensive_yes,2026-07-26,NYY@PHI,823433,NYY,PHI,PHI,team_total,team totals,2.0,YES,KXMLBTEAMTOTAL-26JUL261920NYYPHI-PHI2,81-99c,90.0,4.81,1.1,1150,True,WIN,10.0,,,,,,underdog,weak_lt_8,very_bad_5_25_plus,40_45
2026-07-29T04:53:11Z,2026-07-19,2026-07-26,expensive_yes,2026-07-26,NYY@PHI,823433,NYY,PHI,PHI,f5_winner,F5 winner,,YES,KXMLBF5-26JUL261920NYYPHI-PHI,56-65c,61.0,3.37,1.1,1150,True,WIN,39.0,,,,,,underdog,weak_lt_8,very_bad_5_25_plus,40_45
2026-07-29T04:53:11Z,2026-07-19,2026-07-26,expensive_yes,2026-07-26,NYY@PHI,823433,NYY,PHI,,f5_total,F5 totals,4.0,YES,KXMLBF5TOTAL-26JUL261920NYYPHI-4,56-65c,61.0,6.61,1.1,1150,True,WIN,39.0,,,,,,,,,
2026-07-29T04:53:11Z,2026-07-19,2026-07-26,expensive_yes,2026-07-26,NYY@PHI,823433,NYY,PHI,,f5_total,F5 totals,3.0,YES,KXMLBF5TOTAL-26JUL261920NYYPHI-3,66-80c,72.0,6.9,1.1,1150,True,WIN,28.0,,,,,,,,,
2026-07-29T04:53:11Z,2026-07-19,2026-07-26,expensive_yes,2026-07-26,NYY@PHI,823433,NYY,PHI,,f5_total,F5 totals,2.0,YES,KXMLBF5TOTAL-26JUL261920NYYPHI-2,81-99c,82.0,10.17,1.1,1150,True,WIN,18.0,,,,,,,,,
2026-07-29T04:53:11Z,2026-07-19,2026-07-26,expensive_yes,2026-07-26,NYY@PHI,823433,NYY,PHI,,f5_total,F5 totals,1.0,YES,KXMLBF5TOTAL-26JUL261920NYYPHI-1,81-99c,96.0,8.95,1.1,1150,True,WIN,4.0,,,,,,,,,
2026-07-29T04:53:11Z,2026-07-19,2026-07-26,expensive_yes,2026-07-26,LAD@NYM,823599,LAD,NYM,LAD,moneyline,moneyline,,YES,KXMLBGAME-26JUL261340LADNYM-LAD,56-65c,59.0,1.97,0.7,3179,True,LOSE,-59.0,0.1982,0.5039,,,,favorite,weak_lt_8,very_bad_5_25_plus,45_50
2026-07-29T04:53:11Z,2026-07-19,2026-07-26,expensive_yes,2026-07-26,LAD@NYM,823599,LAD,NYM,,full_game_total,full game totals,4.0,YES,KXMLBTOTAL-26JUL261340LADNYM-4,81-99c,93.0,2.59,0.7,899,True,WIN,7.0,,,,,,,,,
2026-07-29T04:53:11Z,2026-07-19,2026-07-26,expensive_yes,2026-07-26,LAD@NYM,823599,LAD,NYM,,full_game_total,full game totals,7.0,YES,KXMLBTOTAL-26JUL261340LADNYM-7,66-80c,72.0,1.25,0.7,899,True,WIN,28.0,,,,,,,,,
2026-07-29T04:53:11Z,2026-07-19,2026-07-26,expensive_yes,2026-07-26,LAD@NYM,823599,LAD,NYM,,full_game_total,full game totals,8.0,YES,KXMLBTOTAL-26JUL261340LADNYM-8,56-65c,61.0,1.01,0.7,899,True,WIN,39.0,,,,,,,,,
2026-07-29T04:53:11Z,2026-07-19,2026-07-26,expensive_yes,2026-07-26,LAD@NYM,823599,LAD,NYM,,full_game_total,full game totals,6.0,YES,KXMLBTOTAL-26JUL261340LADNYM-6,66-80c,78.0,1.39,0.7,899,True,WIN,22.0,,,,,,,,,
2026-07-29T04:53:11Z,2026-07-19,2026-07-26,expensive_yes,2026-07-26,LAD@NYM,823599,LAD,NYM,,full_game_total,full game totals,5.0,YES,KXMLBTOTAL-26JUL261340LADNYM-5,81-99c,87.0,1.99,0.7,899,True,WIN,13.0,,,,,,,,,
2026-07-29T04:53:11Z,2026-07-19,2026-07-26,expensive_yes,2026-07-26,LAD@NYM,823599,LAD,NYM,LAD,team_total,team totals,3.0,YES,KXMLBTEAMTOTAL-26JUL261340LADNYM-LAD3,66-80c,77.0,2.47,0.7,899,True,WIN,23.0,,,,,,favorite,weak_lt_8,very_bad_5_25_plus,45_50
2026-07-29T04:53:11Z,2026-07-19,2026-07-26,expensive_yes,2026-07-26,LAD@NYM,823599,LAD,NYM,NYM,team_total,team totals,3.0,YES,KXMLBTEAMTOTAL-26JUL261340LADNYM-NYM3,66-80c,68.0,2.45,0.7,899,True,WIN,32.0,,,,,,underdog,solid_13_18,bad_4_75_5_25,lt_40
2026-07-29T04:53:11Z,2026-07-19,2026-07-26,expensive_yes,2026-07-26,LAD@NYM,823599,LAD,NYM,LAD,team_total,team totals,4.0,YES,KXMLBTEAMTOTAL-26JUL261340LADNYM-LAD4,66-80c,66.0,2.24,0.7,899,True,LOSE,-66.0,0.2753,0.5667,,,,favorite,weak_lt_8,very_bad_5_25_plus,45_50
2026-07-29T04:53:11Z,2026-07-19,2026-07-26,expensive_yes,2026-07-26,LAD@NYM,823599,LAD,NYM,NYM,team_total,team totals,2.0,YES,KXMLBTEAMTOTAL-26JUL261340LADNYM-NYM2,81-99c,82.0,1.86,0.7,899,True,WIN,18.0,,,,,,underdog,solid_13_18,bad_4_75_5_25,lt_40
2026-07-29T04:53:11Z,2026-07-19,2026-07-26,expensive_yes,2026-07-26,LAD@NYM,823599,LAD,NYM,LAD,team_total,team totals,2.0,YES,KXMLBTEAMTOTAL-26JUL261340LADNYM-LAD2,81-99c,89.0,2.68,0.7,899,True,WIN,11.0,,,,,,favorite,weak_lt_8,very_bad_5_25_plus,45_50
2026-07-29T04:53:11Z,2026-07-19,2026-07-26,expensive_yes,2026-07-26,LAD@NYM,823599,LAD,NYM,,f5_total,F5 totals,1.0,YES,KXMLBF5TOTAL-26JUL261340LADNYM-1,81-99c,98.0,10.88,0.7,899,True,WIN,2.0,,,,,,,,,
2026-07-29T04:53:11Z,2026-07-19,2026-07-26,expensive_yes,2026-07-26,LAD@NYM,823599,LAD,NYM,,f5_total,F5 totals,4.0,YES,KXMLBF5TOTAL-26JUL261340LADNYM-4,66-80c,67.0,8.92,0.7,899,True,WIN,33.0,,,,,,,,,
2026-07-29T04:53:11Z,2026-07-19,2026-07-26,expensive_yes,2026-07-26,LAD@NYM,823599,LAD,NYM,,f5_total,F5 totals,2.0,YES,KXMLBF5TOTAL-26JUL261340LADNYM-2,81-99c,91.0,11.17,0.7,899,True,WIN,9.0,,,,,,,,,
2026-07-29T04:53:11Z,2026-07-19,2026-07-26,expensive_yes,2026-07-26,LAD@NYM,823599,LAD,NYM,,f5_total,F5 totals,3.0,YES,KXMLBF5TOTAL-26JUL261340LADNYM-3,66-80c,80.0,8.95,0.7,899,True,WIN,20.0,,,,,,,,,
2026-07-29T04:53:11Z,2026-07-19,2026-07-26,expensive_yes,2026-07-26,ATH@MIN,823678,ATH,MIN,MIN,moneyline,moneyline,,YES,KXMLBGAME-26JUL261410ATHMIN-MIN,56-65c,60.0,1.95,0.9,3141,True,WIN,40.0,0.2661,0.5286,,,,favorite,weak_lt_8,very_bad_5_25_plus,40_45
2026-07-29T04:53:11Z,2026-07-19,2026-07-26,expensive_yes,2026-07-26,ATH@MIN,823678,ATH,MIN,,full_game_total,full game totals,5.0,YES,KXMLBTOTAL-26JUL261410ATHMIN-5,81-99c,93.0,1.57,0.9,741,True,WIN,7.0,,,,,,,,,
2026-07-29T04:53:11Z,2026-07-19,2026-07-26,expensive_yes,2026-07-26,ATH@MIN,823678,ATH,MIN,,full_game_total,full game totals,9.0,YES,KXMLBTOTAL-26JUL261410ATHMIN-9,56-65c,63.0,1.02,0.9,741,True,WIN,37.0,,,,,,,,,
2026-07-29T04:53:11Z,2026-07-19,2026-07-26,expensive_yes,2026-07-26,ATH@MIN,823678,ATH,MIN,,full_game_total,full game totals,7.0,YES,KXMLBTOTAL-26JUL261410ATHMIN-7,66-80c,80.0,1.3,0.9,741,True,WIN,20.0,,,,,,,,,
2026-07-29T04:53:11Z,2026-07-19,2026-07-26,expensive_yes,2026-07-26,ATH@MIN,823678,ATH,MIN,,full_game_total,full game totals,8.0,YES,KXMLBTOTAL-26JUL261410ATHMIN-8,66-80c,70.0,1.22,0.9,741,True,WIN,30.0,,,,,,,,,
2026-07-29T04:53:11Z,2026-07-19,2026-07-26,expensive_yes,2026-07-26,ATH@MIN,823678,ATH,MIN,,full_game_total,full game totals,6.0,YES,KXMLBTOTAL-26JUL261410ATHMIN-6,81-99c,86.0,1.35,0.9,741,True,WIN,14.0,,,,,,,,,
2026-07-29T04:53:11Z,2026-07-19,2026-07-26,expensive_yes,2026-07-26,ATH@MIN,823678,ATH,MIN,MIN,team_total,team totals,4.0,YES,KXMLBTEAMTOTAL-26JUL261410ATHMIN-MIN4,66-80c,69.0,1.87,0.9,741,True,WIN,31.0,0.225,0.5667,,,,favorite,weak_lt_8,very_bad_5_25_plus,40_45
2026-07-29T04:53:11Z,2026-07-19,2026-07-26,expensive_yes,2026-07-26,ATH@MIN,823678,ATH,MIN,ATH,team_total,team totals,2.0,YES,KXMLBTEAMTOTAL-26JUL261410ATHMIN-ATH2,81-99c,86.0,1.53,0.9,741,True,WIN,14.0,,,,,,underdog,solid_13_18,good_3_75_4_25,45_50
2026-07-29T04:53:11Z,2026-07-19,2026-07-26,expensive_yes,2026-07-26,ATH@MIN,823678,ATH,MIN,MIN,team_total,team totals,5.0,YES,KXMLBTEAMTOTAL-26JUL261410ATHMIN-MIN5,56-65c,58.0,1.46,0.9,741,True,WIN,42.0,,,,,,favorite,weak_lt_8,very_bad_5_25_plus,40_45
2026-07-29T04:53:11Z,2026-07-19,2026-07-26,expensive_yes,2026-07-26,ATH@MIN,823678,ATH,MIN,MIN,team_total,team totals,2.0,YES,KXMLBTEAMTOTAL-26JUL261410ATHMIN-MIN2,81-99c,92.0,2.23,0.9,741,True,WIN,8.0,,,,,,favorite,weak_lt_8,very_bad_5_25_plus,40_45
2026-07-29T04:53:11Z,2026-07-19,2026-07-26,expensive_yes,2026-07-26,ATH@MIN,823678,ATH,MIN,ATH,team_total,team totals,3.0,YES,KXMLBTEAMTOTAL-26JUL261410ATHMIN-ATH3,66-80c,75.0,1.57,0.9,741,True,WIN,25.0,,,,,,underdog,solid_13_18,good_3_75_4_25,45_50
2026-07-29T04:53:11Z,2026-07-19,2026-07-26,expensive_yes,2026-07-26,ATH@MIN,823678,ATH,MIN,ATH,team_total,team totals,4.0,YES,KXMLBTEAMTOTAL-26JUL261410ATHMIN-ATH4,56-65c,62.0,1.49,0.9,741,True,WIN,38.0,0.0,0.531,,,,underdog,solid_13_18,good_3_75_4_25,45_50
2026-07-29T04:53:11Z,2026-07-19,2026-07-26,expensive_yes,2026-07-26,ATH@MIN,823678,ATH,MIN,MIN,team_total,team totals,3.0,YES,KXMLBTEAMTOTAL-26JUL261410ATHMIN-MIN3,81-99c,82.0,1.11,0.9,741,True,WIN,18.0,,,,,,favorite,weak_lt_8,very_bad_5_25_plus,40_45
2026-07-29T04:53:11Z,2026-07-19,2026-07-26,expensive_yes,2026-07-26,ATH@MIN,823678,ATH,MIN,,f5_total,F5 totals,2.0,YES,KXMLBF5TOTAL-26JUL261410ATHMIN-2,81-99c,93.0,10.58,0.9,741,True,WIN,7.0,,,,,,,,,
2026-07-29T04:53:11Z,2026-07-19,2026-07-26,expensive_yes,2026-07-26,ATH@MIN,823678,ATH,MIN,,f5_total,F5 totals,3.0,YES,KXMLBF5TOTAL-26JUL261410ATHMIN-3,81-99c,85.0,1.17,0.9,741,True,WIN,15.0,,,,,,,,,
2026-07-29T04:53:11Z,2026-07-19,2026-07-26,expensive_yes,2026-07-26,ATH@MIN,823678,ATH,MIN,,f5_total,F5 totals,1.0,YES,KXMLBF5TOTAL-26JUL261410ATHMIN-1,81-99c,98.0,9.1,0.9,741,True,WIN,2.0,,,,,,,,,
2026-07-29T04:53:11Z,2026-07-19,2026-07-26,expensive_yes,2026-07-26,ATH@MIN,823678,ATH,MIN,,f5_total,F5 totals,4.0,YES,KXMLBF5TOTAL-26JUL261410ATHMIN-4,66-80c,73.0,1.91,0.9,741,True,WIN,27.0,,,,,,,,,
2026-07-29T04:53:11Z,2026-07-19,2026-07-26,expensive_yes,2026-07-26,ATH@MIN,823678,ATH,MIN,,f5_total,F5 totals,5.0,YES,KXMLBF5TOTAL-26JUL261410ATHMIN-5,56-65c,61.0,1.73,0.9,741,True,WIN,39.0,,,,,,,,,
2026-07-29T04:53:11Z,2026-07-19,2026-07-26,expensive_yes,2026-07-26,COL@MIL,823755,COL,MIL,MIL,moneyline,moneyline,,YES,KXMLBGAME-26JUL261410COLMIL-MIL,66-80c,77.0,1.96,0.9,3141,True,WIN,23.0,0.4803,0.6039,,,,favorite,solid_13_18,bad_4_75_5_25,45_50
2026-07-29T04:53:11Z,2026-07-19,2026-07-26,expensive_yes,2026-07-26,COL@MIL,823755,COL,MIL,MIL,spread_run_line,runline/spread,2.0,YES,KXMLBSPREAD-26JUL261410COLMIL-MIL2,56-65c,60.0,1.12,0.9,921,True,WIN,40.0,,,,,,favorite,solid_13_18,bad_4_75_5_25,45_50
2026-07-29T04:53:11Z,2026-07-19,2026-07-26,expensive_yes,2026-07-26,COL@MIL,823755,COL,MIL,,full_game_total,full game totals,3.0,YES,KXMLBTOTAL-26JUL261410COLMIL-3,81-99c,96.0,2.01,0.9,921,True,WIN,4.0,,,,,,,,,
2026-07-29T04:53:11Z,2026-07-19,2026-07-26,expensive_yes,2026-07-26,COL@MIL,823755,COL,MIL,,full_game_total,full game totals,5.0,YES,KXMLBTOTAL-26JUL261410COLMIL-5,81-99c,84.0,1.58,0.9,921,True,WIN,16.0,,,,,,,,,
2026-07-29T04:53:11Z,2026-07-19,2026-07-26,expensive_yes,2026-07-26,COL@MIL,823755,COL,MIL,,full_game_total,full game totals,6.0,YES,KXMLBTOTAL-26JUL261410COLMIL-6,66-80c,74.0,1.58,0.9,921,True,WIN,26.0,,,,,,,,,
2026-07-29T04:53:11Z,2026-07-19,2026-07-26,expensive_yes,2026-07-26,COL@MIL,823755,COL,MIL,,full_game_total,full game totals,7.0,YES,KXMLBTOTAL-26JUL261410COLMIL-7,66-80c,66.0,1.12,0.9,921,True,WIN,34.0,,,,,,,,,
2026-07-29T04:53:11Z,2026-07-19,2026-07-26,expensive_yes,2026-07-26,COL@MIL,823755,COL,MIL,,full_game_total,full game totals,2.0,YES,KXMLBTOTAL-26JUL261410COLMIL-2,81-99c,98.0,1.91,0.9,921,True,WIN,2.0,,,,,,,,,
2026-07-29T04:53:11Z,2026-07-19,2026-07-26,expensive_yes,2026-07-26,COL@MIL,823755,COL,MIL,,full_game_total,full game totals,4.0,YES,KXMLBTOTAL-26JUL261410COLMIL-4,81-99c,90.0,1.84,0.9,921,True,WIN,10.0,,,,,,,,,
2026-07-29T04:53:11Z,2026-07-19,2026-07-26,expensive_yes,2026-07-26,COL@MIL,823755,COL,MIL,COL,team_total,team totals,2.0,YES,KXMLBTEAMTOTAL-26JUL261410COLMIL-COL2,66-80c,69.0,2.66,0.9,921,True,WIN,31.0,,,,,,underdog,elite_23_plus,excellent_lt_3_75,45_50
2026-07-29T04:53:11Z,2026-07-19,2026-07-26,expensive_yes,2026-07-26,COL@MIL,823755,COL,MIL,MIL,team_total,team totals,3.0,YES,KXMLBTEAMTOTAL-26JUL261410COLMIL-MIL3,81-99c,83.0,3.06,0.9,921,True,WIN,17.0,,,,,,favorite,solid_13_18,bad_4_75_5_25,45_50
2026-07-29T04:53:11Z,2026-07-19,2026-07-26,expensive_yes,2026-07-26,COL@MIL,823755,COL,MIL,MIL,team_total,team totals,2.0,YES,KXMLBTEAMTOTAL-26JUL261410COLMIL-MIL2,81-99c,93.0,3.1,0.9,921,True,WIN,7.0,,,,,,favorite,solid_13_18,bad_4_75_5_25,45_50
2026-07-29T04:53:11Z,2026-07-19,2026-07-26,expensive_yes,2026-07-26,COL@MIL,823755,COL,MIL,MIL,team_total,team totals,5.0,YES,KXMLBTEAMTOTAL-26JUL261410COLMIL-MIL5,56-65c,59.0,2.48,0.9,921,True,WIN,41.0,,,,,,favorite,solid_13_18,bad_4_75_5_25,45_50
2026-07-29T04:53:11Z,2026-07-19,2026-07-26,expensive_yes,2026-07-26,COL@MIL,823755,COL,MIL,MIL,team_total,team totals,4.0,YES,KXMLBTEAMTOTAL-26JUL261410COLMIL-MIL4,66-80c,71.0,2.89,0.9,921,True,WIN,29.0,0.2706,0.5667,,,,favorite,solid_13_18,bad_4_75_5_25,45_50
2026-07-29T04:53:11Z,2026-07-19,2026-07-26,expensive_yes,2026-07-26,COL@MIL,823755,COL,MIL,MIL,f5_winner,F5 winner,,YES,KXMLBF5-26JUL261410COLMIL-MIL,66-80c,67.0,3.72,0.9,921,True,WIN,33.0,,,,,,favorite,solid_13_18,bad_4_75_5_25,45_50
2026-07-29T04:53:11Z,2026-07-19,2026-07-26,expensive_yes,2026-07-26,COL@MIL,823755,COL,MIL,,f5_total,F5 totals,3.0,YES,KXMLBF5TOTAL-26JUL261410COLMIL-3,66-80c,72.0,9.04,0.9,921,True,WIN,28.0,,,,,,,,,
2026-07-29T04:53:11Z,2026-07-19,2026-07-26,expensive_yes,2026-07-26,COL@MIL,823755,COL,MIL,,f5_total,F5 totals,2.0,YES,KXMLBF5TOTAL-26JUL261410COLMIL-2,81-99c,86.0,10.93,0.9,921,True,WIN,14.0,,,,,,,,,
2026-07-29T04:53:11Z,2026-07-19,2026-07-26,expensive_yes,2026-07-26,COL@MIL,823755,COL,MIL,,f5_total,F5 totals,1.0,YES,KXMLBF5TOTAL-26JUL261410COLMIL-1,81-99c,95.0,10.73,0.9,921,True,WIN,5.0,,,,,,,,,
2026-07-29T04:53:11Z,2026-07-19,2026-07-26,expensive_yes,2026-07-26,COL@MIL,823755,COL,MIL,,f5_total,F5 totals,4.0,YES,KXMLBF5TOTAL-26JUL261410COLMIL-4,56-65c,59.0,6.24,0.9,921,True,WIN,41.0,,,,,,,,,
2026-07-29T04:53:11Z,2026-07-19,2026-07-26,expensive_yes,2026-07-26,SD@MIA,823840,SD,MIA,,full_game_total,full game totals,4.0,YES,KXMLBTOTAL-26JUL261340SDMIA-4,81-99c,93.0,2.53,0.7,899,True,WIN,7.0,,,,,,,,,
2026-07-29T04:53:11Z,2026-07-19,2026-07-26,expensive_yes,2026-07-26,SD@MIA,823840,SD,MIA,,full_game_total,full game totals,6.0,YES,KXMLBTOTAL-26JUL261340SDMIA-6,66-80c,78.0,1.6,0.7,899,True,WIN,22.0,,,,,,,,,
2026-07-29T04:53:11Z,2026-07-19,2026-07-26,expensive_yes,2026-07-26,SD@MIA,823840,SD,MIA,,full_game_total,full game totals,7.0,YES,KXMLBTOTAL-26JUL261340SDMIA-7,66-80c,71.0,1.25,0.7,899,True,WIN,29.0,,,,,,,,,
2026-07-29T04:53:11Z,2026-07-19,2026-07-26,expensive_yes,2026-07-26,SD@MIA,823840,SD,MIA,,full_game_total,full game totals,5.0,YES,KXMLBTOTAL-26JUL261340SDMIA-5,81-99c,88.0,1.42,0.7,899,True,WIN,12.0,,,,,,,,,
2026-07-29T04:53:11Z,2026-07-19,2026-07-26,expensive_yes,2026-07-26,SD@MIA,823840,SD,MIA,,full_game_total,full game totals,3.0,YES,KXMLBTOTAL-26JUL261340SDMIA-3,81-99c,98.0,1.91,0.7,899,True,WIN,2.0,,,,,,,,,
2026-07-29T04:53:11Z,2026-07-19,2026-07-26,expensive_yes,2026-07-26,SD@MIA,823840,SD,MIA,,full_game_total,full game totals,8.0,YES,KXMLBTOTAL-26JUL261340SDMIA-8,56-65c,60.0,1.27,0.7,899,True,WIN,40.0,,,,,,,,,
2026-07-29T04:53:11Z,2026-07-19,2026-07-26,expensive_yes,2026-07-26,SD@MIA,823840,SD,MIA,SD,team_total,team totals,4.0,YES,KXMLBTEAMTOTAL-26JUL261340SDMIA-SD4,56-65c,58.0,2.9,0.7,899,True,WIN,42.0,0.2236,0.5667,,,,underdog,below_avg_8_13,avg_4_25_4_75,60_plus
2026-07-29T04:53:11Z,2026-07-19,2026-07-26,expensive_yes,2026-07-26,SD@MIA,823840,SD,MIA,MIA,team_total,team totals,4.0,YES,KXMLBTEAMTOTAL-26JUL261340SDMIA-MIA4,56-65c,61.0,2.82,0.7,899,True,LOSE,-61.0,0.0034,0.531,,,,favorite,weak_lt_8,very_bad_5_25_plus,lt_40
2026-07-29T04:53:11Z,2026-07-19,2026-07-26,expensive_yes,2026-07-26,SD@MIA,823840,SD,MIA,SD,team_total,team totals,2.0,YES,KXMLBTEAMTOTAL-26JUL261340SDMIA-SD2,81-99c,86.0,1.98,0.7,899,True,WIN,14.0,,,,,,underdog,below_avg_8_13,avg_4_25_4_75,60_plus
2026-07-29T04:53:11Z,2026-07-19,2026-07-26,expensive_yes,2026-07-26,SD@MIA,823840,SD,MIA,SD,team_total,team totals,3.0,YES,KXMLBTEAMTOTAL-26JUL261340SDMIA-SD3,66-80c,73.0,2.93,0.7,899,True,WIN,27.0,,,,,,underdog,below_avg_8_13,avg_4_25_4_75,60_plus
2026-07-29T04:53:11Z,2026-07-19,2026-07-26,expensive_yes,2026-07-26,SD@MIA,823840,SD,MIA,MIA,team_total,team totals,2.0,YES,KXMLBTEAMTOTAL-26JUL261340SDMIA-MIA2,81-99c,88.0,3.34,0.7,899,True,WIN,12.0,,,,,,favorite,weak_lt_8,very_bad_5_25_plus,lt_40
2026-07-29T04:53:11Z,2026-07-19,2026-07-26,expensive_yes,2026-07-26,SD@MIA,823840,SD,MIA,MIA,team_total,team totals,3.0,YES,KXMLBTEAMTOTAL-26JUL261340SDMIA-MIA3,66-80c,73.0,2.51,0.7,899,True,WIN,27.0,,,,,,favorite,weak_lt_8,very_bad_5_25_plus,lt_40
2026-07-29T04:53:11Z,2026-07-19,2026-07-26,expensive_yes,2026-07-26,SD@MIA,823840,SD,MIA,,f5_total,F5 totals,5.0,YES,KXMLBF5TOTAL-26JUL261340SDMIA-5,56-65c,56.0,6.45,0.7,899,True,LOSE,-56.0,,,,,,,,,
2026-07-29T04:53:11Z,2026-07-19,2026-07-26,expensive_yes,2026-07-26,SD@MIA,823840,SD,MIA,,f5_total,F5 totals,3.0,YES,KXMLBF5TOTAL-26JUL261340SDMIA-3,81-99c,81.0,11.47,0.7,899,True,WIN,19.0,,,,,,,,,
2026-07-29T04:53:11Z,2026-07-19,2026-07-26,expensive_yes,2026-07-26,SD@MIA,823840,SD,MIA,,f5_total,F5 totals,1.0,YES,KXMLBF5TOTAL-26JUL261340SDMIA-1,81-99c,97.0,11.41,0.7,899,True,WIN,3.0,,,,,,,,,
2026-07-29T04:53:11Z,2026-07-19,2026-07-26,expensive_yes,2026-07-26,SD@MIA,823840,SD,MIA,,f5_total,F5 totals,4.0,YES,KXMLBF5TOTAL-26JUL261340SDMIA-4,66-80c,68.0,9.13,0.7,899,True,WIN,32.0,,,,,,,,,
2026-07-29T04:53:11Z,2026-07-19,2026-07-26,expensive_yes,2026-07-26,SD@MIA,823840,SD,MIA,,f5_total,F5 totals,2.0,YES,KXMLBF5TOTAL-26JUL261340SDMIA-2,81-99c,91.0,11.99,0.7,899,True,WIN,9.0,,,,,,,,,
2026-07-29T04:53:11Z,2026-07-19,2026-07-26,expensive_yes,2026-07-26,KC@DET,824246,KC,DET,DET,moneyline,moneyline,,YES,KXMLBGAME-26JUL261340KCDET-DET,56-65c,64.0,2.04,0.7,3179,True,LOSE,-64.0,0.2457,0.5286,,,,favorite,weak_lt_8,very_bad_5_25_plus,40_45
2026-07-29T04:53:11Z,2026-07-19,2026-07-26,expensive_yes,2026-07-26,KC@DET,824246,KC,DET,,full_game_total,full game totals,7.0,YES,KXMLBTOTAL-26JUL261340KCDET-7,66-80c,73.0,1.16,0.7,719,True,WIN,27.0,,,,,,,,,
2026-07-29T04:53:11Z,2026-07-19,2026-07-26,expensive_yes,2026-07-26,KC@DET,824246,KC,DET,,full_game_total,full game totals,6.0,YES,KXMLBTOTAL-26JUL261340KCDET-6,66-80c,79.0,1.14,0.7,719,True,WIN,21.0,,,,,,,,,
2026-07-29T04:53:11Z,2026-07-19,2026-07-26,expensive_yes,2026-07-26,KC@DET,824246,KC,DET,,full_game_total,full game totals,8.0,YES,KXMLBTOTAL-26JUL261340KCDET-8,56-65c,63.0,1.11,0.7,719,True,WIN,37.0,,,,,,,,,
2026-07-29T04:53:11Z,2026-07-19,2026-07-26,expensive_yes,2026-07-26,KC@DET,824246,KC,DET,,full_game_total,full game totals,4.0,YES,KXMLBTOTAL-26JUL261340KCDET-4,81-99c,93.0,2.25,0.7,719,True,WIN,7.0,,,,,,,,,
2026-07-29T04:53:11Z,2026-07-19,2026-07-26,expensive_yes,2026-07-26,KC@DET,824246,KC,DET,,full_game_total,full game totals,5.0,YES,KXMLBTOTAL-26JUL261340KCDET-5,81-99c,89.0,1.33,0.7,719,True,WIN,11.0,,,,,,,,,
2026-07-29T04:53:11Z,2026-07-19,2026-07-26,expensive_yes,2026-07-26,KC@DET,824246,KC,DET,DET,team_total,team totals,4.0,YES,KXMLBTEAMTOTAL-26JUL261340KCDET-DET4,66-80c,69.0,1.46,0.7,719,True,WIN,31.0,0.1495,0.5883,,,,favorite,weak_lt_8,very_bad_5_25_plus,40_45
2026-07-29T04:53:11Z,2026-07-19,2026-07-26,expensive_yes,2026-07-26,KC@DET,824246,KC,DET,DET,team_total,team totals,2.0,YES,KXMLBTEAMTOTAL-26JUL261340KCDET-DET2,81-99c,91.0,1.78,0.7,719,True,WIN,9.0,,,,,,favorite,weak_lt_8,very_bad_5_25_plus,40_45
2026-07-29T04:53:11Z,2026-07-19,2026-07-26,expensive_yes,2026-07-26,KC@DET,824246,KC,DET,DET,team_total,team totals,3.0,YES,KXMLBTEAMTOTAL-26JUL261340KCDET-DET3,66-80c,80.0,1.24,0.7,719,True,WIN,20.0,,,,,,favorite,weak_lt_8,very_bad_5_25_plus,40_45
2026-07-29T04:53:11Z,2026-07-19,2026-07-26,expensive_yes,2026-07-26,KC@DET,824246,KC,DET,KC,team_total,team totals,2.0,YES,KXMLBTEAMTOTAL-26JUL261340KCDET-KC2,81-99c,82.0,1.25,0.7,719,True,WIN,18.0,,,,,,underdog,weak_lt_8,avg_4_25_4_75,40_45
2026-07-29T04:53:11Z,2026-07-19,2026-07-26,expensive_yes,2026-07-26,KC@DET,824246,KC,DET,KC,team_total,team totals,3.0,YES,KXMLBTEAMTOTAL-26JUL261340KCDET-KC3,66-80c,68.0,1.5,0.7,719,True,WIN,32.0,,,,,,underdog,weak_lt_8,avg_4_25_4_75,40_45
2026-07-29T04:53:11Z,2026-07-19,2026-07-26,expensive_yes,2026-07-26,KC@DET,824246,KC,DET,DET,team_total,team totals,5.0,YES,KXMLBTEAMTOTAL-26JUL261340KCDET-DET5,56-65c,56.0,1.79,0.7,719,True,LOSE,-56.0,,,,,,favorite,weak_lt_8,very_bad_5_25_plus,40_45
2026-07-29T04:53:11Z,2026-07-19,2026-07-26,expensive_yes,2026-07-26,KC@DET,824246,KC,DET,,f5_total,F5 totals,2.0,YES,KXMLBF5TOTAL-26JUL261340KCDET-2,81-99c,91.0,8.96,0.7,719,True,WIN,9.0,,,,,,,,,
2026-07-29T04:53:11Z,2026-07-19,2026-07-26,expensive_yes,2026-07-26,KC@DET,824246,KC,DET,,f5_total,F5 totals,3.0,YES,KXMLBF5TOTAL-26JUL261340KCDET-3,81-99c,82.0,2.86,0.7,719,True,WIN,18.0,,,,,,,,,
2026-07-29T04:53:11Z,2026-07-19,2026-07-26,expensive_yes,2026-07-26,KC@DET,824246,KC,DET,,f5_total,F5 totals,1.0,YES,KXMLBF5TOTAL-26JUL261340KCDET-1,81-99c,97.0,3.67,0.7,719,True,WIN,3.0,,,,,,,,,
2026-07-29T04:53:11Z,2026-07-19,2026-07-26,expensive_yes,2026-07-26,KC@DET,824246,KC,DET,,f5_total,F5 totals,5.0,YES,KXMLBF5TOTAL-26JUL261340KCDET-5,56-65c,56.0,1.7,0.7,719,True,WIN,44.0,,,,,,,,,
2026-07-29T04:53:11Z,2026-07-19,2026-07-26,expensive_yes,2026-07-26,KC@DET,824246,KC,DET,,f5_total,F5 totals,4.0,YES,KXMLBF5TOTAL-26JUL261340KCDET-4,66-80c,69.0,1.5,0.7,719,True,WIN,31.0,,,,,,,,,
2026-07-29T04:53:11Z,2026-07-19,2026-07-26,expensive_yes,2026-07-26,HOU@CWS,824572,HOU,CWS,,full_game_total,full game totals,7.0,YES,KXMLBTOTAL-26JUL261410HOUCWS-7,66-80c,74.0,1.72,0.9,921,True,WIN,26.0,,,,,,,,,
2026-07-29T04:53:11Z,2026-07-19,2026-07-26,expensive_yes,2026-07-26,HOU@CWS,824572,HOU,CWS,,full_game_total,full game totals,6.0,YES,KXMLBTOTAL-26JUL261410HOUCWS-6,66-80c,80.0,1.65,0.9,921,True,WIN,20.0,,,,,,,,,
2026-07-29T04:53:11Z,2026-07-19,2026-07-26,expensive_yes,2026-07-26,HOU@CWS,824572,HOU,CWS,,full_game_total,full game totals,8.0,YES,KXMLBTOTAL-26JUL261410HOUCWS-8,56-65c,64.0,1.0,0.9,921,True,WIN,36.0,,,,,,,,,
2026-07-29T04:53:11Z,2026-07-19,2026-07-26,expensive_yes,2026-07-26,HOU@CWS,824572,HOU,CWS,,full_game_total,full game totals,5.0,YES,KXMLBTOTAL-26JUL261410HOUCWS-5,81-99c,90.0,1.5,0.9,921,True,WIN,10.0,,,,,,,,,
2026-07-29T04:53:11Z,2026-07-19,2026-07-26,expensive_yes,2026-07-26,HOU@CWS,824572,HOU,CWS,,full_game_total,full game totals,4.0,YES,KXMLBTOTAL-26JUL261410HOUCWS-4,81-99c,94.0,2.58,0.9,921,True,WIN,6.0,,,,,,,,,
2026-07-29T04:53:11Z,2026-07-19,2026-07-26,expensive_yes,2026-07-26,HOU@CWS,824572,HOU,CWS,,full_game_total,full game totals,9.0,YES,KXMLBTOTAL-26JUL261410HOUCWS-9,56-65c,56.0,1.0,0.9,921,True,WIN,44.0,,,,,,,,,
2026-07-29T04:53:11Z,2026-07-19,2026-07-26,expensive_yes,2026-07-26,HOU@CWS,824572,HOU,CWS,HOU,team_total,team totals,3.0,YES,KXMLBTEAMTOTAL-26JUL261410HOUCWS-HOU3,66-80c,75.0,3.18,0.9,921,True,WIN,25.0,,,,,,underdog,weak_lt_8,very_bad_5_25_plus,50_55
2026-07-29T04:53:11Z,2026-07-19,2026-07-26,expensive_yes,2026-07-26,HOU@CWS,824572,HOU,CWS,CWS,team_total,team totals,3.0,YES,KXMLBTEAMTOTAL-26JUL261410HOUCWS-CWS3,66-80c,74.0,3.49,0.9,921,True,WIN,26.0,,,,,,favorite,solid_13_18,bad_4_75_5_25,55_60
2026-07-29T04:53:11Z,2026-07-19,2026-07-26,expensive_yes,2026-07-26,HOU@CWS,824572,HOU,CWS,HOU,team_total,team totals,4.0,YES,KXMLBTEAMTOTAL-26JUL261410HOUCWS-HOU4,56-65c,62.0,2.93,0.9,921,True,LOSE,-62.0,0.1046,0.5883,,,,underdog,weak_lt_8,very_bad_5_25_plus,50_55
2026-07-29T04:53:11Z,2026-07-19,2026-07-26,expensive_yes,2026-07-26,HOU@CWS,824572,HOU,CWS,CWS,team_total,team totals,2.0,YES,KXMLBTEAMTOTAL-26JUL261410HOUCWS-CWS2,81-99c,87.0,2.45,0.9,921,True,WIN,13.0,,,,,,favorite,solid_13_18,bad_4_75_5_25,55_60
2026-07-29T04:53:11Z,2026-07-19,2026-07-26,expensive_yes,2026-07-26,HOU@CWS,824572,HOU,CWS,HOU,team_total,team totals,2.0,YES,KXMLBTEAMTOTAL-26JUL261410HOUCWS-HOU2,81-99c,87.0,2.85,0.9,921,True,WIN,13.0,,,,,,underdog,weak_lt_8,very_bad_5_25_plus,50_55
2026-07-29T04:53:11Z,2026-07-19,2026-07-26,expensive_yes,2026-07-26,HOU@CWS,824572,HOU,CWS,CWS,team_total,team totals,4.0,YES,KXMLBTEAMTOTAL-26JUL261410HOUCWS-CWS4,56-65c,60.0,2.57,0.9,921,True,WIN,40.0,0.0845,0.531,,,,favorite,solid_13_18,bad_4_75_5_25,55_60
2026-07-29T04:53:11Z,2026-07-19,2026-07-26,expensive_yes,2026-07-26,HOU@CWS,824572,HOU,CWS,,f5_total,F5 totals,4.0,YES,KXMLBF5TOTAL-26JUL261410HOUCWS-4,66-80c,70.0,8.58,0.9,921,True,WIN,30.0,,,,,,,,,
2026-07-29T04:53:11Z,2026-07-19,2026-07-26,expensive_yes,2026-07-26,HOU@CWS,824572,HOU,CWS,,f5_total,F5 totals,1.0,YES,KXMLBF5TOTAL-26JUL261410HOUCWS-1,81-99c,97.0,12.04,0.9,921,True,WIN,3.0,,,,,,,,,
2026-07-29T04:53:11Z,2026-07-19,2026-07-26,expensive_yes,2026-07-26,HOU@CWS,824572,HOU,CWS,,f5_total,F5 totals,5.0,YES,KXMLBF5TOTAL-26JUL261410HOUCWS-5,56-65c,57.0,7.88,0.9,921,True,WIN,43.0,,,,,,,,,
2026-07-29T04:53:11Z,2026-07-19,2026-07-26,expensive_yes,2026-07-26,HOU@CWS,824572,HOU,CWS,,f5_total,F5 totals,3.0,YES,KXMLBF5TOTAL-26JUL261410HOUCWS-3,81-99c,82.0,10.3,0.9,921,True,WIN,18.0,,,,,,,,,
2026-07-29T04:53:11Z,2026-07-19,2026-07-26,expensive_yes,2026-07-26,HOU@CWS,824572,HOU,CWS,,f5_total,F5 totals,2.0,YES,KXMLBF5TOTAL-26JUL261410HOUCWS-2,81-99c,92.0,12.34,0.9,921,True,WIN,8.0,,,,,,,,,
2026-07-29T04:53:11Z,2026-07-19,2026-07-26,expensive_yes,2026-07-26,TOR@BOS,824730,TOR,BOS,BOS,moneyline,moneyline,,YES,KXMLBGAME-26JUL261335TORBOS-BOS,56-65c,57.0,1.95,0.9,3175,True,WIN,43.0,0.1896,0.5039,,,,favorite,below_avg_8_13,avg_4_25_4_75,55_60
2026-07-29T04:53:11Z,2026-07-19,2026-07-26,expensive_yes,2026-07-26,TOR@BOS,824730,TOR,BOS,,full_game_total,full game totals,6.0,YES,KXMLBTOTAL-26JUL261335TORBOS-6,66-80c,70.0,1.37,0.9,855,True,WIN,30.0,,,,,,,,,
2026-07-29T04:53:11Z,2026-07-19,2026-07-26,expensive_yes,2026-07-26,TOR@BOS,824730,TOR,BOS,,full_game_total,full game totals,4.0,YES,KXMLBTOTAL-26JUL261335TORBOS-4,81-99c,89.0,2.26,0.9,855,True,WIN,11.0,,,,,,,,,
2026-07-29T04:53:11Z,2026-07-19,2026-07-26,expensive_yes,2026-07-26,TOR@BOS,824730,TOR,BOS,,full_game_total,full game totals,7.0,YES,KXMLBTOTAL-26JUL261335TORBOS-7,56-65c,62.0,1.02,0.9,855,True,WIN,38.0,,,,,,,,,
2026-07-29T04:53:11Z,2026-07-19,2026-07-26,expensive_yes,2026-07-26,TOR@BOS,824730,TOR,BOS,,full_game_total,full game totals,3.0,YES,KXMLBTOTAL-26JUL261335TORBOS-3,81-99c,96.0,3.34,0.9,855,True,WIN,4.0,,,,,,,,,
2026-07-29T04:53:11Z,2026-07-19,2026-07-26,expensive_yes,2026-07-26,TOR@BOS,824730,TOR,BOS,,full_game_total,full game totals,5.0,YES,KXMLBTOTAL-26JUL261335TORBOS-5,81-99c,83.0,1.24,0.9,855,True,WIN,17.0,,,,,,,,,
2026-07-29T04:53:11Z,2026-07-19,2026-07-26,expensive_yes,2026-07-26,TOR@BOS,824730,TOR,BOS,TOR,team_total,team totals,3.0,YES,KXMLBTEAMTOTAL-26JUL261335TORBOS-TOR3,56-65c,65.0,2.08,0.9,855,True,LOSE,-65.0,,,,,,underdog,solid_13_18,good_3_75_4_25,lt_40
2026-07-29T04:53:11Z,2026-07-19,2026-07-26,expensive_yes,2026-07-26,TOR@BOS,824730,TOR,BOS,BOS,team_total,team totals,3.0,YES,KXMLBTEAMTOTAL-26JUL261335TORBOS-BOS3,66-80c,71.0,1.88,0.9,855,True,WIN,29.0,,,,,,favorite,below_avg_8_13,avg_4_25_4_75,55_60
2026-07-29T04:53:11Z,2026-07-19,2026-07-26,expensive_yes,2026-07-26,TOR@BOS,824730,TOR,BOS,TOR,team_total,team totals,2.0,YES,KXMLBTEAMTOTAL-26JUL261335TORBOS-TOR2,81-99c,81.0,2.05,0.9,855,True,LOSE,-81.0,,,,,,underdog,solid_13_18,good_3_75_4_25,lt_40
2026-07-29T04:53:11Z,2026-07-19,2026-07-26,expensive_yes,2026-07-26,TOR@BOS,824730,TOR,BOS,BOS,team_total,team totals,2.0,YES,KXMLBTEAMTOTAL-26JUL261335TORBOS-BOS2,81-99c,84.0,1.41,0.9,855,True,WIN,16.0,,,,,,favorite,below_avg_8_13,avg_4_25_4_75,55_60
2026-07-29T04:53:11Z,2026-07-19,2026-07-26,expensive_yes,2026-07-26,TOR@BOS,824730,TOR,BOS,BOS,team_total,team totals,4.0,YES,KXMLBTEAMTOTAL-26JUL261335TORBOS-BOS4,56-65c,56.0,1.85,0.9,855,True,WIN,44.0,0.0856,0.531,,,,favorite,below_avg_8_13,avg_4_25_4_75,55_60
2026-07-29T04:53:11Z,2026-07-19,2026-07-26,expensive_yes,2026-07-26,TOR@BOS,824730,TOR,BOS,,f5_total,F5 totals,4.0,YES,KXMLBF5TOTAL-26JUL261335TORBOS-4,56-65c,57.0,2.41,0.9,855,True,LOSE,-57.0,,,,,,,,,
2026-07-29T04:53:11Z,2026-07-19,2026-07-26,expensive_yes,2026-07-26,TOR@BOS,824730,TOR,BOS,,f5_total,F5 totals,1.0,YES,KXMLBF5TOTAL-26JUL261335TORBOS-1,81-99c,95.0,6.59,0.9,855,True,WIN,5.0,,,,,,,,,
2026-07-29T04:53:11Z,2026-07-19,2026-07-26,expensive_yes,2026-07-26,TOR@BOS,824730,TOR,BOS,,f5_total,F5 totals,2.0,YES,KXMLBF5TOTAL-26JUL261335TORBOS-2,81-99c,87.0,4.79,0.9,855,True,WIN,13.0,,,,,,,,,
2026-07-29T04:53:11Z,2026-07-19,2026-07-26,expensive_yes,2026-07-26,TOR@BOS,824730,TOR,BOS,,f5_total,F5 totals,3.0,YES,KXMLBF5TOTAL-26JUL261335TORBOS-3,66-80c,72.0,2.82,0.9,855,True,WIN,28.0,,,,,,,,,
2026-07-29T04:53:11Z,2026-07-19,2026-07-26,expensive_yes,2026-07-26,ATL@BAL,824810,ATL,BAL,,full_game_total,full game totals,4.0,YES,KXMLBTOTAL-26JUL261335ATLBAL-4,81-99c,94.0,2.52,0.9,895,True,WIN,6.0,,,,,,,,,
2026-07-29T04:53:11Z,2026-07-19,2026-07-26,expensive_yes,2026-07-26,ATL@BAL,824810,ATL,BAL,,full_game_total,full game totals,6.0,YES,KXMLBTOTAL-26JUL261335ATLBAL-6,66-80c,80.0,1.43,0.9,895,True,LOSE,-80.0,,,,,,,,,
2026-07-29T04:53:11Z,2026-07-19,2026-07-26,expensive_yes,2026-07-26,ATL@BAL,824810,ATL,BAL,,full_game_total,full game totals,7.0,YES,KXMLBTOTAL-26JUL261335ATLBAL-7,66-80c,73.0,1.15,0.9,895,True,LOSE,-73.0,,,,,,,,,
2026-07-29T04:53:11Z,2026-07-19,2026-07-26,expensive_yes,2026-07-26,ATL@BAL,824810,ATL,BAL,,full_game_total,full game totals,8.0,YES,KXMLBTOTAL-26JUL261335ATLBAL-8,56-65c,62.0,1.01,0.9,895,True,LOSE,-62.0,,,,,,,,,
2026-07-29T04:53:11Z,2026-07-19,2026-07-26,expensive_yes,2026-07-26,ATL@BAL,824810,ATL,BAL,,full_game_total,full game totals,5.0,YES,KXMLBTOTAL-26JUL261335ATLBAL-5,81-99c,89.0,1.46,0.9,895,True,WIN,11.0,,,,,,,,,
2026-07-29T04:53:11Z,2026-07-19,2026-07-26,expensive_yes,2026-07-26,ATL@BAL,824810,ATL,BAL,BAL,team_total,team totals,4.0,YES,KXMLBTEAMTOTAL-26JUL261335ATLBAL-BAL4,56-65c,59.0,3.24,0.9,895,True,LOSE,-59.0,0.101,0.5883,,,,underdog,below_avg_8_13,avg_4_25_4_75,50_55
2026-07-29T04:53:11Z,2026-07-19,2026-07-26,expensive_yes,2026-07-26,ATL@BAL,824810,ATL,BAL,BAL,team_total,team totals,2.0,YES,KXMLBTEAMTOTAL-26JUL261335ATLBAL-BAL2,81-99c,87.0,2.79,0.9,895,True,WIN,13.0,,,,,,underdog,below_avg_8_13,avg_4_25_4_75,50_55
2026-07-29T04:53:11Z,2026-07-19,2026-07-26,expensive_yes,2026-07-26,ATL@BAL,824810,ATL,BAL,ATL,team_total,team totals,4.0,YES,KXMLBTEAMTOTAL-26JUL261335ATLBAL-ATL4,56-65c,62.0,2.34,0.9,895,True,LOSE,-62.0,0.0892,0.531,,,,favorite,below_avg_8_13,bad_4_75_5_25,55_60
2026-07-29T04:53:11Z,2026-07-19,2026-07-26,expensive_yes,2026-07-26,ATL@BAL,824810,ATL,BAL,ATL,team_total,team totals,3.0,YES,KXMLBTEAMTOTAL-26JUL261335ATLBAL-ATL3,66-80c,75.0,2.87,0.9,895,True,WIN,25.0,,,,,,favorite,below_avg_8_13,bad_4_75_5_25,55_60
2026-07-29T04:53:11Z,2026-07-19,2026-07-26,expensive_yes,2026-07-26,ATL@BAL,824810,ATL,BAL,ATL,team_total,team totals,2.0,YES,KXMLBTEAMTOTAL-26JUL261335ATLBAL-ATL2,81-99c,87.0,2.47,0.9,895,True,WIN,13.0,,,,,,favorite,below_avg_8_13,bad_4_75_5_25,55_60
2026-07-29T04:53:11Z,2026-07-19,2026-07-26,expensive_yes,2026-07-26,ATL@BAL,824810,ATL,BAL,BAL,team_total,team totals,3.0,YES,KXMLBTEAMTOTAL-26JUL261335ATLBAL-BAL3,66-80c,74.0,1.8,0.9,895,True,LOSE,-74.0,,,,,,underdog,below_avg_8_13,avg_4_25_4_75,50_55
2026-07-29T04:53:11Z,2026-07-19,2026-07-26,expensive_yes,2026-07-26,ATL@BAL,824810,ATL,BAL,,f5_total,F5 totals,3.0,YES,KXMLBF5TOTAL-26JUL261335ATLBAL-3,81-99c,82.0,9.04,0.9,895,True,LOSE,-82.0,,,,,,,,,
2026-07-29T04:53:11Z,2026-07-19,2026-07-26,expensive_yes,2026-07-26,ATL@BAL,824810,ATL,BAL,,f5_total,F5 totals,1.0,YES,KXMLBF5TOTAL-26JUL261335ATLBAL-1,81-99c,97.0,11.75,0.9,895,True,WIN,3.0,,,,,,,,,
2026-07-29T04:53:11Z,2026-07-19,2026-07-26,expensive_yes,2026-07-26,ATL@BAL,824810,ATL,BAL,,f5_total,F5 totals,4.0,YES,KXMLBF5TOTAL-26JUL261335ATLBAL-4,66-80c,68.0,9.41,0.9,895,True,LOSE,-68.0,,,,,,,,,
2026-07-29T04:53:11Z,2026-07-19,2026-07-26,expensive_yes,2026-07-26,ATL@BAL,824810,ATL,BAL,,f5_total,F5 totals,2.0,YES,KXMLBF5TOTAL-26JUL261335ATLBAL-2,81-99c,92.0,14.44,0.9,895,True,WIN,8.0,,,,,,,,,
2026-07-29T04:53:11Z,2026-07-19,2026-07-26,team_runs_5plus_no,2026-07-19,CWS@TOR,822786,CWS,TOR,TOR,team_total,team totals,5.0,NO,KXMLBTEAMTOTAL-26JUL191215CWSTOR-TOR5,,,,,0,False,,,0.0432,0.5546,borderline_non_candidate,0.00-0.10,0.0,underdog,solid_13_18,good_3_75_4_25,45_50
2026-07-29T04:53:11Z,2026-07-19,2026-07-26,team_runs_5plus_no,2026-07-19,CWS@TOR,822786,CWS,TOR,CWS,team_total,team totals,5.0,NO,KXMLBTEAMTOTAL-26JUL191215CWSTOR-CWS5,,,,,0,False,,,0.0,0.5546,borderline_non_candidate,0.00-0.10,3.0,favorite,weak_lt_8,very_bad_5_25_plus,50_55
2026-07-29T04:53:11Z,2026-07-19,2026-07-26,team_runs_5plus_no,2026-07-19,SF@SEA,823113,SF,SEA,SF,team_total,team totals,5.0,NO,KXMLBTEAMTOTAL-26JUL191610SFSEA-SF5,66-80c,76.0,1.01,0.3,96,True,WIN,24.0,0.0,0.5546,borderline_non_candidate,0.00-0.10,3.0,underdog,solid_13_18,avg_4_25_4_75,50_55
2026-07-29T04:53:11Z,2026-07-19,2026-07-26,team_runs_5plus_no,2026-07-19,SF@SEA,823113,SF,SEA,SEA,team_total,team totals,5.0,NO,KXMLBTEAMTOTAL-26JUL191610SFSEA-SEA5,56-65c,61.0,1.44,0.3,96,True,LOSE,-61.0,0.0,0.5546,borderline_non_candidate,0.00-0.10,6.0,favorite,weak_lt_8,very_bad_5_25_plus,40_45
2026-07-29T04:53:11Z,2026-07-19,2026-07-26,team_runs_5plus_no,2026-07-19,NYM@PHI,823439,NYM,PHI,PHI,team_total,team totals,5.0,NO,KXMLBTEAMTOTAL-26JUL191335NYMPHI-PHI5,,,,,0,False,,,0.0,0.5546,borderline_non_candidate,0.00-0.10,1.0,favorite,weak_lt_8,bad_4_75_5_25,40_45
2026-07-29T04:53:11Z,2026-07-19,2026-07-26,team_runs_5plus_no,2026-07-19,NYM@PHI,823439,NYM,PHI,NYM,team_total,team totals,5.0,NO,KXMLBTEAMTOTAL-26JUL191335NYMPHI-NYM5,,,,,0,False,,,0.0,0.5546,borderline_non_candidate,0.00-0.10,6.0,underdog,weak_lt_8,very_bad_5_25_plus,50_55
2026-07-29T04:53:11Z,2026-07-19,2026-07-26,team_runs_5plus_no,2026-07-19,MIA@MIL,823764,MIA,MIL,MIA,team_total,team totals,5.0,NO,KXMLBTEAMTOTAL-26JUL191410MIAMIL-MIA5,56-65c,62.0,1.0,1.1,24,True,WIN,38.0,0.0106,0.5546,borderline_non_candidate,0.00-0.10,1.0,underdog,below_avg_8_13,bad_4_75_5_25,50_55
2026-07-29T04:53:11Z,2026-07-19,2026-07-26,team_runs_5plus_no,2026-07-19,MIA@MIL,823764,MIA,MIL,MIL,team_total,team totals,5.0,NO,KXMLBTEAMTOTAL-26JUL191410MIAMIL-MIL5,56-65c,58.0,1.0,1.1,24,True,WIN,42.0,0.0575,0.5546,borderline_non_candidate,0.00-0.10,3.0,favorite,strong_18_23,good_3_75_4_25,50_55
2026-07-29T04:53:11Z,2026-07-19,2026-07-26,team_runs_5plus_no,2026-07-19,DET@LAA,824007,DET,LAA,LAA,team_total,team totals,5.0,NO,KXMLBTEAMTOTAL-26JUL191607DETLAA-LAA5,56-65c,61.0,1.23,1.2,94,True,WIN,39.0,0.047,0.5546,borderline_non_candidate,0.00-0.10,3.0,underdog,solid_13_18,avg_4_25_4_75,45_50
2026-07-29T04:53:11Z,2026-07-19,2026-07-26,team_runs_5plus_no,2026-07-19,DET@LAA,824007,DET,LAA,DET,team_total,team totals,5.0,NO,KXMLBTEAMTOTAL-26JUL191607DETLAA-DET5,46-55c,47.0,1.31,1.2,94,True,WIN,53.0,0.0,0.5546,borderline_non_candidate,0.00-0.10,2.0,favorite,weak_lt_8,very_bad_5_25_plus,45_50
2026-07-29T04:53:11Z,2026-07-19,2026-07-26,team_runs_5plus_no,2026-07-19,SD@KC,824086,SD,KC,SD,team_total,team totals,5.0,NO,KXMLBTEAMTOTAL-26JUL191410SDKC-SD5,46-55c,49.0,1.0,1.1,24,True,LOSE,-49.0,0.0,0.5546,borderline_non_candidate,0.00-0.10,19.0,favorite,below_avg_8_13,avg_4_25_4_75,45_50
2026-07-29T04:53:11Z,2026-07-19,2026-07-26,team_runs_5plus_no,2026-07-19,SD@KC,824086,SD,KC,KC,team_total,team totals,5.0,NO,KXMLBTEAMTOTAL-26JUL191410SDKC-KC5,46-55c,49.0,2.0,1.1,24,True,WIN,51.0,0.0,0.5546,borderline_non_candidate,0.00-0.10,2.0,underdog,weak_lt_8,very_bad_5_25_plus,55_60
2026-07-29T04:53:11Z,2026-07-19,2026-07-26,team_runs_5plus_no,2026-07-19,BAL@HOU,824168,BAL,HOU,HOU,team_total,team totals,5.0,NO,KXMLBTEAMTOTAL-26JUL191410BALHOU-HOU5,56-65c,58.0,1.21,1.1,24,True,WIN,42.0,0.0,0.5546,borderline_non_candidate,0.00-0.10,2.0,underdog,below_avg_8_13,avg_4_25_4_75,50_55
2026-07-29T04:53:11Z,2026-07-19,2026-07-26,team_runs_5plus_no,2026-07-19,BAL@HOU,824168,BAL,HOU,BAL,team_total,team totals,5.0,NO,KXMLBTEAMTOTAL-26JUL191410BALHOU-BAL5,56-65c,60.0,1.0,1.1,24,True,LOSE,-60.0,0.0,0.5546,borderline_non_candidate,0.00-0.10,5.0,favorite,weak_lt_8,very_bad_5_25_plus,50_55
2026-07-29T04:53:11Z,2026-07-19,2026-07-26,team_runs_5plus_no,2026-07-19,CIN@COL,824330,CIN,COL,CIN,team_total,team totals,5.0,NO,KXMLBTEAMTOTAL-26JUL191510CINCOL-CIN5,36-45c,36.0,1.04,0.2,67,True,LOSE,-36.0,0.0,0.5546,borderline_non_candidate,0.00-0.10,9.0,favorite,weak_lt_8,very_bad_5_25_plus,45_50
2026-07-29T04:53:11Z,2026-07-19,2026-07-26,team_runs_5plus_no,2026-07-19,CIN@COL,824330,CIN,COL,COL,team_total,team totals,5.0,NO,KXMLBTEAMTOTAL-26JUL191510CINCOL-COL5,46-55c,50.0,1.03,0.2,67,True,LOSE,-50.0,0.132,0.5913,borderline_non_candidate,0.10-0.20,6.0,underdog,elite_23_plus,excellent_lt_3_75,40_45
2026-07-29T04:53:11Z,2026-07-19,2026-07-26,team_runs_5plus_no,2026-07-19,PIT@CLE,824411,PIT,CLE,CLE,team_total,team totals,5.0,NO,KXMLBTEAMTOTAL-26JUL191340PITCLE-CLE5,66-80c,70.0,1.33,0.0,3,True,WIN,30.0,0.0466,0.5546,borderline_non_candidate,0.00-0.10,1.0,underdog,strong_18_23,good_3_75_4_25,45_50
2026-07-29T04:53:11Z,2026-07-19,2026-07-26,team_runs_5plus_no,2026-07-19,PIT@CLE,824411,PIT,CLE,PIT,team_total,team totals,5.0,NO,KXMLBTEAMTOTAL-26JUL191340PITCLE-PIT5,66-80c,68.0,1.0,0.0,3,True,LOSE,-68.0,0.0,0.5546,borderline_non_candidate,0.00-0.10,7.0,favorite,below_avg_8_13,bad_4_75_5_25,60_plus
2026-07-29T04:53:11Z,2026-07-19,2026-07-26,team_runs_5plus_no,2026-07-19,MIN@CHC,824653,MIN,CHC,MIN,team_total,team totals,5.0,NO,KXMLBTEAMTOTAL-26JUL191420MINCHC-MIN5,66-80c,69.0,1.06,0.2,32,True,WIN,31.0,0.0,0.5546,borderline_non_candidate,0.00-0.10,1.0,underdog,below_avg_8_13,good_3_75_4_25,50_55
2026-07-29T04:53:11Z,2026-07-19,2026-07-26,team_runs_5plus_no,2026-07-19,MIN@CHC,824653,MIN,CHC,CHC,team_total,team totals,5.0,NO,KXMLBTEAMTOTAL-26JUL191420MINCHC-CHC5,56-65c,58.0,1.06,0.2,32,True,LOSE,-58.0,0.0,0.5546,borderline_non_candidate,0.00-0.10,10.0,favorite,weak_lt_8,very_bad_5_25_plus,45_50
2026-07-29T04:53:11Z,2026-07-19,2026-07-26,team_runs_5plus_no,2026-07-19,TB@BOS,824739,TB,BOS,TB,team_total,team totals,5.0,NO,KXMLBTEAMTOTAL-26JUL191335TBBOS-TB5,,,,,0,False,,,0.0902,0.5546,borderline_non_candidate,0.00-0.10,1.0,underdog,solid_13_18,avg_4_25_4_75,40_45
2026-07-29T04:53:11Z,2026-07-19,2026-07-26,team_runs_5plus_no,2026-07-19,TB@BOS,824739,TB,BOS,BOS,team_total,team totals,5.0,NO,KXMLBTEAMTOTAL-26JUL191335TBBOS-BOS5,,,,,0,False,,,0.0,0.5546,borderline_non_candidate,0.00-0.10,6.0,favorite,below_avg_8_13,avg_4_25_4_75,55_60
2026-07-29T04:53:11Z,2026-07-19,2026-07-26,team_runs_5plus_no,2026-07-19,TEX@ATL,824897,TEX,ATL,TEX,team_total,team totals,5.0,NO,KXMLBTEAMTOTAL-26JUL191335TEXATL-TEX5,,,,,0,False,,,0.0998,0.5546,borderline_non_candidate,0.00-0.10,5.0,underdog,below_avg_8_13,bad_4_75_5_25,50_55
2026-07-29T04:53:11Z,2026-07-19,2026-07-26,team_runs_5plus_no,2026-07-19,TEX@ATL,824897,TEX,ATL,ATL,team_total,team totals,5.0,NO,KXMLBTEAMTOTAL-26JUL191335TEXATL-ATL5,,,,,0,False,,,0.0,0.5546,borderline_non_candidate,0.00-0.10,8.0,favorite,solid_13_18,excellent_lt_3_75,60_plus
2026-07-29T04:53:11Z,2026-07-19,2026-07-26,team_runs_5plus_no,2026-07-19,STL@AZ,825057,STL,AZ,AZ,team_total,team totals,5.0,NO,KXMLBTEAMTOTAL-26JUL191610STLAZ-AZ5,46-55c,54.0,1.1,0.3,96,True,LOSE,-54.0,0.0,0.5546,borderline_non_candidate,0.00-0.10,8.0,underdog,weak_lt_8,avg_4_25_4_75,50_55
2026-07-29T04:53:11Z,2026-07-19,2026-07-26,team_runs_5plus_no,2026-07-19,STL@AZ,825057,STL,AZ,STL,team_total,team totals,5.0,NO,KXMLBTEAMTOTAL-26JUL191610STLAZ-STL5,46-55c,55.0,1.06,0.3,96,True,LOSE,-55.0,0.1037,0.5913,borderline_non_candidate,0.10-0.20,7.0,favorite,weak_lt_8,very_bad_5_25_plus,40_45
2026-07-29T04:53:11Z,2026-07-19,2026-07-26,team_runs_5plus_no,2026-07-20,TB@TOR,822788,TB,TOR,TOR,team_total,team totals,5.0,NO,KXMLBTEAMTOTAL-26JUL201907TBTOR-TOR5,56-65c,60.0,8.62,0.4,1208,True,WIN,40.0,0.0,0.5546,borderline_non_candidate,0.00-0.10,1.0,underdog,weak_lt_8,very_bad_5_25_plus,45_50
2026-07-29T04:53:11Z,2026-07-19,2026-07-26,team_runs_5plus_no,2026-07-20,TB@TOR,822788,TB,TOR,TB,team_total,team totals,5.0,NO,KXMLBTEAMTOTAL-26JUL201907TBTOR-TB5,66-80c,71.0,13.43,0.4,1208,True,LOSE,-71.0,0.132,0.5913,borderline_non_candidate,0.10-0.20,7.0,favorite,elite_23_plus,excellent_lt_3_75,45_50
2026-07-29T04:53:11Z,2026-07-19,2026-07-26,team_runs_5plus_no,2026-07-20,CWS@TEX,822874,CWS,TEX,CWS,team_total,team totals,5.0,NO,KXMLBTEAMTOTAL-26JUL202005CWSTEX-CWS5,66-80c,68.0,11.6,1.3,1225,True,LOSE,-68.0,0.0,0.5546,borderline_non_candidate,0.00-0.10,10.0,favorite,solid_13_18,excellent_lt_3_75,50_55
2026-07-29T04:53:11Z,2026-07-19,2026-07-26,team_runs_5plus_no,2026-07-20,CWS@TEX,822874,CWS,TEX,TEX,team_total,team totals,5.0,NO,KXMLBTEAMTOTAL-26JUL202005CWSTEX-TEX5,56-65c,58.0,8.3,1.3,1225,True,WIN,42.0,0.0,0.5546,borderline_non_candidate,0.00-0.10,3.0,underdog,weak_lt_8,very_bad_5_25_plus,45_50
2026-07-29T04:53:11Z,2026-07-19,2026-07-26,team_runs_5plus_no,2026-07-20,CIN@SEA,823112,CIN,SEA,CIN,team_total,team totals,5.0,NO,KXMLBTEAMTOTAL-26JUL202140CINSEA-CIN5,66-80c,67.0,13.24,1.5,1271,True,WIN,33.0,0.0085,0.5546,borderline_non_candidate,0.00-0.10,0.0,underdog,solid_13_18,good_3_75_4_25,45_50
2026-07-29T04:53:11Z,2026-07-19,2026-07-26,team_runs_5plus_no,2026-07-20,CIN@SEA,823112,CIN,SEA,SEA,team_total,team totals,5.0,NO,KXMLBTEAMTOTAL-26JUL202140CINSEA-SEA5,56-65c,59.0,7.8,1.5,1271,True,LOSE,-59.0,0.0,0.5546,borderline_non_candidate,0.00-0.10,8.0,favorite,below_avg_8_13,very_bad_5_25_plus,45_50
2026-07-29T04:53:11Z,2026-07-19,2026-07-26,team_runs_5plus_no,2026-07-20,LAD@PHI,823436,LAD,PHI,LAD,team_total,team totals,5.0,NO,KXMLBTEAMTOTAL-26JUL201910LADPHI-LAD5,56-65c,60.0,10.94,1.4,1209,True,LOSE,-60.0,0.3229,0.6359,borderline_non_candidate,0.30-0.40,7.0,favorite,strong_18_23,excellent_lt_3_75,40_45
2026-07-29T04:53:11Z,2026-07-19,2026-07-26,team_runs_5plus_no,2026-07-20,LAD@PHI,823436,LAD,PHI,PHI,team_total,team totals,5.0,NO,KXMLBTEAMTOTAL-26JUL201910LADPHI-PHI5,46-55c,52.0,8.06,1.4,1209,True,LOSE,-52.0,0.0,0.5546,borderline_non_candidate,0.00-0.10,10.0,underdog,below_avg_8_13,bad_4_75_5_25,40_45
2026-07-29T04:53:11Z,2026-07-19,2026-07-26,team_runs_5plus_no,2026-07-20,PIT@NYY,823522,PIT,NYY,NYY,team_total,team totals,5.0,NO,KXMLBTEAMTOTAL-26JUL201905PITNYY-NYY5,56-65c,63.0,7.76,0.4,1197,True,LOSE,-63.0,0.0031,0.5546,borderline_non_candidate,0.00-0.10,8.0,favorite,strong_18_23,good_3_75_4_25,45_50
2026-07-29T04:53:11Z,2026-07-19,2026-07-26,team_runs_5plus_no,2026-07-20,PIT@NYY,823522,PIT,NYY,PIT,team_total,team totals,5.0,NO,KXMLBTEAMTOTAL-26JUL201905PITNYY-PIT5,56-65c,61.0,12.11,0.4,1197,True,LOSE,-61.0,0.0,0.5546,borderline_non_candidate,0.00-0.10,5.0,underdog,below_avg_8_13,avg_4_25_4_75,60_plus
2026-07-29T04:53:11Z,2026-07-19,2026-07-26,team_runs_5plus_no,2026-07-20,NYM@MIL,823762,NYM,MIL,MIL,team_total,team totals,5.0,NO,KXMLBTEAMTOTAL-26JUL201940NYMMIL-MIL5,46-55c,52.0,6.12,2.2,1223,True,LOSE,-52.0,0.0,0.5546,borderline_non_candidate,0.00-0.10,8.0,favorite,below_avg_8_13,bad_4_75_5_25,50_55
2026-07-29T04:53:11Z,2026-07-19,2026-07-26,team_runs_5plus_no,2026-07-20,NYM@MIL,823762,NYM,MIL,NYM,team_total,team totals,5.0,NO,KXMLBTEAMTOTAL-26JUL201940NYMMIL-NYM5,66-80c,75.0,13.7,2.2,1223,True,WIN,25.0,0.1195,0.5913,borderline_non_candidate,0.10-0.20,3.0,underdog,elite_23_plus,excellent_lt_3_75,50_55
2026-07-29T04:53:11Z,2026-07-19,2026-07-26,team_runs_5plus_no,2026-07-20,STL@LAA,824006,STL,LAA,LAA,team_total,team totals,5.0,NO,KXMLBTEAMTOTAL-26JUL202210STLLAA-LAA5,56-65c,56.0,9.92,1.0,1288,True,WIN,44.0,0.1166,0.5913,borderline_non_candidate,0.10-0.20,3.0,underdog,below_avg_8_13,very_bad_5_25_plus,45_50
2026-07-29T04:53:11Z,2026-07-19,2026-07-26,team_runs_5plus_no,2026-07-20,STL@LAA,824006,STL,LAA,STL,team_total,team totals,5.0,NO,KXMLBTEAMTOTAL-26JUL202210STLLAA-STL5,46-55c,55.0,8.05,1.0,1288,True,WIN,45.0,0.0,0.5546,borderline_non_candidate,0.00-0.10,2.0,favorite,weak_lt_8,bad_4_75_5_25,40_45
2026-07-29T04:53:11Z,2026-07-19,2026-07-26,team_runs_5plus_no,2026-07-20,SF@KC,824087,SF,KC,SF,team_total,team totals,5.0,NO,KXMLBTEAMTOTAL-26JUL201940SFKC-SF5,46-55c,46.0,2.08,2.2,1023,True,WIN,54.0,0.0,0.5546,borderline_non_candidate,0.00-0.10,3.0,favorite,below_avg_8_13,bad_4_75_5_25,50_55
2026-07-29T04:53:11Z,2026-07-19,2026-07-26,team_runs_5plus_no,2026-07-20,SF@KC,824087,SF,KC,KC,team_total,team totals,5.0,NO,KXMLBTEAMTOTAL-26JUL201940SFKC-KC5,36-45c,45.0,2.63,2.2,1023,True,WIN,55.0,0.0,0.5546,borderline_non_candidate,0.00-0.10,4.0,underdog,below_avg_8_13,bad_4_75_5_25,55_60
2026-07-29T04:53:11Z,2026-07-19,2026-07-26,team_runs_5plus_no,2026-07-20,MIA@HOU,824167,MIA,HOU,HOU,team_total,team totals,5.0,NO,KXMLBTEAMTOTAL-26JUL202010MIAHOU-HOU5,46-55c,54.0,12.35,2.1,1227,True,LOSE,-54.0,0.0432,0.5546,borderline_non_candidate,0.00-0.10,8.0,underdog,below_avg_8_13,bad_4_75_5_25,50_55
2026-07-29T04:53:11Z,2026-07-19,2026-07-26,team_runs_5plus_no,2026-07-20,MIA@HOU,824167,MIA,HOU,MIA,team_total,team totals,5.0,NO,KXMLBTEAMTOTAL-26JUL202010MIAHOU-MIA5,56-65c,56.0,11.86,2.1,1227,True,LOSE,-56.0,0.0,0.5546,borderline_non_candidate,0.00-0.10,5.0,favorite,solid_13_18,bad_4_75_5_25,45_50
2026-07-29T04:53:11Z,2026-07-19,2026-07-26,team_runs_5plus_no,2026-07-20,MIN@CLE,824410,MIN,CLE,MIN,team_total,team totals,5.0,NO,KXMLBTEAMTOTAL-26JUL201840MINCLE-MIN5,56-65c,58.0,8.01,1.8,1194,True,WIN,42.0,0.0432,0.5546,borderline_non_candidate,0.00-0.10,4.0,underdog,below_avg_8_13,very_bad_5_25_plus,50_55
2026-07-29T04:53:11Z,2026-07-19,2026-07-26,team_runs_5plus_no,2026-07-20,MIN@CLE,824410,MIN,CLE,CLE,team_total,team totals,5.0,NO,KXMLBTEAMTOTAL-26JUL201840MINCLE-CLE5,66-80c,68.0,13.33,1.8,1194,True,LOSE,-68.0,0.1791,0.5913,borderline_non_candidate,0.10-0.20,13.0,favorite,strong_18_23,excellent_lt_3_75,40_45
2026-07-29T04:53:11Z,2026-07-19,2026-07-26,team_runs_5plus_no,2026-07-20,DET@CHC,824654,DET,CHC,CHC,team_total,team totals,5.0,NO,KXMLBTEAMTOTAL-26JUL202005DETCHC-CHC5,36-45c,40.0,7.22,1.3,935,True,LOSE,-40.0,0.1461,0.5913,borderline_non_candidate,0.10-0.20,6.0,favorite,strong_18_23,good_3_75_4_25,45_50
2026-07-29T04:53:11Z,2026-07-19,2026-07-26,team_runs_5plus_no,2026-07-20,DET@CHC,824654,DET,CHC,DET,team_total,team totals,5.0,NO,KXMLBTEAMTOTAL-26JUL202005DETCHC-DET5,36-45c,41.0,8.25,1.3,935,True,LOSE,-41.0,0.0,0.5546,borderline_non_candidate,0.00-0.10,8.0,underdog,below_avg_8_13,very_bad_5_25_plus,50_55
2026-07-29T04:53:11Z,2026-07-19,2026-07-26,team_runs_5plus_no,2026-07-20,BAL@BOS,824736,BAL,BOS,BOS,team_total,team totals,5.0,NO,KXMLBTEAMTOTAL-26JUL201910BALBOS-BOS5,46-55c,50.0,7.73,1.4,1209,True,LOSE,-50.0,0.0,0.5546,borderline_non_candidate,0.00-0.10,6.0,favorite,below_avg_8_13,bad_4_75_5_25,55_60
2026-07-29T04:53:11Z,2026-07-19,2026-07-26,team_runs_5plus_no,2026-07-20,BAL@BOS,824736,BAL,BOS,BAL,team_total,team totals,5.0,NO,KXMLBTEAMTOTAL-26JUL201910BALBOS-BAL5,56-65c,61.0,10.04,1.4,1209,True,LOSE,-61.0,0.047,0.5546,borderline_non_candidate,0.00-0.10,5.0,underdog,below_avg_8_13,avg_4_25_4_75,50_55
2026-07-29T04:53:11Z,2026-07-19,2026-07-26,team_runs_5plus_no,2026-07-20,SD@ATL,824898,SD,ATL,ATL,team_total,team totals,5.0,NO,KXMLBTEAMTOTAL-26JUL201915SDATL-ATL5,46-55c,48.0,11.12,0.1,1212,True,WIN,52.0,0.0,0.5546,borderline_non_candidate,0.00-0.10,3.0,favorite,weak_lt_8,very_bad_5_25_plus,55_60
2026-07-29T04:53:11Z,2026-07-19,2026-07-26,team_runs_5plus_no,2026-07-20,SD@ATL,824898,SD,ATL,SD,team_total,team totals,5.0,NO,KXMLBTEAMTOTAL-26JUL201915SDATL-SD5,46-55c,54.0,9.77,0.1,1212,True,WIN,46.0,0.0,0.5546,borderline_non_candidate,0.00-0.10,2.0,underdog,weak_lt_8,very_bad_5_25_plus,45_50
2026-07-29T04:53:11Z,2026-07-19,2026-07-26,team_runs_5plus_no,2026-07-20,ATH@AZ,825058,ATH,AZ,AZ,team_total,team totals,5.0,NO,KXMLBTEAMTOTAL-26JUL202140ATHAZ-AZ5,36-45c,45.0,2.03,1.5,1081,True,WIN,55.0,0.0,0.5546,borderline_non_candidate,0.00-0.10,2.0,favorite,weak_lt_8,very_bad_5_25_plus,50_55
2026-07-29T04:53:11Z,2026-07-19,2026-07-26,team_runs_5plus_no,2026-07-20,ATH@AZ,825058,ATH,AZ,ATH,team_total,team totals,5.0,NO,KXMLBTEAMTOTAL-26JUL202140ATHAZ-ATH5,56-65c,57.0,2.53,1.5,1081,True,LOSE,-57.0,0.1731,0.5913,borderline_non_candidate,0.10-0.20,5.0,underdog,weak_lt_8,very_bad_5_25_plus,40_45
2026-07-29T04:53:11Z,2026-07-19,2026-07-26,team_runs_5plus_no,2026-07-21,TB@TOR,822787,TB,TOR,TB,team_total,team totals,5.0,NO,KXMLBTEAMTOTAL-26JUL211907TBTOR-TB5,66-80c,67.0,9.47,0.0,1141,True,LOSE,-67.0,0.0,0.5546,borderline_non_candidate,0.00-0.10,12.0,favorite,solid_13_18,good_3_75_4_25,45_50
2026-07-29T04:53:11Z,2026-07-19,2026-07-26,team_runs_5plus_no,2026-07-21,TB@TOR,822787,TB,TOR,TOR,team_total,team totals,5.0,NO,KXMLBTEAMTOTAL-26JUL211907TBTOR-TOR5,66-80c,68.0,9.65,0.0,1141,True,WIN,32.0,0.0,0.5546,borderline_non_candidate,0.00-0.10,2.0,underdog,solid_13_18,good_3_75_4_25,45_50
2026-07-29T04:53:11Z,2026-07-19,2026-07-26,team_runs_5plus_no,2026-07-21,CWS@TEX,822871,CWS,TEX,CWS,team_total,team totals,5.0,NO,KXMLBTEAMTOTAL-26JUL212005CWSTEX-CWS5,56-65c,57.0,3.18,0.6,856,True,WIN,43.0,0.0,0.5546,borderline_non_candidate,0.00-0.10,0.0,favorite,below_avg_8_13,bad_4_75_5_25,50_55
2026-07-29T04:53:11Z,2026-07-19,2026-07-26,team_runs_5plus_no,2026-07-21,CWS@TEX,822871,CWS,TEX,TEX,team_total,team totals,5.0,NO,KXMLBTEAMTOTAL-26JUL212005CWSTEX-TEX5,56-65c,57.0,3.31,0.6,856,True,LOSE,-57.0,0.0,0.5546,borderline_non_candidate,0.00-0.10,10.0,underdog,weak_lt_8,very_bad_5_25_plus,50_55
2026-07-29T04:53:11Z,2026-07-19,2026-07-26,team_runs_5plus_no,2026-07-21,CIN@SEA,823114,CIN,SEA,CIN,team_total,team totals,5.0,NO,KXMLBTEAMTOTAL-26JUL212140CINSEA-CIN5,56-65c,64.0,8.99,1.7,1209,True,WIN,36.0,0.0432,0.5546,borderline_non_candidate,0.00-0.10,4.0,underdog,solid_13_18,bad_4_75_5_25,50_55
2026-07-29T04:53:11Z,2026-07-19,2026-07-26,team_runs_5plus_no,2026-07-21,CIN@SEA,823114,CIN,SEA,SEA,team_total,team totals,5.0,NO,KXMLBTEAMTOTAL-26JUL212140CINSEA-SEA5,56-65c,64.0,7.39,1.7,1209,True,WIN,36.0,0.0,0.5546,borderline_non_candidate,0.00-0.10,2.0,favorite,solid_13_18,very_bad_5_25_plus,40_45
2026-07-29T04:53:11Z,2026-07-19,2026-07-26,team_runs_5plus_no,2026-07-21,LAD@PHI,823437,LAD,PHI,PHI,team_total,team totals,5.0,NO,KXMLBTEAMTOTAL-26JUL211840LADPHI-PHI5,46-55c,55.0,7.16,0.2,1129,True,WIN,45.0,0.0423,0.5546,borderline_non_candidate,0.00-0.10,1.0,underdog,solid_13_18,avg_4_25_4_75,40_45
2026-07-29T04:53:11Z,2026-07-19,2026-07-26,team_runs_5plus_no,2026-07-21,LAD@PHI,823437,LAD,PHI,LAD,team_total,team totals,5.0,NO,KXMLBTEAMTOTAL-26JUL211840LADPHI-LAD5,56-65c,56.0,12.3,0.2,1129,True,WIN,44.0,0.2307,0.6292,borderline_non_candidate,0.20-0.30,2.0,favorite,elite_23_plus,excellent_lt_3_75,40_45
2026-07-29T04:53:11Z,2026-07-19,2026-07-26,team_runs_5plus_no,2026-07-21,NYM@MIL,823760,NYM,MIL,MIL,team_total,team totals,5.0,NO,KXMLBTEAMTOTAL-26JUL211940NYMMIL-MIL5,46-55c,54.0,6.07,0.6,1155,True,WIN,46.0,0.0,0.5546,borderline_non_candidate,0.00-0.10,0.0,favorite,missing,missing,50_55
2026-07-29T04:53:11Z,2026-07-19,2026-07-26,team_runs_5plus_no,2026-07-21,NYM@MIL,823760,NYM,MIL,NYM,team_total,team totals,5.0,NO,KXMLBTEAMTOTAL-26JUL211940NYMMIL-NYM5,56-65c,59.0,8.64,0.6,1155,True,WIN,41.0,0.1248,0.5913,borderline_non_candidate,0.10-0.20,4.0,underdog,weak_lt_8,bad_4_75_5_25,50_55
2026-07-29T04:53:11Z,2026-07-19,2026-07-26,team_runs_5plus_no,2026-07-21,STL@LAA,824005,STL,LAA,LAA,team_total,team totals,5.0,NO,KXMLBTEAMTOTAL-26JUL212138STLLAA-LAA5,46-55c,52.0,10.73,1.7,1208,True,LOSE,-52.0,0.1617,0.5913,borderline_non_candidate,0.10-0.20,5.0,underdog,below_avg_8_13,bad_4_75_5_25,45_50
2026-07-29T04:53:11Z,2026-07-19,2026-07-26,team_runs_5plus_no,2026-07-21,STL@LAA,824005,STL,LAA,STL,team_total,team totals,5.0,NO,KXMLBTEAMTOTAL-26JUL212138STLLAA-STL5,46-55c,53.0,10.65,1.7,1208,True,WIN,47.0,0.0,0.5546,borderline_non_candidate,0.00-0.10,1.0,favorite,weak_lt_8,very_bad_5_25_plus,45_50
2026-07-29T04:53:11Z,2026-07-19,2026-07-26,team_runs_5plus_no,2026-07-21,SF@KC,824085,SF,KC,KC,team_total,team totals,5.0,NO,KXMLBTEAMTOTAL-26JUL211940SFKC-KC5,46-55c,54.0,7.17,0.6,1155,True,WIN,46.0,0.0,0.5546,borderline_non_candidate,0.00-0.10,3.0,underdog,solid_13_18,bad_4_75_5_25,55_60
2026-07-29T04:53:11Z,2026-07-19,2026-07-26,team_runs_5plus_no,2026-07-21,SF@KC,824085,SF,KC,SF,team_total,team totals,5.0,NO,KXMLBTEAMTOTAL-26JUL211940SFKC-SF5,46-55c,49.0,8.55,0.6,1155,True,WIN,51.0,0.0,0.5546,borderline_non_candidate,0.00-0.10,2.0,favorite,weak_lt_8,very_bad_5_25_plus,45_50
2026-07-29T04:53:11Z,2026-07-19,2026-07-26,team_runs_5plus_no,2026-07-21,MIA@HOU,824165,MIA,HOU,MIA,team_total,team totals,5.0,NO,KXMLBTEAMTOTAL-26JUL212010MIAHOU-MIA5,46-55c,54.0,3.49,1.2,1168,True,WIN,46.0,0.0,0.5546,borderline_non_candidate,0.00-0.10,3.0,favorite,weak_lt_8,very_bad_5_25_plus,45_50
2026-07-29T04:53:11Z,2026-07-19,2026-07-26,team_runs_5plus_no,2026-07-21,MIA@HOU,824165,MIA,HOU,HOU,team_total,team totals,5.0,NO,KXMLBTEAMTOTAL-26JUL212010MIAHOU-HOU5,46-55c,52.0,4.2,1.2,1168,True,LOSE,-52.0,0.0,0.5546,borderline_non_candidate,0.00-0.10,5.0,underdog,weak_lt_8,very_bad_5_25_plus,45_50
2026-07-29T04:53:11Z,2026-07-19,2026-07-26,team_runs_5plus_no,2026-07-21,MIN@CLE,824409,MIN,CLE,CLE,team_total,team totals,5.0,NO,KXMLBTEAMTOTAL-26JUL211840MINCLE-CLE5,56-65c,57.0,1.81,0.2,859,True,LOSE,-57.0,0.0,0.5546,borderline_non_candidate,0.00-0.10,5.0,favorite,weak_lt_8,bad_4_75_5_25,40_45
2026-07-29T04:53:11Z,2026-07-19,2026-07-26,team_runs_5plus_no,2026-07-21,MIN@CLE,824409,MIN,CLE,MIN,team_total,team totals,5.0,NO,KXMLBTEAMTOTAL-26JUL211840MINCLE-MIN5,66-80c,69.0,4.68,0.2,859,True,WIN,31.0,0.0,0.5546,borderline_non_candidate,0.00-0.10,2.0,underdog,weak_lt_8,very_bad_5_25_plus,45_50
2026-07-29T04:53:11Z,2026-07-19,2026-07-26,team_runs_5plus_no,2026-07-21,DET@CHC,824652,DET,CHC,CHC,team_total,team totals,5.0,NO,KXMLBTEAMTOTAL-26JUL212005DETCHC-CHC5,56-65c,64.0,2.73,0.6,896,True,LOSE,-64.0,0.0,0.5546,borderline_non_candidate,0.00-0.10,11.0,favorite,below_avg_8_13,avg_4_25_4_75,50_55
2026-07-29T04:53:11Z,2026-07-19,2026-07-26,team_runs_5plus_no,2026-07-21,DET@CHC,824652,DET,CHC,DET,team_total,team totals,5.0,NO,KXMLBTEAMTOTAL-26JUL212005DETCHC-DET5,56-65c,63.0,1.79,0.6,896,True,WIN,37.0,0.0,0.5546,borderline_non_candidate,0.00-0.10,2.0,underdog,weak_lt_8,very_bad_5_25_plus,50_55
2026-07-29T04:53:11Z,2026-07-19,2026-07-26,team_runs_5plus_no,2026-07-21,SD@ATL,824895,SD,ATL,SD,team_total,team totals,5.0,NO,KXMLBTEAMTOTAL-26JUL211915SDATL-SD5,56-65c,59.0,6.97,1.2,1144,True,LOSE,-59.0,0.0,0.5546,borderline_non_candidate,0.00-0.10,8.0,underdog,below_avg_8_13,bad_4_75_5_25,55_60
2026-07-29T04:53:11Z,2026-07-19,2026-07-26,team_runs_5plus_no,2026-07-21,SD@ATL,824895,SD,ATL,ATL,team_total,team totals,5.0,NO,KXMLBTEAMTOTAL-26JUL211915SDATL-ATL5,46-55c,48.0,6.52,1.2,1144,True,WIN,52.0,0.0,0.5546,borderline_non_candidate,0.00-0.10,3.0,favorite,weak_lt_8,bad_4_75_5_25,55_60
2026-07-29T04:53:11Z,2026-07-19,2026-07-26,team_runs_5plus_no,2026-07-21,ATH@AZ,825056,ATH,AZ,AZ,team_total,team totals,5.0,NO,KXMLBTEAMTOTAL-26JUL212140ATHAZ-AZ5,46-55c,46.0,2.42,1.7,699,True,LOSE,-46.0,0.0,0.5546,borderline_non_candidate,0.00-0.10,6.0,favorite,below_avg_8_13,bad_4_75_5_25,55_60
2026-07-29T04:53:11Z,2026-07-19,2026-07-26,team_runs_5plus_no,2026-07-21,ATH@AZ,825056,ATH,AZ,ATH,team_total,team totals,5.0,NO,KXMLBTEAMTOTAL-26JUL212140ATHAZ-ATH5,46-55c,54.0,3.1,1.7,699,True,LOSE,-54.0,0.0,0.5546,borderline_non_candidate,0.00-0.10,5.0,underdog,missing,missing,40_45
2026-07-29T04:53:11Z,2026-07-19,2026-07-26,team_runs_5plus_no,2026-07-22,TB@TOR,822784,TB,TOR,TOR,team_total,team totals,5.0,NO,KXMLBTEAMTOTAL-26JUL221907TBTOR-TOR5,56-65c,61.0,5.46,1.1,754,True,WIN,39.0,0.0,0.5546,borderline_non_candidate,0.00-0.10,2.0,underdog,solid_13_18,good_3_75_4_25,45_50
2026-07-29T04:53:11Z,2026-07-19,2026-07-26,team_runs_5plus_no,2026-07-22,TB@TOR,822784,TB,TOR,TB,team_total,team totals,5.0,NO,KXMLBTEAMTOTAL-26JUL221907TBTOR-TB5,56-65c,59.0,4.73,1.1,754,True,WIN,41.0,0.052,0.5546,borderline_non_candidate,0.00-0.10,4.0,favorite,solid_13_18,good_3_75_4_25,45_50
2026-07-29T04:53:11Z,2026-07-19,2026-07-26,team_runs_5plus_no,2026-07-22,CWS@TEX,822873,CWS,TEX,TEX,team_total,team totals,5.0,NO,KXMLBTEAMTOTAL-26JUL222005CWSTEX-TEX5,56-65c,57.0,3.18,0.9,1052,True,WIN,43.0,0.0,0.5546,borderline_non_candidate,0.00-0.10,2.0,underdog,below_avg_8_13,bad_4_75_5_25,50_55
2026-07-29T04:53:11Z,2026-07-19,2026-07-26,team_runs_5plus_no,2026-07-22,CWS@TEX,822873,CWS,TEX,CWS,team_total,team totals,5.0,NO,KXMLBTEAMTOTAL-26JUL222005CWSTEX-CWS5,46-55c,54.0,3.77,0.9,1052,True,WIN,46.0,0.0,0.5546,borderline_non_candidate,0.00-0.10,4.0,favorite,elite_23_plus,excellent_lt_3_75,50_55
2026-07-29T04:53:11Z,2026-07-19,2026-07-26,team_runs_5plus_no,2026-07-22,CIN@SEA,823110,CIN,SEA,CIN,team_total,team totals,5.0,NO,KXMLBTEAMTOTAL-26JUL221540CINSEA-CIN5,66-80c,66.0,11.98,0.6,841,True,LOSE,-66.0,0.0,0.5546,borderline_non_candidate,0.00-0.10,5.0,underdog,below_avg_8_13,very_bad_5_25_plus,45_50
2026-07-29T04:53:11Z,2026-07-19,2026-07-26,team_runs_5plus_no,2026-07-22,CIN@SEA,823110,CIN,SEA,SEA,team_total,team totals,5.0,NO,KXMLBTEAMTOTAL-26JUL221540CINSEA-SEA5,46-55c,54.0,10.59,0.6,841,True,WIN,46.0,0.0,0.5546,borderline_non_candidate,0.00-0.10,3.0,favorite,solid_13_18,avg_4_25_4_75,45_50
2026-07-29T04:53:11Z,2026-07-19,2026-07-26,team_runs_5plus_no,2026-07-22,LAD@PHI,823438,LAD,PHI,LAD,team_total,team totals,5.0,NO,KXMLBTEAMTOTAL-26JUL221840LADPHI-LAD5,36-45c,44.0,9.85,0.0,983,True,LOSE,-44.0,0.1438,0.5913,borderline_non_candidate,0.10-0.20,9.0,favorite,solid_13_18,avg_4_25_4_75,45_50
2026-07-29T04:53:11Z,2026-07-19,2026-07-26,team_runs_5plus_no,2026-07-22,LAD@PHI,823438,LAD,PHI,PHI,team_total,team totals,5.0,NO,KXMLBTEAMTOTAL-26JUL221840LADPHI-PHI5,46-55c,53.0,7.73,0.0,983,True,LOSE,-53.0,0.0,0.5546,borderline_non_candidate,0.00-0.10,5.0,underdog,weak_lt_8,very_bad_5_25_plus,45_50
2026-07-29T04:53:11Z,2026-07-19,2026-07-26,team_runs_5plus_no,2026-07-22,NYM@MIL,823761,NYM,MIL,NYM,team_total,team totals,5.0,NO,KXMLBTEAMTOTAL-26JUL221410NYMMIL-NYM5,66-80c,69.0,11.86,1.3,776,True,WIN,31.0,0.1286,0.5913,borderline_non_candidate,0.10-0.20,3.0,underdog,elite_23_plus,good_3_75_4_25,45_50
2026-07-29T04:53:11Z,2026-07-19,2026-07-26,team_runs_5plus_no,2026-07-22,NYM@MIL,823761,NYM,MIL,MIL,team_total,team totals,5.0,NO,KXMLBTEAMTOTAL-26JUL221410NYMMIL-MIL5,56-65c,59.0,8.86,1.3,776,True,WIN,41.0,0.0,0.5546,borderline_non_candidate,0.00-0.10,4.0,favorite,strong_18_23,good_3_75_4_25,50_55
2026-07-29T04:53:11Z,2026-07-19,2026-07-26,team_runs_5plus_no,2026-07-22,STL@LAA,824004,STL,LAA,STL,team_total,team totals,5.0,NO,KXMLBTEAMTOTAL-26JUL221607STLLAA-STL5,56-65c,58.0,10.93,0.5,861,True,WIN,42.0,0.0,0.5546,borderline_non_candidate,0.00-0.10,1.0,favorite,strong_18_23,avg_4_25_4_75,45_50
2026-07-29T04:53:11Z,2026-07-19,2026-07-26,team_runs_5plus_no,2026-07-22,STL@LAA,824004,STL,LAA,LAA,team_total,team totals,5.0,NO,KXMLBTEAMTOTAL-26JUL221607STLLAA-LAA5,46-55c,53.0,11.71,0.5,861,True,WIN,47.0,0.1166,0.5913,borderline_non_candidate,0.10-0.20,0.0,underdog,below_avg_8_13,bad_4_75_5_25,45_50
2026-07-29T04:53:11Z,2026-07-19,2026-07-26,team_runs_5plus_no,2026-07-22,SF@KC,824083,SF,KC,KC,team_total,team totals,5.0,NO,KXMLBTEAMTOTAL-26JUL221410SFKC-KC5,56-65c,59.0,8.72,1.3,776,True,LOSE,-59.0,0.0146,0.5546,borderline_non_candidate,0.00-0.10,5.0,underdog,weak_lt_8,very_bad_5_25_plus,50_55
2026-07-29T04:53:11Z,2026-07-19,2026-07-26,team_runs_5plus_no,2026-07-22,SF@KC,824083,SF,KC,SF,team_total,team totals,5.0,NO,KXMLBTEAMTOTAL-26JUL221410SFKC-SF5,46-55c,51.0,8.83,1.3,776,True,WIN,49.0,0.0,0.5546,borderline_non_candidate,0.00-0.10,4.0,favorite,below_avg_8_13,bad_4_75_5_25,45_50
2026-07-29T04:53:11Z,2026-07-19,2026-07-26,team_runs_5plus_no,2026-07-22,MIA@HOU,824166,MIA,HOU,MIA,team_total,team totals,5.0,NO,KXMLBTEAMTOTAL-26JUL222010MIAHOU-MIA5,56-65c,59.0,2.39,1.0,1056,True,WIN,41.0,0.0,0.5546,borderline_non_candidate,0.00-0.10,2.0,favorite,below_avg_8_13,bad_4_75_5_25,40_45
2026-07-29T04:53:11Z,2026-07-19,2026-07-26,team_runs_5plus_no,2026-07-22,MIA@HOU,824166,MIA,HOU,HOU,team_total,team totals,5.0,NO,KXMLBTEAMTOTAL-26JUL222010MIAHOU-HOU5,56-65c,61.0,4.61,1.0,1056,True,LOSE,-61.0,0.0432,0.5546,borderline_non_candidate,0.00-0.10,5.0,underdog,below_avg_8_13,avg_4_25_4_75,50_55
2026-07-29T04:53:11Z,2026-07-19,2026-07-26,team_runs_5plus_no,2026-07-22,MIN@CLE,824408,MIN,CLE,CLE,team_total,team totals,5.0,NO,KXMLBTEAMTOTAL-26JUL221840MINCLE-CLE5,56-65c,57.0,8.4,0.0,983,True,LOSE,-57.0,0.0,0.5546,borderline_non_candidate,0.00-0.10,6.0,favorite,below_avg_8_13,bad_4_75_5_25,45_50
2026-07-29T04:53:11Z,2026-07-19,2026-07-26,team_runs_5plus_no,2026-07-22,MIN@CLE,824408,MIN,CLE,MIN,team_total,team totals,5.0,NO,KXMLBTEAMTOTAL-26JUL221840MINCLE-MIN5,56-65c,65.0,10.64,0.0,983,True,LOSE,-65.0,0.0472,0.5546,borderline_non_candidate,0.00-0.10,10.0,underdog,below_avg_8_13,bad_4_75_5_25,40_45
2026-07-29T04:53:11Z,2026-07-19,2026-07-26,team_runs_5plus_no,2026-07-22,DET@CHC,824650,DET,CHC,DET,team_total,team totals,5.0,NO,KXMLBTEAMTOTAL-26JUL222010DETCHC-DET5,56-65c,62.0,12.73,1.0,1056,True,LOSE,-62.0,0.0,0.5546,borderline_non_candidate,0.00-0.10,5.0,underdog,weak_lt_8,very_bad_5_25_plus,50_55
2026-07-29T04:53:11Z,2026-07-19,2026-07-26,team_runs_5plus_no,2026-07-22,DET@CHC,824650,DET,CHC,CHC,team_total,team totals,5.0,NO,KXMLBTEAMTOTAL-26JUL222010DETCHC-CHC5,56-65c,60.0,12.55,1.0,1056,True,WIN,40.0,0.0,0.5546,borderline_non_candidate,0.00-0.10,1.0,favorite,weak_lt_8,very_bad_5_25_plus,50_55
2026-07-29T04:53:11Z,2026-07-19,2026-07-26,team_runs_5plus_no,2026-07-22,SD@ATL,824896,SD,ATL,ATL,team_total,team totals,5.0,NO,KXMLBTEAMTOTAL-26JUL221915SDATL-ATL5,56-65c,58.0,2.97,0.2,771,True,LOSE,-58.0,0.0,0.5546,borderline_non_candidate,0.00-0.10,7.0,favorite,weak_lt_8,very_bad_5_25_plus,55_60
2026-07-29T04:53:11Z,2026-07-19,2026-07-26,team_runs_5plus_no,2026-07-22,SD@ATL,824896,SD,ATL,SD,team_total,team totals,5.0,NO,KXMLBTEAMTOTAL-26JUL221915SDATL-SD5,56-65c,56.0,3.45,0.2,771,True,LOSE,-56.0,0.0,0.5546,borderline_non_candidate,0.00-0.10,6.0,underdog,weak_lt_8,very_bad_5_25_plus,55_60
2026-07-29T04:53:11Z,2026-07-19,2026-07-26,team_runs_5plus_no,2026-07-22,ATH@AZ,825055,ATH,AZ,AZ,team_total,team totals,5.0,NO,KXMLBTEAMTOTAL-26JUL221540ATHAZ-AZ5,46-55c,54.0,11.06,0.6,841,True,LOSE,-54.0,0.0,0.5546,borderline_non_candidate,0.00-0.10,15.0,favorite,solid_13_18,avg_4_25_4_75,50_55
2026-07-29T04:53:11Z,2026-07-19,2026-07-26,team_runs_5plus_no,2026-07-22,ATH@AZ,825055,ATH,AZ,ATH,team_total,team totals,5.0,NO,KXMLBTEAMTOTAL-26JUL221540ATHAZ-ATH5,56-65c,58.0,11.65,0.6,841,True,LOSE,-58.0,0.1265,0.5913,borderline_non_candidate,0.10-0.20,5.0,underdog,weak_lt_8,very_bad_5_25_plus,40_45
2026-07-29T04:53:11Z,2026-07-19,2026-07-26,team_runs_5plus_no,2026-07-23,TB@TOR,822785,TB,TOR,TOR,team_total,team totals,5.0,NO,KXMLBTEAMTOTAL-26JUL231507TBTOR-TOR5,56-65c,58.0,1.77,0.1,2198,True,WIN,42.0,0.0,0.5546,borderline_non_candidate,0.00-0.10,3.0,underdog,weak_lt_8,very_bad_5_25_plus,45_50
2026-07-29T04:53:11Z,2026-07-19,2026-07-26,team_runs_5plus_no,2026-07-23,TB@TOR,822785,TB,TOR,TB,team_total,team totals,5.0,NO,KXMLBTEAMTOTAL-26JUL231507TBTOR-TB5,46-55c,55.0,2.85,0.1,2198,True,WIN,45.0,0.0,0.5546,borderline_non_candidate,0.00-0.10,1.0,favorite,weak_lt_8,bad_4_75_5_25,50_55
2026-07-29T04:53:11Z,2026-07-19,2026-07-26,team_runs_5plus_no,2026-07-23,KC@DET,824247,KC,DET,DET,team_total,team totals,5.0,NO,KXMLBTEAMTOTAL-26JUL231840KCDET-DET5,46-55c,47.0,2.58,1.0,2428,True,WIN,53.0,0.0,0.5546,borderline_non_candidate,0.00-0.10,4.0,favorite,weak_lt_8,very_bad_5_25_plus,45_50
2026-07-29T04:53:11Z,2026-07-19,2026-07-26,team_runs_5plus_no,2026-07-23,KC@DET,824247,KC,DET,KC,team_total,team totals,5.0,NO,KXMLBTEAMTOTAL-26JUL231840KCDET-KC5,66-80c,70.0,2.19,1.0,2428,True,WIN,30.0,0.057,0.5546,borderline_non_candidate,0.00-0.10,3.0,underdog,solid_13_18,good_3_75_4_25,40_45
2026-07-29T04:53:11Z,2026-07-19,2026-07-26,team_runs_5plus_no,2026-07-23,MIN@CLE,824406,MIN,CLE,CLE,team_total,team totals,5.0,NO,KXMLBTEAMTOTAL-26JUL231310MINCLE-CLE5,56-65c,62.0,1.71,0.0,1973,True,WIN,38.0,0.0,0.5546,borderline_non_candidate,0.00-0.10,1.0,favorite,solid_13_18,bad_4_75_5_25,50_55
2026-07-29T04:53:11Z,2026-07-19,2026-07-26,team_runs_5plus_no,2026-07-23,MIN@CLE,824406,MIN,CLE,MIN,team_total,team totals,5.0,NO,KXMLBTEAMTOTAL-26JUL231310MINCLE-MIN5,66-80c,70.0,2.13,0.0,1973,True,WIN,30.0,0.2223,0.6292,borderline_non_candidate,0.20-0.30,3.0,underdog,strong_18_23,excellent_lt_3_75,40_45
2026-07-29T04:53:11Z,2026-07-19,2026-07-26,team_runs_5plus_no,2026-07-23,SD@ATL,824893,SD,ATL,SD,team_total,team totals,5.0,NO,KXMLBTEAMTOTAL-26JUL231215SDATL-SD5,66-80c,74.0,2.01,0.4,1867,True,LOSE,-74.0,0.0343,0.5546,borderline_non_candidate,0.00-0.10,5.0,underdog,strong_18_23,good_3_75_4_25,60_plus
2026-07-29T04:53:11Z,2026-07-19,2026-07-26,team_runs_5plus_no,2026-07-23,SD@ATL,824893,SD,ATL,ATL,team_total,team totals,5.0,NO,KXMLBTEAMTOTAL-26JUL231215SDATL-ATL5,46-55c,46.0,2.08,0.4,1867,True,LOSE,-46.0,0.0,0.5546,borderline_non_candidate,0.00-0.10,6.0,favorite,below_avg_8_13,very_bad_5_25_plus,55_60
2026-07-29T04:53:11Z,2026-07-19,2026-07-26,team_runs_5plus_no,2026-07-24,SEA@TEX,822872,SEA,TEX,TEX,team_total,team totals,5.0,NO,KXMLBTEAMTOTAL-26JUL242005SEATEX-TEX5,56-65c,65.0,5.71,1.8,1188,True,LOSE,-65.0,0.0991,0.5546,borderline_non_candidate,0.00-0.10,5.0,underdog,strong_18_23,good_3_75_4_25,50_55
2026-07-29T04:53:11Z,2026-07-19,2026-07-26,team_runs_5plus_no,2026-07-24,SEA@TEX,822872,SEA,TEX,SEA,team_total,team totals,5.0,NO,KXMLBTEAMTOTAL-26JUL242005SEATEX-SEA5,56-65c,61.0,4.36,1.8,1188,True,WIN,39.0,0.0,0.5546,borderline_non_candidate,0.00-0.10,4.0,favorite,below_avg_8_13,good_3_75_4_25,40_45
2026-07-29T04:53:11Z,2026-07-19,2026-07-26,team_runs_5plus_no,2026-07-24,CLE@TB,822952,CLE,TB,TB,team_total,team totals,5.0,NO,KXMLBTEAMTOTAL-26JUL241910CLETB-TB5,56-65c,64.0,4.29,0.6,1167,True,LOSE,-64.0,0.0028,0.5546,borderline_non_candidate,0.00-0.10,11.0,favorite,solid_13_18,good_3_75_4_25,50_55
2026-07-29T04:53:11Z,2026-07-19,2026-07-26,team_runs_5plus_no,2026-07-24,CLE@TB,822952,CLE,TB,CLE,team_total,team totals,5.0,NO,KXMLBTEAMTOTAL-26JUL241910CLETB-CLE5,66-80c,66.0,5.72,0.6,1167,True,WIN,34.0,0.0,0.5546,borderline_non_candidate,0.00-0.10,3.0,underdog,below_avg_8_13,bad_4_75_5_25,50_55
2026-07-29T04:53:11Z,2026-07-19,2026-07-26,team_runs_5plus_no,2026-07-24,CIN@STL,823031,CIN,STL,STL,team_total,team totals,5.0,NO,KXMLBTEAMTOTAL-26JUL242015CINSTL-STL5,56-65c,56.0,4.24,1.1,1192,True,WIN,44.0,0.0115,0.5546,borderline_non_candidate,0.00-0.10,2.0,favorite,weak_lt_8,very_bad_5_25_plus,40_45
2026-07-29T04:53:11Z,2026-07-19,2026-07-26,team_runs_5plus_no,2026-07-24,CIN@STL,823031,CIN,STL,CIN,team_total,team totals,5.0,NO,KXMLBTEAMTOTAL-26JUL242015CINSTL-CIN5,56-65c,63.0,5.74,1.1,1192,True,WIN,37.0,0.0,0.5546,borderline_non_candidate,0.00-0.10,4.0,underdog,below_avg_8_13,avg_4_25_4_75,45_50
2026-07-29T04:53:11Z,2026-07-19,2026-07-26,team_runs_5plus_no,2026-07-24,LAA@SF,823196,LAA,SF,LAA,team_total,team totals,5.0,NO,KXMLBTEAMTOTAL-26JUL242215LAASF-LAA5,56-65c,65.0,7.89,0.8,1246,True,LOSE,-65.0,0.0,0.5546,borderline_non_candidate,0.00-0.10,6.0,underdog,weak_lt_8,avg_4_25_4_75,45_50
2026-07-29T04:53:11Z,2026-07-19,2026-07-26,team_runs_5plus_no,2026-07-24,LAA@SF,823196,LAA,SF,SF,team_total,team totals,5.0,NO,KXMLBTEAMTOTAL-26JUL242215LAASF-SF5,46-55c,53.0,6.21,0.8,1246,True,LOSE,-53.0,0.0,0.5546,borderline_non_candidate,0.00-0.10,7.0,favorite,weak_lt_8,very_bad_5_25_plus,40_45
2026-07-29T04:53:11Z,2026-07-19,2026-07-26,team_runs_5plus_no,2026-07-24,CHC@PIT,823352,CHC,PIT,CHC,team_total,team totals,5.0,NO,KXMLBTEAMTOTAL-26JUL241840CHCPIT-CHC5,56-65c,60.0,4.07,1.9,1165,True,WIN,40.0,0.096,0.5546,borderline_non_candidate,0.00-0.10,3.0,favorite,strong_18_23,excellent_lt_3_75,55_60
2026-07-29T04:53:11Z,2026-07-19,2026-07-26,team_runs_5plus_no,2026-07-24,CHC@PIT,823352,CHC,PIT,PIT,team_total,team totals,5.0,NO,KXMLBTEAMTOTAL-26JUL241840CHCPIT-PIT5,56-65c,61.0,5.47,1.9,1165,True,WIN,39.0,0.0,0.5546,borderline_non_candidate,0.00-0.10,2.0,underdog,below_avg_8_13,avg_4_25_4_75,60_plus
2026-07-29T04:53:11Z,2026-07-19,2026-07-26,team_runs_5plus_no,2026-07-24,NYY@PHI,823434,NYY,PHI,PHI,team_total,team totals,5.0,NO,KXMLBTEAMTOTAL-26JUL241845NYYPHI-PHI5,56-65c,62.0,4.58,2.0,1167,True,WIN,38.0,0.0432,0.5546,borderline_non_candidate,0.00-0.10,0.0,underdog,solid_13_18,avg_4_25_4_75,40_45
2026-07-29T04:53:11Z,2026-07-19,2026-07-26,team_runs_5plus_no,2026-07-24,NYY@PHI,823434,NYY,PHI,NYY,team_total,team totals,5.0,NO,KXMLBTEAMTOTAL-26JUL241845NYYPHI-NYY5,56-65c,65.0,4.06,2.0,1167,True,WIN,35.0,0.0432,0.5546,borderline_non_candidate,0.00-0.10,1.0,favorite,solid_13_18,good_3_75_4_25,45_50
2026-07-29T04:53:11Z,2026-07-19,2026-07-26,team_runs_5plus_no,2026-07-24,LAD@NYM,823601,LAD,NYM,NYM,team_total,team totals,5.0,NO,KXMLBTEAMTOTAL-26JUL241910LADNYM-NYM5,56-65c,58.0,5.61,0.6,1177,True,WIN,42.0,0.2213,0.6292,borderline_non_candidate,0.20-0.30,2.0,underdog,below_avg_8_13,avg_4_25_4_75,40_45
2026-07-29T04:53:11Z,2026-07-19,2026-07-26,team_runs_5plus_no,2026-07-24,LAD@NYM,823601,LAD,NYM,LAD,team_total,team totals,5.0,NO,KXMLBTEAMTOTAL-26JUL241910LADNYM-LAD5,46-55c,49.0,5.77,0.6,1177,True,WIN,51.0,0.0,0.5546,borderline_non_candidate,0.00-0.10,4.0,favorite,weak_lt_8,bad_4_75_5_25,40_45
2026-07-29T04:53:11Z,2026-07-19,2026-07-26,team_runs_5plus_no,2026-07-24,ATH@MIN,823680,ATH,MIN,ATH,team_total,team totals,5.0,NO,KXMLBTEAMTOTAL-26JUL242010ATHMIN-ATH5,46-55c,51.0,4.48,1.6,1190,True,WIN,49.0,0.0,0.5546,borderline_non_candidate,0.00-0.10,2.0,underdog,weak_lt_8,very_bad_5_25_plus,40_45
2026-07-29T04:53:11Z,2026-07-19,2026-07-26,team_runs_5plus_no,2026-07-24,ATH@MIN,823680,ATH,MIN,MIN,team_total,team totals,5.0,NO,KXMLBTEAMTOTAL-26JUL242010ATHMIN-MIN5,36-45c,44.0,4.84,1.6,1190,True,WIN,56.0,0.0,0.5546,borderline_non_candidate,0.00-0.10,0.0,favorite,weak_lt_8,very_bad_5_25_plus,45_50
2026-07-29T04:53:11Z,2026-07-19,2026-07-26,team_runs_5plus_no,2026-07-24,COL@MIL,823759,COL,MIL,COL,team_total,team totals,5.0,NO,KXMLBTEAMTOTAL-26JUL241610COLMIL-COL5,66-80c,70.0,5.98,2.0,1101,True,LOSE,-70.0,0.1841,0.5913,borderline_non_candidate,0.10-0.20,5.0,underdog,solid_13_18,avg_4_25_4_75,45_50
2026-07-29T04:53:11Z,2026-07-19,2026-07-26,team_runs_5plus_no,2026-07-24,COL@MIL,823759,COL,MIL,MIL,team_total,team totals,5.0,NO,KXMLBTEAMTOTAL-26JUL241610COLMIL-MIL5,36-45c,40.0,4.81,2.0,1101,True,WIN,60.0,0.0,0.5546,borderline_non_candidate,0.00-0.10,2.0,favorite,weak_lt_8,very_bad_5_25_plus,45_50
2026-07-29T04:53:11Z,2026-07-19,2026-07-26,team_runs_5plus_no,2026-07-24,SD@MIA,823843,SD,MIA,MIA,team_total,team totals,5.0,NO,KXMLBTEAMTOTAL-26JUL241910SDMIA-MIA5,46-55c,53.0,5.55,0.6,1047,True,WIN,47.0,0.0,0.5546,borderline_non_candidate,0.00-0.10,2.0,favorite,weak_lt_8,very_bad_5_25_plus,40_45
2026-07-29T04:53:11Z,2026-07-19,2026-07-26,team_runs_5plus_no,2026-07-24,SD@MIA,823843,SD,MIA,SD,team_total,team totals,5.0,NO,KXMLBTEAMTOTAL-26JUL241910SDMIA-SD5,56-65c,57.0,4.57,0.6,1047,True,WIN,43.0,0.0,0.5546,borderline_non_candidate,0.00-0.10,4.0,underdog,weak_lt_8,very_bad_5_25_plus,55_60
2026-07-29T04:53:11Z,2026-07-19,2026-07-26,team_runs_5plus_no,2026-07-24,KC@DET,824248,KC,DET,DET,team_total,team totals,5.0,NO,KXMLBTEAMTOTAL-26JUL241840KCDET-DET5,46-55c,52.0,6.08,1.9,1055,True,WIN,48.0,0.0,0.5546,borderline_non_candidate,0.00-0.10,2.0,favorite,missing,missing,45_50
2026-07-29T04:53:11Z,2026-07-19,2026-07-26,team_runs_5plus_no,2026-07-24,KC@DET,824248,KC,DET,KC,team_total,team totals,5.0,NO,KXMLBTEAMTOTAL-26JUL241840KCDET-KC5,66-80c,77.0,8.83,1.9,1055,True,WIN,23.0,0.2361,0.6292,borderline_non_candidate,0.20-0.30,1.0,underdog,strong_18_23,excellent_lt_3_75,40_45
2026-07-29T04:53:11Z,2026-07-19,2026-07-26,team_runs_5plus_no,2026-07-24,HOU@CWS,824573,HOU,CWS,CWS,team_total,team totals,5.0,NO,KXMLBTEAMTOTAL-26JUL241940HOUCWS-CWS5,46-55c,53.0,4.91,0.1,1179,True,LOSE,-53.0,0.0,0.5546,borderline_non_candidate,0.00-0.10,5.0,favorite,weak_lt_8,very_bad_5_25_plus,50_55
2026-07-29T04:53:11Z,2026-07-19,2026-07-26,team_runs_5plus_no,2026-07-24,HOU@CWS,824573,HOU,CWS,HOU,team_total,team totals,5.0,NO,KXMLBTEAMTOTAL-26JUL241940HOUCWS-HOU5,56-65c,60.0,5.16,0.1,1179,True,LOSE,-60.0,0.0011,0.5546,borderline_non_candidate,0.00-0.10,9.0,underdog,weak_lt_8,very_bad_5_25_plus,45_50
2026-07-29T04:53:11Z,2026-07-19,2026-07-26,team_runs_5plus_no,2026-07-24,TOR@BOS,824733,TOR,BOS,BOS,team_total,team totals,5.0,NO,KXMLBTEAMTOTAL-26JUL241915TORBOS-BOS5,46-55c,55.0,2.96,0.6,1049,True,LOSE,-55.0,0.0,0.5546,borderline_non_candidate,0.00-0.10,6.0,favorite,weak_lt_8,very_bad_5_25_plus,55_60
2026-07-29T04:53:11Z,2026-07-19,2026-07-26,team_runs_5plus_no,2026-07-24,TOR@BOS,824733,TOR,BOS,TOR,team_total,team totals,5.0,NO,KXMLBTEAMTOTAL-26JUL241915TORBOS-TOR5,56-65c,58.0,2.63,0.6,1049,True,WIN,42.0,0.1964,0.5913,borderline_non_candidate,0.10-0.20,4.0,underdog,strong_18_23,good_3_75_4_25,40_45
2026-07-29T04:53:11Z,2026-07-19,2026-07-26,team_runs_5plus_no,2026-07-24,ATL@BAL,824812,ATL,BAL,ATL,team_total,team totals,5.0,NO,KXMLBTEAMTOTAL-26JUL241905ATLBAL-ATL5,56-65c,58.0,3.51,0.6,1045,True,LOSE,-58.0,0.0054,0.5546,borderline_non_candidate,0.00-0.10,7.0,favorite,below_avg_8_13,avg_4_25_4_75,55_60
2026-07-29T04:53:11Z,2026-07-19,2026-07-26,team_runs_5plus_no,2026-07-24,ATL@BAL,824812,ATL,BAL,BAL,team_total,team totals,5.0,NO,KXMLBTEAMTOTAL-26JUL241905ATLBAL-BAL5,46-55c,54.0,4.03,0.6,1045,True,LOSE,-54.0,0.0,0.5546,borderline_non_candidate,0.00-0.10,6.0,underdog,below_avg_8_13,very_bad_5_25_plus,50_55
2026-07-29T04:53:11Z,2026-07-19,2026-07-26,team_runs_5plus_no,2026-07-25,SEA@TEX,822869,SEA,TEX,TEX,team_total,team totals,5.0,NO,KXMLBTEAMTOTAL-26JUL251915SEATEX-TEX5,66-80c,67.0,5.17,1.0,1057,True,LOSE,-67.0,0.0,0.5546,borderline_non_candidate,0.00-0.10,7.0,underdog,solid_13_18,good_3_75_4_25,50_55
2026-07-29T04:53:11Z,2026-07-19,2026-07-26,team_runs_5plus_no,2026-07-25,SEA@TEX,822869,SEA,TEX,SEA,team_total,team totals,5.0,NO,KXMLBTEAMTOTAL-26JUL251915SEATEX-SEA5,56-65c,63.0,4.41,1.0,1057,True,WIN,37.0,0.0128,0.5546,borderline_non_candidate,0.00-0.10,1.0,favorite,solid_13_18,excellent_lt_3_75,45_50
2026-07-29T04:53:11Z,2026-07-19,2026-07-26,team_runs_5plus_no,2026-07-25,CLE@TB,822948,CLE,TB,CLE,team_total,team totals,5.0,NO,KXMLBTEAMTOTAL-26JUL251810CLETB-CLE5,56-65c,62.0,5.6,1.9,1036,True,WIN,38.0,0.0,0.5546,borderline_non_candidate,0.00-0.10,0.0,underdog,weak_lt_8,very_bad_5_25_plus,45_50
2026-07-29T04:53:11Z,2026-07-19,2026-07-26,team_runs_5plus_no,2026-07-25,CLE@TB,822948,CLE,TB,TB,team_total,team totals,5.0,NO,KXMLBTEAMTOTAL-26JUL251810CLETB-TB5,56-65c,61.0,6.2,1.9,1036,True,WIN,39.0,0.0,0.5546,borderline_non_candidate,0.00-0.10,3.0,favorite,below_avg_8_13,very_bad_5_25_plus,45_50
2026-07-29T04:53:11Z,2026-07-19,2026-07-26,team_runs_5plus_no,2026-07-25,CIN@STL,823027,CIN,STL,STL,team_total,team totals,5.0,NO,KXMLBTEAMTOTAL-26JUL251915CINSTL-STL5,56-65c,61.0,4.07,1.0,1057,True,LOSE,-61.0,0.1526,0.5913,borderline_non_candidate,0.10-0.20,7.0,favorite,elite_23_plus,excellent_lt_3_75,40_45
2026-07-29T04:53:11Z,2026-07-19,2026-07-26,team_runs_5plus_no,2026-07-25,CIN@STL,823027,CIN,STL,CIN,team_total,team totals,5.0,NO,KXMLBTEAMTOTAL-26JUL251915CINSTL-CIN5,56-65c,60.0,4.24,1.0,1057,True,WIN,40.0,0.0,0.5546,borderline_non_candidate,0.00-0.10,0.0,underdog,weak_lt_8,bad_4_75_5_25,45_50
2026-07-29T04:53:11Z,2026-07-19,2026-07-26,team_runs_5plus_no,2026-07-25,LAA@SF,823197,LAA,SF,LAA,team_total,team totals,5.0,NO,KXMLBTEAMTOTAL-26JUL251605LAASF-LAA5,56-65c,56.0,5.32,0.4,958,True,WIN,44.0,0.0,0.5546,borderline_non_candidate,0.00-0.10,2.0,underdog,weak_lt_8,very_bad_5_25_plus,lt_40
2026-07-29T04:53:11Z,2026-07-19,2026-07-26,team_runs_5plus_no,2026-07-25,LAA@SF,823197,LAA,SF,SF,team_total,team totals,5.0,NO,KXMLBTEAMTOTAL-26JUL251605LAASF-SF5,46-55c,50.0,6.0,0.4,958,True,LOSE,-50.0,0.0,0.5546,borderline_non_candidate,0.00-0.10,9.0,favorite,weak_lt_8,very_bad_5_25_plus,45_50
2026-07-29T04:53:11Z,2026-07-19,2026-07-26,team_runs_5plus_no,2026-07-25,CHC@PIT,823355,CHC,PIT,CHC,team_total,team totals,5.0,NO,KXMLBTEAMTOTAL-26JUL251840CHCPIT-CHC5,56-65c,63.0,4.88,0.9,1050,True,LOSE,-63.0,0.0,0.5546,borderline_non_candidate,0.00-0.10,11.0,favorite,solid_13_18,good_3_75_4_25,50_55
2026-07-29T04:53:11Z,2026-07-19,2026-07-26,team_runs_5plus_no,2026-07-25,CHC@PIT,823355,CHC,PIT,PIT,team_total,team totals,5.0,NO,KXMLBTEAMTOTAL-26JUL251840CHCPIT-PIT5,56-65c,61.0,4.69,0.9,1050,True,WIN,39.0,0.0489,0.5546,borderline_non_candidate,0.00-0.10,0.0,underdog,solid_13_18,excellent_lt_3_75,55_60
2026-07-29T04:53:11Z,2026-07-19,2026-07-26,team_runs_5plus_no,2026-07-25,NYY@PHI,823435,NYY,PHI,NYY,team_total,team totals,5.0,NO,KXMLBTEAMTOTAL-26JUL251805NYYPHI-NYY5,46-55c,52.0,2.63,1.2,954,True,WIN,48.0,0.1498,0.5913,borderline_non_candidate,0.10-0.20,3.0,favorite,strong_18_23,good_3_75_4_25,45_50
2026-07-29T04:53:11Z,2026-07-19,2026-07-26,team_runs_5plus_no,2026-07-25,NYY@PHI,823435,NYY,PHI,PHI,team_total,team totals,5.0,NO,KXMLBTEAMTOTAL-26JUL251805NYYPHI-PHI5,56-65c,58.0,2.07,1.2,954,True,WIN,42.0,0.0432,0.5546,borderline_non_candidate,0.00-0.10,1.0,underdog,solid_13_18,good_3_75_4_25,40_45
2026-07-29T04:53:11Z,2026-07-19,2026-07-26,team_runs_5plus_no,2026-07-25,LAD@NYM,823600,LAD,NYM,NYM,team_total,team totals,5.0,NO,KXMLBTEAMTOTAL-26JUL251915LADNYM-NYM5,66-80c,74.0,4.03,1.0,1057,True,WIN,26.0,0.1712,0.5913,borderline_non_candidate,0.10-0.20,3.0,underdog,solid_13_18,good_3_75_4_25,40_45
2026-07-29T04:53:11Z,2026-07-19,2026-07-26,team_runs_5plus_no,2026-07-25,LAD@NYM,823600,LAD,NYM,LAD,team_total,team totals,5.0,NO,KXMLBTEAMTOTAL-26JUL251915LADNYM-LAD5,56-65c,56.0,4.71,1.0,1057,True,WIN,44.0,0.0,0.5546,borderline_non_candidate,0.00-0.10,4.0,favorite,below_avg_8_13,bad_4_75_5_25,45_50
2026-07-29T04:53:11Z,2026-07-19,2026-07-26,team_runs_5plus_no,2026-07-25,ATH@MIN,823679,ATH,MIN,MIN,team_total,team totals,5.0,NO,KXMLBTEAMTOTAL-26JUL251910ATHMIN-MIN5,36-45c,43.0,2.37,1.9,984,True,WIN,57.0,0.0,0.5546,borderline_non_candidate,0.00-0.10,2.0,favorite,weak_lt_8,very_bad_5_25_plus,45_50
2026-07-29T04:53:11Z,2026-07-19,2026-07-26,team_runs_5plus_no,2026-07-25,ATH@MIN,823679,ATH,MIN,ATH,team_total,team totals,5.0,NO,KXMLBTEAMTOTAL-26JUL251910ATHMIN-ATH5,46-55c,51.0,3.33,1.9,984,True,WIN,49.0,0.0,0.5546,borderline_non_candidate,0.00-0.10,0.0,underdog,weak_lt_8,very_bad_5_25_plus,45_50
2026-07-29T04:53:11Z,2026-07-19,2026-07-26,team_runs_5plus_no,2026-07-25,COL@MIL,823758,COL,MIL,MIL,team_total,team totals,5.0,NO,KXMLBTEAMTOTAL-26JUL251910COLMIL-MIL5,36-45c,42.0,4.49,1.9,1054,True,LOSE,-42.0,0.0,0.5546,borderline_non_candidate,0.00-0.10,8.0,favorite,weak_lt_8,very_bad_5_25_plus,50_55
2026-07-29T04:53:11Z,2026-07-19,2026-07-26,team_runs_5plus_no,2026-07-25,COL@MIL,823758,COL,MIL,COL,team_total,team totals,5.0,NO,KXMLBTEAMTOTAL-26JUL251910COLMIL-COL5,66-80c,66.0,3.94,1.9,1054,True,LOSE,-66.0,0.1286,0.5913,borderline_non_candidate,0.10-0.20,5.0,underdog,below_avg_8_13,avg_4_25_4_75,45_50
2026-07-29T04:53:11Z,2026-07-19,2026-07-26,team_runs_5plus_no,2026-07-25,SD@MIA,823841,SD,MIA,SD,team_total,team totals,5.0,NO,KXMLBTEAMTOTAL-26JUL251610SDMIA-SD5,56-65c,65.0,5.03,0.2,972,True,LOSE,-65.0,0.0,0.5546,borderline_non_candidate,0.00-0.10,7.0,underdog,strong_18_23,good_3_75_4_25,60_plus
2026-07-29T04:53:11Z,2026-07-19,2026-07-26,team_runs_5plus_no,2026-07-25,SD@MIA,823841,SD,MIA,MIA,team_total,team totals,5.0,NO,KXMLBTEAMTOTAL-26JUL251610SDMIA-MIA5,56-65c,56.0,5.64,0.2,972,True,WIN,44.0,0.0396,0.5546,borderline_non_candidate,0.00-0.10,2.0,favorite,weak_lt_8,very_bad_5_25_plus,40_45
2026-07-29T04:53:11Z,2026-07-19,2026-07-26,team_runs_5plus_no,2026-07-25,KC@DET,824244,KC,DET,KC,team_total,team totals,5.0,NO,KXMLBTEAMTOTAL-26JUL251310KCDET-KC5,66-80c,66.0,5.78,0.4,837,True,WIN,34.0,0.1071,0.5913,borderline_non_candidate,0.10-0.20,3.0,underdog,solid_13_18,avg_4_25_4_75,40_45
2026-07-29T04:53:11Z,2026-07-19,2026-07-26,team_runs_5plus_no,2026-07-25,KC@DET,824244,KC,DET,DET,team_total,team totals,5.0,NO,KXMLBTEAMTOTAL-26JUL251310KCDET-DET5,56-65c,56.0,5.46,0.4,837,True,WIN,44.0,0.0,0.5546,borderline_non_candidate,0.00-0.10,2.0,favorite,below_avg_8_13,bad_4_75_5_25,45_50
2026-07-29T04:53:11Z,2026-07-19,2026-07-26,team_runs_5plus_no,2026-07-25,HOU@CWS,824571,HOU,CWS,CWS,team_total,team totals,5.0,NO,KXMLBTEAMTOTAL-26JUL251910HOUCWS-CWS5,56-65c,57.0,5.14,1.9,1064,True,WIN,43.0,0.0,0.5546,borderline_non_candidate,0.00-0.10,1.0,favorite,weak_lt_8,very_bad_5_25_plus,55_60
2026-07-29T04:53:11Z,2026-07-19,2026-07-26,team_runs_5plus_no,2026-07-25,HOU@CWS,824571,HOU,CWS,HOU,team_total,team totals,5.0,NO,KXMLBTEAMTOTAL-26JUL251910HOUCWS-HOU5,56-65c,59.0,4.85,1.9,1064,True,WIN,41.0,0.0991,0.5546,borderline_non_candidate,0.00-0.10,4.0,underdog,strong_18_23,good_3_75_4_25,45_50
2026-07-29T04:53:11Z,2026-07-19,2026-07-26,team_runs_5plus_no,2026-07-25,TOR@BOS,824734,TOR,BOS,BOS,team_total,team totals,5.0,NO,KXMLBTEAMTOTAL-26JUL251610TORBOS-BOS5,56-65c,65.0,5.35,0.2,972,True,WIN,35.0,0.0,0.5546,borderline_non_candidate,0.00-0.10,0.0,favorite,elite_23_plus,excellent_lt_3_75,55_60
2026-07-29T04:53:11Z,2026-07-19,2026-07-26,team_runs_5plus_no,2026-07-25,TOR@BOS,824734,TOR,BOS,TOR,team_total,team totals,5.0,NO,KXMLBTEAMTOTAL-26JUL251610TORBOS-TOR5,56-65c,65.0,4.91,0.2,972,True,LOSE,-65.0,0.1994,0.5913,borderline_non_candidate,0.10-0.20,6.0,underdog,solid_13_18,avg_4_25_4_75,40_45
2026-07-29T04:53:11Z,2026-07-19,2026-07-26,team_runs_5plus_no,2026-07-25,ATL@BAL,824811,ATL,BAL,BAL,team_total,team totals,5.0,NO,KXMLBTEAMTOTAL-26JUL251905ATLBAL-BAL5,46-55c,55.0,5.46,0.8,1062,True,WIN,45.0,0.0,0.5546,borderline_non_candidate,0.00-0.10,3.0,underdog,weak_lt_8,bad_4_75_5_25,50_55
2026-07-29T04:53:11Z,2026-07-19,2026-07-26,team_runs_5plus_no,2026-07-25,ATL@BAL,824811,ATL,BAL,ATL,team_total,team totals,5.0,NO,KXMLBTEAMTOTAL-26JUL251905ATLBAL-ATL5,46-55c,53.0,5.39,0.8,1062,True,WIN,47.0,0.0,0.5546,borderline_non_candidate,0.00-0.10,2.0,favorite,solid_13_18,avg_4_25_4_75,55_60
2026-07-29T04:53:11Z,2026-07-19,2026-07-26,team_runs_5plus_no,2026-07-26,SEA@TEX,822870,SEA,TEX,TEX,team_total,team totals,5.0,NO,KXMLBTEAMTOTAL-26JUL261435SEATEX-TEX5,66-80c,66.0,2.56,1.0,927,True,WIN,34.0,0.052,0.5546,borderline_non_candidate,0.00-0.10,4.0,underdog,solid_13_18,good_3_75_4_25,50_55
2026-07-29T04:53:11Z,2026-07-19,2026-07-26,team_runs_5plus_no,2026-07-26,SEA@TEX,822870,SEA,TEX,SEA,team_total,team totals,5.0,NO,KXMLBTEAMTOTAL-26JUL261435SEATEX-SEA5,56-65c,64.0,2.41,1.0,927,True,LOSE,-64.0,0.0599,0.5546,borderline_non_candidate,0.00-0.10,6.0,favorite,strong_18_23,excellent_lt_3_75,45_50
2026-07-29T04:53:11Z,2026-07-19,2026-07-26,team_runs_5plus_no,2026-07-26,CLE@TB,822950,CLE,TB,TB,team_total,team totals,5.0,NO,KXMLBTEAMTOTAL-26JUL261215CLETB-TB5,66-80c,69.0,3.47,0.5,834,True,WIN,31.0,0.0,0.5546,borderline_non_candidate,0.00-0.10,1.0,favorite,weak_lt_8,bad_4_75_5_25,50_55
2026-07-29T04:53:11Z,2026-07-19,2026-07-26,team_runs_5plus_no,2026-07-26,CLE@TB,822950,CLE,TB,CLE,team_total,team totals,5.0,NO,KXMLBTEAMTOTAL-26JUL261215CLETB-CLE5,66-80c,70.0,3.15,0.5,834,True,WIN,30.0,0.0432,0.5546,borderline_non_candidate,0.00-0.10,0.0,underdog,solid_13_18,good_3_75_4_25,45_50
2026-07-29T04:53:11Z,2026-07-19,2026-07-26,team_runs_5plus_no,2026-07-26,CIN@STL,823028,CIN,STL,CIN,team_total,team totals,5.0,NO,KXMLBTEAMTOTAL-26JUL261415CINSTL-CIN5,56-65c,58.0,2.9,0.7,915,True,LOSE,-58.0,0.0432,0.5546,borderline_non_candidate,0.00-0.10,5.0,underdog,below_avg_8_13,avg_4_25_4_75,45_50
2026-07-29T04:53:11Z,2026-07-19,2026-07-26,team_runs_5plus_no,2026-07-26,CIN@STL,823028,CIN,STL,STL,team_total,team totals,5.0,NO,KXMLBTEAMTOTAL-26JUL261415CINSTL-STL5,46-55c,55.0,3.29,0.7,915,True,WIN,45.0,0.0,0.5546,borderline_non_candidate,0.00-0.10,3.0,favorite,below_avg_8_13,bad_4_75_5_25,40_45
2026-07-29T04:53:11Z,2026-07-19,2026-07-26,team_runs_5plus_no,2026-07-26,LAA@SF,823194,LAA,SF,SF,team_total,team totals,5.0,NO,KXMLBTEAMTOTAL-26JUL261605LAASF-SF5,56-65c,62.0,2.44,0.3,976,True,WIN,38.0,0.0,0.5546,borderline_non_candidate,0.00-0.10,3.0,favorite,weak_lt_8,avg_4_25_4_75,45_50
2026-07-29T04:53:11Z,2026-07-19,2026-07-26,team_runs_5plus_no,2026-07-26,LAA@SF,823194,LAA,SF,LAA,team_total,team totals,5.0,NO,KXMLBTEAMTOTAL-26JUL261605LAASF-LAA5,46-55c,55.0,2.68,0.3,976,True,WIN,45.0,0.0939,0.5546,borderline_non_candidate,0.00-0.10,4.0,underdog,weak_lt_8,very_bad_5_25_plus,lt_40
2026-07-29T04:53:11Z,2026-07-19,2026-07-26,team_runs_5plus_no,2026-07-26,CHC@PIT,823354,CHC,PIT,PIT,team_total,team totals,5.0,NO,KXMLBTEAMTOTAL-26JUL261335CHCPIT-PIT5,46-55c,52.0,2.75,0.9,895,True,LOSE,-52.0,0.0,0.5546,borderline_non_candidate,0.00-0.10,8.0,underdog,below_avg_8_13,very_bad_5_25_plus,50_55
2026-07-29T04:53:11Z,2026-07-19,2026-07-26,team_runs_5plus_no,2026-07-26,CHC@PIT,823354,CHC,PIT,CHC,team_total,team totals,5.0,NO,KXMLBTEAMTOTAL-26JUL261335CHCPIT-CHC5,56-65c,57.0,2.92,0.9,895,True,LOSE,-57.0,0.0,0.5546,borderline_non_candidate,0.00-0.10,7.0,favorite,strong_18_23,good_3_75_4_25,50_55
2026-07-29T04:53:11Z,2026-07-19,2026-07-26,team_runs_5plus_no,2026-07-26,NYY@PHI,823433,NYY,PHI,NYY,team_total,team totals,5.0,NO,KXMLBTEAMTOTAL-26JUL261920NYYPHI-NYY5,66-80c,70.0,4.47,1.1,1150,True,WIN,30.0,0.2032,0.6292,borderline_non_candidate,0.20-0.30,4.0,favorite,solid_13_18,excellent_lt_3_75,40_45
2026-07-29T04:53:11Z,2026-07-19,2026-07-26,team_runs_5plus_no,2026-07-26,NYY@PHI,823433,NYY,PHI,PHI,team_total,team totals,5.0,NO,KXMLBTEAMTOTAL-26JUL261920NYYPHI-PHI5,46-55c,51.0,4.46,1.1,1150,True,LOSE,-51.0,0.0,0.5546,borderline_non_candidate,0.00-0.10,11.0,underdog,weak_lt_8,very_bad_5_25_plus,40_45
2026-07-29T04:53:11Z,2026-07-19,2026-07-26,team_runs_5plus_no,2026-07-26,LAD@NYM,823599,LAD,NYM,NYM,team_total,team totals,5.0,NO,KXMLBTEAMTOTAL-26JUL261340LADNYM-NYM5,56-65c,63.0,2.58,0.7,899,True,LOSE,-63.0,0.227,0.6292,borderline_non_candidate,0.20-0.30,8.0,underdog,solid_13_18,bad_4_75_5_25,lt_40
2026-07-29T04:53:11Z,2026-07-19,2026-07-26,team_runs_5plus_no,2026-07-26,LAD@NYM,823599,LAD,NYM,LAD,team_total,team totals,5.0,NO,KXMLBTEAMTOTAL-26JUL261340LADNYM-LAD5,46-55c,50.0,2.41,0.7,899,True,WIN,50.0,0.0,0.5546,borderline_non_candidate,0.00-0.10,3.0,favorite,weak_lt_8,very_bad_5_25_plus,45_50
2026-07-29T04:53:11Z,2026-07-19,2026-07-26,team_runs_5plus_no,2026-07-26,ATH@MIN,823678,ATH,MIN,ATH,team_total,team totals,5.0,NO,KXMLBTEAMTOTAL-26JUL261410ATHMIN-ATH5,46-55c,53.0,2.56,0.9,741,True,LOSE,-53.0,0.0,0.5546,borderline_non_candidate,0.00-0.10,8.0,underdog,solid_13_18,good_3_75_4_25,45_50
2026-07-29T04:53:11Z,2026-07-19,2026-07-26,team_runs_5plus_no,2026-07-26,ATH@MIN,823678,ATH,MIN,MIN,team_total,team totals,5.0,NO,KXMLBTEAMTOTAL-26JUL261410ATHMIN-MIN5,36-45c,43.0,1.46,0.9,741,True,LOSE,-43.0,0.0,0.5546,borderline_non_candidate,0.00-0.10,11.0,favorite,weak_lt_8,very_bad_5_25_plus,40_45
2026-07-29T04:53:11Z,2026-07-19,2026-07-26,team_runs_5plus_no,2026-07-26,COL@MIL,823755,COL,MIL,COL,team_total,team totals,5.0,NO,KXMLBTEAMTOTAL-26JUL261410COLMIL-COL5,66-80c,79.0,3.37,0.9,921,True,WIN,21.0,0.2606,0.6292,borderline_non_candidate,0.20-0.30,2.0,underdog,elite_23_plus,excellent_lt_3_75,45_50
2026-07-29T04:53:11Z,2026-07-19,2026-07-26,team_runs_5plus_no,2026-07-26,COL@MIL,823755,COL,MIL,MIL,team_total,team totals,5.0,NO,KXMLBTEAMTOTAL-26JUL261410COLMIL-MIL5,36-45c,43.0,2.48,0.9,921,True,LOSE,-43.0,0.0,0.5546,borderline_non_candidate,0.00-0.10,11.0,favorite,solid_13_18,bad_4_75_5_25,45_50
2026-07-29T04:53:11Z,2026-07-19,2026-07-26,team_runs_5plus_no,2026-07-26,SD@MIA,823840,SD,MIA,MIA,team_total,team totals,5.0,NO,KXMLBTEAMTOTAL-26JUL261340SDMIA-MIA5,56-65c,56.0,3.31,0.7,899,True,WIN,44.0,0.0939,0.5546,borderline_non_candidate,0.00-0.10,3.0,favorite,weak_lt_8,very_bad_5_25_plus,lt_40
2026-07-29T04:53:11Z,2026-07-19,2026-07-26,team_runs_5plus_no,2026-07-26,SD@MIA,823840,SD,MIA,SD,team_total,team totals,5.0,NO,KXMLBTEAMTOTAL-26JUL261340SDMIA-SD5,56-65c,57.0,3.01,0.7,899,True,LOSE,-57.0,0.0,0.5546,borderline_non_candidate,0.00-0.10,5.0,underdog,below_avg_8_13,avg_4_25_4_75,60_plus
2026-07-29T04:53:11Z,2026-07-19,2026-07-26,team_runs_5plus_no,2026-07-26,KC@DET,824246,KC,DET,KC,team_total,team totals,5.0,NO,KXMLBTEAMTOTAL-26JUL261340KCDET-KC5,56-65c,63.0,1.42,0.7,719,True,LOSE,-63.0,0.0114,0.5546,borderline_non_candidate,0.00-0.10,5.0,underdog,weak_lt_8,avg_4_25_4_75,40_45
2026-07-29T04:53:11Z,2026-07-19,2026-07-26,team_runs_5plus_no,2026-07-26,KC@DET,824246,KC,DET,DET,team_total,team totals,5.0,NO,KXMLBTEAMTOTAL-26JUL261340KCDET-DET5,46-55c,47.0,1.79,0.7,719,True,WIN,53.0,0.0,0.5546,borderline_non_candidate,0.00-0.10,4.0,favorite,weak_lt_8,very_bad_5_25_plus,40_45
2026-07-29T04:53:11Z,2026-07-19,2026-07-26,team_runs_5plus_no,2026-07-26,HOU@CWS,824572,HOU,CWS,HOU,team_total,team totals,5.0,NO,KXMLBTEAMTOTAL-26JUL261410HOUCWS-HOU5,46-55c,51.0,3.26,0.9,921,True,WIN,49.0,0.0,0.5546,borderline_non_candidate,0.00-0.10,3.0,underdog,weak_lt_8,very_bad_5_25_plus,50_55
2026-07-29T04:53:11Z,2026-07-19,2026-07-26,team_runs_5plus_no,2026-07-26,HOU@CWS,824572,HOU,CWS,CWS,team_total,team totals,5.0,NO,KXMLBTEAMTOTAL-26JUL261410HOUCWS-CWS5,46-55c,54.0,3.12,0.9,921,True,LOSE,-54.0,0.0,0.5546,borderline_non_candidate,0.00-0.10,12.0,favorite,solid_13_18,bad_4_75_5_25,55_60
2026-07-29T04:53:11Z,2026-07-19,2026-07-26,team_runs_5plus_no,2026-07-26,TOR@BOS,824730,TOR,BOS,TOR,team_total,team totals,5.0,NO,KXMLBTEAMTOTAL-26JUL261335TORBOS-TOR5,56-65c,64.0,2.45,0.9,855,True,WIN,36.0,0.2021,0.6292,borderline_non_candidate,0.20-0.30,1.0,underdog,solid_13_18,good_3_75_4_25,lt_40
2026-07-29T04:53:11Z,2026-07-19,2026-07-26,team_runs_5plus_no,2026-07-26,TOR@BOS,824730,TOR,BOS,BOS,team_total,team totals,5.0,NO,KXMLBTEAMTOTAL-26JUL261335TORBOS-BOS5,56-65c,59.0,2.09,0.9,855,True,LOSE,-59.0,0.0,0.5546,borderline_non_candidate,0.00-0.10,6.0,favorite,below_avg_8_13,avg_4_25_4_75,55_60
2026-07-29T04:53:11Z,2026-07-19,2026-07-26,team_runs_5plus_no,2026-07-26,ATL@BAL,824810,ATL,BAL,ATL,team_total,team totals,5.0,NO,KXMLBTEAMTOTAL-26JUL261335ATLBAL-ATL5,46-55c,53.0,2.71,0.9,895,True,WIN,47.0,0.0,0.5546,borderline_non_candidate,0.00-0.10,3.0,favorite,below_avg_8_13,bad_4_75_5_25,55_60
2026-07-29T04:53:11Z,2026-07-19,2026-07-26,team_runs_5plus_no,2026-07-26,ATL@BAL,824810,ATL,BAL,BAL,team_total,team totals,5.0,NO,KXMLBTEAMTOTAL-26JUL261335ATLBAL-BAL5,56-65c,57.0,2.94,0.9,895,True,WIN,43.0,0.0,0.5546,borderline_non_candidate,0.00-0.10,2.0,underdog,below_avg_8_13,avg_4_25_4_75,50_55
